# Blender 5.0.0
# www.blender.org
mtllib Enemy.mtl
o Cube
o Cube.001
v -0.000000 6.141011 0.437899
v 0.000000 7.129979 0.275556
v -0.000000 6.147561 -0.643449
v 0.000000 7.156035 -0.511680
v 0.618068 6.186219 0.188263
v 0.879915 7.010894 0.077575
v 0.620062 6.187572 -0.351967
v 0.815859 6.964055 -0.333866
v -0.000000 4.475416 0.386560
v 0.000000 4.360959 -0.496617
v 0.778737 4.717082 0.214905
v 0.779927 4.674184 -0.311944
v 0.507029 2.724341 0.290038
v 0.514191 2.705515 -0.132206
v 0.929307 2.766684 0.245955
v 0.928504 2.757133 -0.093304
v 0.657925 0.284239 -0.241715
v 0.569846 0.276632 0.151920
v 0.961402 0.288284 -0.238763
v 1.006478 0.281499 0.140917
v 0.857414 6.431323 0.066618
v -0.000000 6.566138 -0.600943
v 0.000000 6.534076 0.369541
v 0.848249 6.432546 -0.385088
v 1.290828 6.535250 -0.338524
v 1.293660 6.533016 -0.055628
v 1.115583 6.832747 -0.260433
v 1.128373 6.848457 -0.058009
v 1.607993 4.520400 -0.317223
v 1.655377 4.455784 0.065208
v 1.771086 4.497549 -0.309949
v 1.772200 4.443330 0.072145
v 1.580619 4.125573 -0.266381
v 1.596209 4.125969 -0.022409
v 1.680296 4.122775 -0.262960
v 1.699853 4.125457 -0.021266
v 1.586676 5.624131 -0.320732
v 1.302134 5.555168 -0.317820
v 1.310245 5.551099 -0.035444
v 1.589593 5.620660 -0.037291
v 0.687743 0.063476 -0.208728
v 0.600704 0.026099 0.167148
v 0.932769 0.066623 -0.206565
v 0.989428 0.030562 0.150216
v 0.661047 0.140439 0.623254
v 0.954080 0.144390 0.564445
v 0.664038 0.014205 0.622984
v 0.957071 0.018157 0.564176
v 0.945505 0.826101 0.075526
v 0.939478 0.826101 -0.179715
v 0.656725 0.822205 -0.189063
v 0.618557 0.822205 0.080857
v 0.000000 7.457733 0.165755
v 0.000000 7.496099 -0.401267
v 0.308577 7.370317 -0.223879
v 0.321709 7.364694 0.048270
v 0.000000 7.724752 0.190090
v 0.000000 7.952120 -0.392593
v 0.357763 7.924069 -0.227244
v 0.370722 7.882926 0.093720
v -0.000000 5.525374 0.480520
v 0.598688 5.611203 0.283965
v 0.599286 5.583854 -0.281118
v 0.000000 5.453316 -0.619354
v 0.000000 7.681381 0.102130
v 0.000000 8.365676 -0.554786
v 0.397457 8.326062 -0.358413
v 0.452623 8.304936 0.059771
v 0.000000 8.909344 0.067912
v 0.000000 8.842729 -0.469831
v 0.336984 8.728758 -0.352308
v 0.358023 8.738832 0.055994
v 0.000000 8.295678 0.474716
v 0.000000 7.896929 0.425190
v 0.268193 7.997758 0.369440
v 0.302879 8.304453 0.388497
v 0.283345 8.642467 0.359777
v -0.000000 8.707572 0.412365
v -0.000000 7.744164 -0.326668
v 0.247208 7.701537 -0.184761
v 0.247499 7.679945 0.023707
v 1.586321 4.013453 -0.223323
v 1.588688 4.013468 -0.048449
v 1.649725 4.013904 -0.220558
v 1.655909 4.014220 -0.046226
v 1.652658 4.356622 0.009138
v 1.776110 4.346725 0.011877
v 1.601219 4.371688 -0.319646
v 1.750796 4.353499 -0.313936
v 1.669842 4.277735 0.194718
v 1.753644 4.268937 0.201103
v 1.753486 4.244156 0.130702
v 1.674618 4.252183 0.125379
v 1.655612 4.196311 0.218477
v 1.716577 4.189742 0.223375
v 1.728847 4.171377 0.169846
v 1.671618 4.177627 0.165237
v 1.714069 4.803661 -0.270304
v 1.582158 4.781493 -0.027975
v 1.557541 4.801668 -0.274720
v 1.710474 4.789258 -0.022923
v -0.618068 6.186219 0.188263
v -0.879915 7.010894 0.077575
v -0.620062 6.187572 -0.351967
v -0.815859 6.964054 -0.333866
v -0.778737 4.717082 0.214905
v -0.779927 4.674184 -0.311944
v -0.507029 2.724341 0.290038
v -0.514191 2.705516 -0.132206
v -0.929307 2.766684 0.245955
v -0.928504 2.757133 -0.093304
v -0.657925 0.284239 -0.241715
v -0.569846 0.276632 0.151920
v -0.961402 0.288284 -0.238763
v -1.006478 0.281499 0.140917
v -0.857414 6.431323 0.066618
v -0.848249 6.432546 -0.385088
v -1.290828 6.535249 -0.338524
v -1.293660 6.533016 -0.055628
v -1.115583 6.832747 -0.260433
v -1.128373 6.848456 -0.058009
v -1.607993 4.520400 -0.317223
v -1.655377 4.455784 0.065208
v -1.771086 4.497548 -0.309949
v -1.772200 4.443331 0.072145
v -1.580619 4.125573 -0.266380
v -1.596209 4.125969 -0.022409
v -1.680296 4.122774 -0.262960
v -1.699853 4.125457 -0.021266
v -1.586677 5.624131 -0.320732
v -1.302134 5.555168 -0.317820
v -1.310245 5.551099 -0.035444
v -1.589593 5.620661 -0.037291
v -0.687743 0.063476 -0.208728
v -0.600704 0.026099 0.167148
v -0.932769 0.066623 -0.206565
v -0.989428 0.030562 0.150216
v -0.661047 0.140439 0.623254
v -0.954080 0.144390 0.564445
v -0.664038 0.014205 0.622984
v -0.957071 0.018157 0.564176
v -0.945505 0.826101 0.075526
v -0.939478 0.826101 -0.179715
v -0.656725 0.822205 -0.189063
v -0.618557 0.822205 0.080857
v -0.308577 7.370317 -0.223879
v -0.321708 7.364693 0.048270
v -0.357763 7.924069 -0.227244
v -0.370722 7.882926 0.093720
v -0.598688 5.611203 0.283965
v -0.599286 5.583854 -0.281118
v -0.397457 8.326062 -0.358413
v -0.452623 8.304935 0.059771
v -0.336984 8.728757 -0.352308
v -0.358023 8.738832 0.055994
v -0.268193 7.997758 0.369440
v -0.302879 8.304452 0.388497
v -0.283345 8.642467 0.359777
v -0.247208 7.701538 -0.184761
v -0.247499 7.679944 0.023707
v -1.586321 4.013453 -0.223323
v -1.588688 4.013468 -0.048449
v -1.649725 4.013903 -0.220558
v -1.655909 4.014220 -0.046226
v -1.652658 4.356622 0.009138
v -1.776110 4.346725 0.011877
v -1.601219 4.371689 -0.319646
v -1.750796 4.353498 -0.313936
v -1.669842 4.277735 0.194718
v -1.753644 4.268938 0.201103
v -1.753486 4.244156 0.130702
v -1.674618 4.252183 0.125379
v -1.655612 4.196311 0.218477
v -1.716577 4.189742 0.223375
v -1.728847 4.171377 0.169846
v -1.671618 4.177627 0.165237
v -1.714069 4.803661 -0.270304
v -1.582158 4.781494 -0.027975
v -1.557541 4.801668 -0.274720
v -1.710474 4.789258 -0.022923
v 0.878062 6.331427 -0.271064
v 0.886585 6.307455 -0.159750
v 0.880624 6.329723 -0.048610
v 0.000000 7.393919 0.192108
v 0.000000 7.324575 0.219846
v 0.000000 7.239871 0.247989
v 0.000000 7.016150 -0.536789
v 0.000000 6.860440 -0.560061
v -0.000000 6.705053 -0.581458
v 0.506000 6.175662 -0.468864
v 0.356835 6.162537 -0.561132
v 0.184268 6.151927 -0.621689
v 0.210072 7.135597 -0.498406
v 0.416420 7.085640 -0.462480
v 0.615730 7.023233 -0.408977
v 0.000000 6.243311 0.421896
v -0.000000 6.332094 0.405554
v -0.000000 6.423602 0.388295
v 0.688118 6.194641 0.062168
v 0.711925 6.197547 -0.076621
v 0.689302 6.195127 -0.218026
v 0.886202 6.992826 -0.225637
v 0.917770 7.011773 -0.123368
v 0.922536 7.021833 -0.023529
v 0.884847 6.897278 0.115787
v 0.868221 6.769374 0.124750
v 0.852986 6.620942 0.113880
v 0.183302 6.145966 0.420716
v 0.355090 6.157992 0.371275
v 0.503850 6.172830 0.292737
v 0.679053 7.053660 0.161358
v 0.464430 7.090818 0.221009
v 0.235727 7.118838 0.260883
v -0.000000 4.124467 -0.255859
v -0.000000 4.091075 -0.023791
v 0.000000 4.184452 0.194671
v 0.649980 4.617380 -0.416465
v 0.477572 4.549728 -0.491070
v 0.270726 4.477030 -0.527743
v 0.858015 4.733222 0.091024
v 0.884713 4.732049 -0.046331
v 0.858721 4.712667 -0.184780
v 0.270130 4.588385 0.412866
v 0.476525 4.641956 0.382253
v 0.648696 4.685213 0.314125
v -0.000000 5.347819 0.475924
v -0.000000 5.143758 0.464207
v -0.000000 4.882612 0.444406
v 0.585537 5.771405 0.277388
v 0.587346 5.925611 0.255209
v 0.599671 6.066366 0.223483
v 0.630111 5.412223 -0.294234
v 0.674569 5.218986 -0.313921
v 0.726546 4.980764 -0.324913
v 0.000000 5.647380 -0.622706
v 0.000000 5.833660 -0.630615
v 0.000000 6.003327 -0.638918
v 0.454025 2.702848 -0.039095
v 0.432179 2.706119 0.079401
v 0.449549 2.713795 0.197655
v 0.834803 2.743769 -0.152744
v 0.721943 2.728664 -0.184146
v 0.608786 2.714889 -0.179853
v 0.988228 2.770800 0.165810
v 1.007336 2.770717 0.075840
v 0.987229 2.766229 -0.013887
v 0.601974 2.736255 0.336511
v 0.717572 2.748173 0.339387
v 0.833468 2.758759 0.306568
v 0.212151 4.134647 0.339349
v 0.340155 3.723002 0.321495
v 0.435961 3.245849 0.310827
v 0.905499 3.322883 0.250436
v 0.871107 3.848036 0.238059
v 0.828172 4.320112 0.221867
v 0.829273 4.283063 -0.265658
v 0.871854 3.819991 -0.200331
v 0.905616 3.304753 -0.136151
v 0.439130 3.209594 -0.186234
v 0.341295 3.663579 -0.271456
v 0.212503 4.048037 -0.376928
v 0.599390 0.283587 -0.175125
v 0.560948 0.282812 -0.086451
v 0.546611 0.281240 0.019847
v 0.893695 0.287367 -0.280179
v 0.814143 0.286261 -0.294565
v 0.732351 0.285155 -0.281788
v 1.037443 0.286864 0.017853
v 1.034962 0.288510 -0.084091
v 1.009170 0.288786 -0.171541
v 0.670633 0.301459 0.199080
v 0.785724 0.308821 0.208568
v 0.901798 0.304011 0.192046
v 0.949721 0.579724 0.053100
v 0.959708 0.433185 0.053530
v 0.976895 0.348855 0.078695
v 0.940596 1.196959 -0.143065
v 0.942098 1.667331 -0.107450
v 0.939546 2.199846 -0.086364
v 0.663892 0.575904 -0.212515
v 0.664560 0.428990 -0.227680
v 0.661610 0.344192 -0.236700
v 0.610206 1.192315 0.129345
v 0.590918 1.659258 0.188949
v 0.557567 2.183208 0.246802
v 0.000000 6.674129 0.348831
v -0.000000 6.831833 0.326178
v 0.000000 6.989635 0.301710
v -0.000000 6.454365 -0.618236
v 0.000000 6.358489 -0.632082
v -0.000000 6.261795 -0.640985
v 0.730218 6.404028 -0.378472
v 0.675157 6.356172 -0.374145
v 0.642281 6.285145 -0.366448
v 0.732731 6.397250 0.094691
v 0.674641 6.348641 0.123406
v 0.640511 6.279619 0.154585
v 0.213036 6.561123 -0.583798
v 0.422040 6.545121 -0.537925
v 0.624961 6.514202 -0.471361
v 0.637133 6.505638 0.190817
v 0.432543 6.526275 0.283373
v 0.219012 6.533064 0.346253
v 0.823233 6.854543 -0.392601
v 0.821120 6.740404 -0.418157
v 0.824547 6.608158 -0.421592
v 1.330166 6.550488 -0.277324
v 1.343352 6.554667 -0.201801
v 1.330983 6.548579 -0.123916
v 1.118343 6.843715 -0.217380
v 1.121693 6.851994 -0.156801
v 1.125790 6.853080 -0.097885
v 1.147481 6.819684 -0.051254
v 1.181217 6.762214 -0.049507
v 1.230248 6.669849 -0.052649
v 1.137417 6.806834 -0.283276
v 1.174936 6.754676 -0.307644
v 1.226390 6.667882 -0.326535
v 1.027460 6.456150 0.047763
v 1.143814 6.482279 0.026654
v 1.231638 6.509474 -0.006104
v 1.111235 6.865180 -0.033973
v 1.077206 6.892769 -0.004346
v 1.014524 6.935425 0.029491
v 0.964268 6.891527 -0.306998
v 1.043347 6.858892 -0.289185
v 1.090479 6.841759 -0.273685
v 1.224976 6.509564 -0.376344
v 1.133204 6.479654 -0.393324
v 1.015031 6.452813 -0.394857
v 1.597517 4.515488 -0.240811
v 1.605417 4.504159 -0.144293
v 1.625747 4.485855 -0.039941
v 1.791457 4.489380 -0.231865
v 1.795868 4.479990 -0.135031
v 1.788669 4.466747 -0.031366
v 1.685444 4.453630 0.111205
v 1.714068 4.451010 0.124594
v 1.742661 4.447854 0.114899
v 1.732884 4.506143 -0.359128
v 1.685472 4.514034 -0.377023
v 1.640094 4.519395 -0.363200
v 1.732445 4.684458 -0.273904
v 1.748996 4.599648 -0.284254
v 1.762338 4.540317 -0.297541
v 1.214348 5.785831 -0.326099
v 1.118210 6.013796 -0.333502
v 1.009417 6.227891 -0.346090
v 1.616141 4.666226 -0.013826
v 1.637158 4.581172 0.006457
v 1.648958 4.516081 0.032177
v 1.524747 5.873670 -0.042387
v 1.448436 6.120883 -0.048759
v 1.368720 6.346075 -0.053982
v 1.569995 4.125977 -0.211507
v 1.569353 4.126082 -0.144823
v 1.578242 4.126032 -0.077925
v 1.698883 4.123069 -0.207800
v 1.709136 4.123806 -0.141685
v 1.709858 4.124698 -0.075783
v 1.622023 4.125990 0.012078
v 1.651327 4.126003 0.023694
v 1.678982 4.125871 0.012544
v 1.655102 4.123112 -0.297803
v 1.627162 4.123886 -0.310201
v 1.600870 4.124803 -0.299834
v 1.639778 4.308330 -0.014224
v 1.624573 4.247900 -0.022226
v 1.609248 4.184258 -0.023695
v 1.791877 4.372457 0.017098
v 1.795024 4.391322 0.031349
v 1.789415 4.411848 0.050587
v 1.596291 4.313858 -0.307723
v 1.590625 4.248943 -0.293165
v 1.585105 4.183873 -0.278530
v 1.733669 4.299588 -0.302741
v 1.714489 4.238922 -0.288858
v 1.695837 4.177863 -0.274770
v 1.366055 6.350114 -0.343143
v 1.445527 6.124997 -0.341072
v 1.521612 5.877229 -0.333279
v 1.513033 4.948734 -0.279666
v 1.453818 5.128504 -0.291238
v 1.382612 5.333231 -0.305326
v 1.014364 6.225619 -0.000114
v 1.122590 6.010977 -0.023302
v 1.220009 5.782722 -0.032389
v 1.692685 4.952873 -0.030606
v 1.669819 5.151423 -0.033725
v 1.637060 5.376741 -0.035035
v 1.628398 5.631209 -0.101805
v 1.641000 5.635383 -0.179457
v 1.627169 5.633064 -0.256887
v 1.264140 5.544528 -0.253472
v 1.253325 5.540147 -0.176186
v 1.268941 5.542260 -0.099123
v 1.374493 5.566308 0.003884
v 1.450953 5.585174 0.016677
v 1.526896 5.604392 0.002949
v 1.521617 5.609016 -0.359893
v 1.443371 5.590356 -0.372321
v 1.365643 5.571344 -0.358226
v 0.660779 0.050125 -0.160622
v 0.632317 0.038542 -0.077191
v 0.611693 0.031678 0.034290
v 0.884049 0.053612 -0.223489
v 0.812581 0.046465 -0.232404
v 0.739559 0.051745 -0.224763
v 0.982323 0.035964 0.029014
v 0.970810 0.042591 -0.076708
v 0.952540 0.053757 -0.158347
v 0.689251 -0.002660 0.163299
v 0.795701 -0.011362 0.158665
v 0.901834 -0.000219 0.154039
v 1.054737 0.209307 0.144834
v 1.064793 0.141429 0.146237
v 1.043846 0.079675 0.147749
v 0.949976 0.102176 -0.223631
v 0.962465 0.158436 -0.236880
v 0.965244 0.224051 -0.240949
v 0.656465 0.219941 -0.243775
v 0.660515 0.154440 -0.239563
v 0.672401 0.098551 -0.226076
v 0.544653 0.073945 0.169350
v 0.521176 0.135208 0.168771
v 0.527506 0.203321 0.164071
v 0.721905 0.145605 0.634202
v 0.809268 0.148866 0.627671
v 0.895493 0.147960 0.598521
v 0.725371 0.003774 0.633877
v 0.812976 -0.000578 0.627315
v 0.898959 0.006129 0.598196
v 0.976747 0.115327 0.580584
v 0.988667 0.076594 0.588478
v 0.978529 0.040987 0.580421
v 0.644117 0.036407 0.651814
v 0.633577 0.071693 0.666509
v 0.642335 0.110746 0.651977
v 0.600290 0.018771 0.311785
v 0.612206 0.012539 0.448997
v 0.636783 0.011053 0.558600
v 0.632984 0.162995 0.558850
v 0.605173 0.194515 0.449043
v 0.585189 0.230958 0.310627
v 0.994013 0.023444 0.277179
v 0.991428 0.017271 0.397753
v 0.977140 0.015500 0.499156
v 0.998742 0.235786 0.278397
v 0.990292 0.199292 0.398518
v 0.974079 0.167448 0.499495
v 0.941546 2.203875 0.215898
v 0.945459 1.668525 0.168860
v 0.945345 1.197108 0.117762
v 0.954876 0.348108 -0.233484
v 0.947869 0.432791 -0.223637
v 0.942147 0.579675 -0.206591
v 0.571110 2.175267 -0.116191
v 0.612465 1.656905 -0.129066
v 0.640316 1.192021 -0.157725
v 0.595656 0.344646 0.080456
v 0.610964 0.429300 0.053443
v 0.618597 0.575943 0.054445
v 0.876123 0.825218 -0.218242
v 0.801115 0.824153 -0.233623
v 0.724600 0.823088 -0.224386
v 0.688817 0.823088 0.117090
v 0.779018 0.824153 0.127425
v 0.870725 0.825218 0.113143
v 0.606762 0.821657 -0.128708
v 0.580481 0.821475 -0.054480
v 0.582781 0.821657 0.019937
v 0.988563 0.826649 0.017465
v 0.999651 0.826831 -0.051718
v 0.982160 0.826649 -0.121088
v 0.000000 7.641343 0.108325
v 0.000000 7.586472 0.122168
v 0.000000 7.523143 0.141898
v 0.090378 7.482193 -0.386755
v 0.175462 7.448534 -0.347786
v 0.249960 7.407212 -0.291210
v 0.346698 7.347687 -0.152138
v 0.362414 7.340152 -0.080316
v 0.354495 7.346294 -0.012239
v 0.264117 7.392761 0.097818
v 0.186952 7.423241 0.134738
v 0.096738 7.447706 0.157795
v 0.000000 7.268039 -0.484890
v 0.000000 7.356458 -0.457055
v 0.000000 7.429682 -0.428929
v 0.406100 7.279739 -0.246330
v 0.531586 7.186566 -0.272959
v 0.669864 7.086043 -0.302184
v 0.431127 7.284610 0.056719
v 0.571206 7.205207 0.064744
v 0.724142 7.119817 0.072270
v -0.000000 7.830277 0.374797
v 0.000000 7.780162 0.312407
v 0.000000 7.745386 0.247633
v 0.106193 7.949287 -0.379512
v 0.205685 7.942228 -0.343930
v 0.291775 7.933102 -0.291343
v 0.398425 7.916584 -0.156386
v 0.414448 7.909296 -0.080558
v 0.407312 7.899882 -0.000120
v 0.285413 7.815758 0.142620
v 0.195417 7.768195 0.169757
v 0.099288 7.736432 0.185115
v -0.000000 7.792161 -0.327805
v -0.000000 7.838216 -0.339223
v 0.000000 7.889234 -0.360844
v 0.229147 7.631104 -0.187798
v 0.227221 7.549566 -0.194973
v 0.250630 7.461209 -0.206821
v 0.229564 7.613296 0.025765
v 0.228994 7.534329 0.031499
v 0.256229 7.449356 0.039477
v 0.000000 6.012912 0.453678
v -0.000000 5.862586 0.467504
v -0.000000 5.697562 0.477182
v 0.725498 5.024696 0.226214
v 0.673766 5.259821 0.248816
v 0.629508 5.447108 0.271727
v 0.601432 6.061846 -0.329352
v 0.588676 5.914011 -0.304700
v 0.586419 5.752029 -0.285969
v 0.000000 4.760554 -0.596167
v 0.000000 5.032928 -0.619511
v 0.000000 5.254763 -0.621792
v 0.666195 5.624418 0.162127
v 0.688835 5.624574 0.019134
v 0.666550 5.611207 -0.132714
v 0.488871 5.544050 -0.414170
v 0.344679 5.501333 -0.521527
v 0.177969 5.467243 -0.593239
v 0.177679 5.535112 0.469901
v 0.344156 5.558494 0.435823
v 0.488226 5.586773 0.374955
v -0.000000 8.183957 0.475832
v -0.000000 8.077484 0.471553
v -0.000000 7.980421 0.456475
v 0.118063 8.361581 -0.540791
v 0.228647 8.351454 -0.501101
v 0.324271 8.338534 -0.439161
v 0.442855 8.316644 -0.262675
v 0.463643 8.310354 -0.157269
v 0.465130 8.306638 -0.047888
v 0.430402 8.304649 0.160470
v 0.398621 8.305011 0.250795
v 0.356405 8.305214 0.327790
v 0.377251 8.003844 -0.258468
v 0.390112 8.099530 -0.294497
v 0.396722 8.207982 -0.329690
v 0.450514 8.193874 0.066626
v 0.440052 8.088382 0.075179
v 0.417453 7.987417 0.084401
v 0.000000 8.032299 -0.433384
v 0.000000 8.129272 -0.478098
v 0.000000 8.241058 -0.520608
v 0.000000 8.926542 -0.073367
v 0.000000 8.925688 -0.221608
v -0.000000 8.900007 -0.359524
v 0.108948 8.832814 -0.459356
v 0.208098 8.805531 -0.430926
v 0.287926 8.765924 -0.390252
v 0.352207 8.742890 -0.284389
v 0.363173 8.751683 -0.181257
v 0.364489 8.749793 -0.062986
v 0.288974 8.813179 0.059509
v 0.202390 8.866492 0.063422
v 0.104118 8.898602 0.066601
v 0.448195 8.420994 0.055451
v 0.433971 8.536514 0.053588
v 0.405423 8.644719 0.053871
v -0.000000 8.879490 0.187985
v -0.000000 8.836888 0.284774
v -0.000000 8.780071 0.359246
v -0.000000 8.499425 -0.574259
v -0.000000 8.631721 -0.571663
v -0.000000 8.750257 -0.539390
v 0.358829 8.665086 -0.369240
v 0.379668 8.566234 -0.379440
v 0.392299 8.449089 -0.375719
v 0.225927 7.969593 0.389495
v 0.160936 7.935544 0.409238
v 0.083517 7.908154 0.421300
v 0.237821 8.302229 0.430981
v 0.163625 8.299307 0.457395
v 0.083335 8.296765 0.470915
v 0.298359 8.209740 0.389554
v 0.291072 8.123659 0.387393
v 0.279976 8.049114 0.379686
v 0.240958 8.664896 0.378806
v 0.173465 8.687725 0.397447
v 0.090614 8.702501 0.408750
v 0.305456 8.404674 0.386428
v 0.303601 8.501946 0.381424
v 0.295007 8.586252 0.371430
v -0.000000 8.618926 0.445785
v -0.000000 8.517689 0.463917
v -0.000000 8.408421 0.471861
v 0.292328 7.977321 0.330204
v 0.321387 7.949641 0.266682
v 0.348203 7.918818 0.187707
v 0.305240 8.668235 0.319915
v 0.328540 8.697186 0.252481
v 0.346154 8.721105 0.163141
v 0.000000 7.715839 0.147480
v 0.000000 7.711333 0.119857
v 0.000000 7.702693 0.105360
v 0.000000 7.562263 -0.375078
v 0.000000 7.627401 -0.352392
v -0.000000 7.688902 -0.335494
v 0.331917 7.861385 -0.205235
v 0.302554 7.809143 -0.191958
v 0.273156 7.758730 -0.185703
v 0.337193 7.816721 0.055861
v 0.304413 7.772708 0.036732
v 0.273699 7.730670 0.026802
v 0.201904 7.679708 0.058381
v 0.142355 7.680253 0.082848
v 0.073503 7.681003 0.097350
v 0.275095 7.691660 -0.128314
v 0.284457 7.685233 -0.072592
v 0.275267 7.681561 -0.020838
v 0.073363 7.739722 -0.314944
v 0.142101 7.728768 -0.283580
v 0.201591 7.714856 -0.238282
v 1.581991 4.009733 -0.187934
v 1.580150 4.007858 -0.136122
v 1.583201 4.009729 -0.084148
v 1.655107 4.010298 -0.184807
v 1.658993 4.008550 -0.132933
v 1.658775 4.010489 -0.081371
v 1.602030 4.009920 -0.035143
v 1.621786 4.008285 -0.028020
v 1.641912 4.010369 -0.033820
v 1.636278 4.010108 -0.233811
v 1.617356 4.008124 -0.241035
v 1.598855 4.009853 -0.235485
v 1.669587 4.078846 -0.254685
v 1.661991 4.046566 -0.246317
v 1.655321 4.025131 -0.234072
v 1.581591 4.024658 -0.237158
v 1.578218 4.046389 -0.249588
v 1.578043 4.079646 -0.258002
v 1.685795 4.080409 -0.020166
v 1.674313 4.047434 -0.023205
v 1.664066 4.025620 -0.033171
v 1.587499 4.079861 -0.021764
v 1.583755 4.046482 -0.025281
v 1.584902 4.024688 -0.035456
v 1.645043 4.427502 0.043112
v 1.642055 4.407237 0.024742
v 1.644257 4.386518 0.012141
v 1.717523 4.181901 -0.022689
v 1.737394 4.243156 -0.021023
v 1.757434 4.300998 -0.012509
v 1.607843 4.486889 -0.325577
v 1.606834 4.454238 -0.328774
v 1.604711 4.417490 -0.326802
v 1.774142 4.463046 -0.318282
v 1.771555 4.430999 -0.321804
v 1.763662 4.396213 -0.320395
v 1.786297 4.350423 -0.071886
v 1.785865 4.351126 -0.160242
v 1.774796 4.351644 -0.244830
v 1.713328 4.357602 -0.357598
v 1.669717 4.362971 -0.373431
v 1.629251 4.368151 -0.360945
v 1.592562 4.372419 -0.251206
v 1.600822 4.370353 -0.165942
v 1.621387 4.365614 -0.076193
v 1.684305 4.336343 0.038540
v 1.715631 4.329466 0.046338
v 1.746530 4.331945 0.039622
v 1.688331 4.279308 0.205953
v 1.711310 4.278055 0.211011
v 1.734506 4.274443 0.209519
v 1.764786 4.248615 0.147438
v 1.768816 4.254970 0.167000
v 1.765219 4.262113 0.186013
v 1.659313 4.273157 0.178148
v 1.656980 4.266537 0.158951
v 1.662272 4.259129 0.140302
v 1.692985 4.246799 0.116796
v 1.714485 4.243452 0.114940
v 1.735769 4.242464 0.119633
v 1.772241 4.339700 0.063396
v 1.766108 4.313234 0.094299
v 1.759527 4.278939 0.115481
v 1.676795 4.286826 0.110812
v 1.676323 4.321188 0.090402
v 1.670329 4.348208 0.060224
v 1.670208 4.400051 0.124983
v 1.675248 4.354316 0.158358
v 1.674630 4.313375 0.179857
v 1.759956 4.304581 0.186045
v 1.764581 4.345200 0.164440
v 1.768273 4.389925 0.131229
v 1.665224 4.193386 0.224630
v 1.681934 4.190631 0.228684
v 1.701490 4.189480 0.227543
v 1.729650 4.171727 0.182272
v 1.727555 4.175463 0.198947
v 1.722221 4.182608 0.214061
v 1.653300 4.190054 0.208521
v 1.655508 4.183277 0.193152
v 1.663136 4.178968 0.176918
v 1.683867 4.172095 0.163435
v 1.701128 4.168109 0.163416
v 1.717726 4.168396 0.166162
v 1.672123 4.222870 0.137104
v 1.670472 4.200462 0.147492
v 1.670383 4.185360 0.157343
v 1.653979 4.207027 0.218450
v 1.656248 4.224616 0.214699
v 1.662587 4.248147 0.206456
v 1.724807 4.199410 0.224133
v 1.735218 4.216156 0.220998
v 1.745190 4.239360 0.212943
v 1.748411 4.214769 0.142817
v 1.742979 4.192596 0.153206
v 1.735913 4.178201 0.162606
v 1.635120 5.381448 -0.304835
v 1.669465 5.158590 -0.288740
v 1.694264 4.963384 -0.276034
v 1.393879 5.326774 -0.037538
v 1.468871 5.118346 -0.038214
v 1.532529 4.933894 -0.035639
v 1.606798 4.560345 -0.304387
v 1.600795 4.614765 -0.290377
v 1.585778 4.692320 -0.279165
v 1.757949 4.505863 0.038562
v 1.743080 4.574760 0.012243
v 1.727126 4.665654 -0.008533
v 1.730325 4.793411 -0.078282
v 1.738976 4.797375 -0.145726
v 1.734275 4.800881 -0.213613
v 1.542098 4.796614 -0.219460
v 1.543146 4.790666 -0.152235
v 1.557545 4.785175 -0.084566
v 1.613700 4.780619 0.007891
v 1.648287 4.782135 0.020875
v 1.681889 4.785271 0.010698
v 1.678119 4.805438 -0.306070
v 1.633834 4.805906 -0.318836
v 1.590534 4.804753 -0.308441
v -0.878062 6.331427 -0.271064
v -0.886585 6.307455 -0.159750
v -0.880624 6.329722 -0.048610
v -0.506000 6.175662 -0.468864
v -0.356835 6.162537 -0.561132
v -0.184268 6.151927 -0.621689
v -0.210072 7.135598 -0.498406
v -0.416420 7.085640 -0.462480
v -0.615730 7.023233 -0.408977
v -0.688118 6.194642 0.062168
v -0.711925 6.197547 -0.076621
v -0.689302 6.195127 -0.218026
v -0.886202 6.992826 -0.225637
v -0.917770 7.011773 -0.123368
v -0.922536 7.021833 -0.023529
v -0.884848 6.897278 0.115787
v -0.868221 6.769374 0.124750
v -0.852986 6.620942 0.113880
v -0.183302 6.145967 0.420716
v -0.355090 6.157993 0.371275
v -0.503850 6.172830 0.292737
v -0.679053 7.053660 0.161358
v -0.464430 7.090818 0.221009
v -0.235727 7.118838 0.260883
v -0.649980 4.617380 -0.416465
v -0.477572 4.549728 -0.491070
v -0.270726 4.477030 -0.527743
v -0.858015 4.733222 0.091024
v -0.884713 4.732048 -0.046331
v -0.858721 4.712667 -0.184781
v -0.270130 4.588385 0.412866
v -0.476525 4.641956 0.382253
v -0.648696 4.685213 0.314125
v -0.585537 5.771405 0.277388
v -0.587346 5.925611 0.255209
v -0.599671 6.066367 0.223483
v -0.630111 5.412223 -0.294234
v -0.674569 5.218985 -0.313921
v -0.726546 4.980764 -0.324913
v -0.454025 2.702848 -0.039095
v -0.432179 2.706119 0.079401
v -0.449549 2.713795 0.197655
v -0.834803 2.743769 -0.152744
v -0.721943 2.728664 -0.184146
v -0.608786 2.714889 -0.179853
v -0.988228 2.770800 0.165810
v -1.007336 2.770717 0.075840
v -0.987229 2.766229 -0.013887
v -0.601974 2.736255 0.336511
v -0.717572 2.748173 0.339387
v -0.833468 2.758759 0.306568
v -0.212151 4.134648 0.339349
v -0.340155 3.723002 0.321495
v -0.435961 3.245849 0.310827
v -0.905499 3.322883 0.250437
v -0.871107 3.848036 0.238059
v -0.828172 4.320112 0.221867
v -0.829273 4.283063 -0.265658
v -0.871854 3.819991 -0.200331
v -0.905616 3.304753 -0.136151
v -0.439130 3.209594 -0.186234
v -0.341295 3.663579 -0.271456
v -0.212503 4.048037 -0.376928
v -0.599391 0.283587 -0.175125
v -0.560948 0.282812 -0.086451
v -0.546611 0.281240 0.019847
v -0.893695 0.287367 -0.280179
v -0.814143 0.286261 -0.294565
v -0.732351 0.285155 -0.281788
v -1.037443 0.286864 0.017853
v -1.034962 0.288510 -0.084091
v -1.009170 0.288786 -0.171541
v -0.670633 0.301459 0.199080
v -0.785724 0.308821 0.208568
v -0.901798 0.304011 0.192046
v -0.949721 0.579724 0.053100
v -0.959708 0.433185 0.053530
v -0.976895 0.348855 0.078695
v -0.940596 1.196959 -0.143065
v -0.942098 1.667331 -0.107450
v -0.939546 2.199846 -0.086364
v -0.663892 0.575904 -0.212515
v -0.664560 0.428990 -0.227680
v -0.661610 0.344192 -0.236700
v -0.610206 1.192315 0.129345
v -0.590918 1.659258 0.188949
v -0.557567 2.183208 0.246802
v -0.730218 6.404028 -0.378472
v -0.675157 6.356172 -0.374145
v -0.642281 6.285145 -0.366448
v -0.732731 6.397249 0.094691
v -0.674641 6.348640 0.123406
v -0.640511 6.279618 0.154585
v -0.213036 6.561123 -0.583798
v -0.422040 6.545121 -0.537925
v -0.624961 6.514202 -0.471361
v -0.637133 6.505638 0.190817
v -0.432543 6.526275 0.283373
v -0.219012 6.533065 0.346253
v -0.823233 6.854542 -0.392601
v -0.821120 6.740403 -0.418157
v -0.824547 6.608158 -0.421592
v -1.330166 6.550488 -0.277324
v -1.343352 6.554667 -0.201801
v -1.330983 6.548578 -0.123916
v -1.118343 6.843715 -0.217380
v -1.121693 6.851994 -0.156801
v -1.125790 6.853080 -0.097885
v -1.147481 6.819684 -0.051254
v -1.181217 6.762213 -0.049507
v -1.230248 6.669849 -0.052649
v -1.137417 6.806834 -0.283276
v -1.174936 6.754676 -0.307644
v -1.226390 6.667882 -0.326535
v -1.027460 6.456151 0.047763
v -1.143814 6.482279 0.026654
v -1.231638 6.509474 -0.006104
v -1.111235 6.865180 -0.033973
v -1.077206 6.892769 -0.004346
v -1.014524 6.935426 0.029491
v -0.964268 6.891526 -0.306998
v -1.043347 6.858892 -0.289185
v -1.090479 6.841758 -0.273685
v -1.224976 6.509564 -0.376344
v -1.133204 6.479654 -0.393324
v -1.015031 6.452813 -0.394857
v -1.597517 4.515489 -0.240811
v -1.605417 4.504159 -0.144293
v -1.625747 4.485856 -0.039941
v -1.791457 4.489381 -0.231865
v -1.795868 4.479990 -0.135031
v -1.788669 4.466746 -0.031366
v -1.685444 4.453630 0.111205
v -1.714067 4.451009 0.124594
v -1.742661 4.447854 0.114899
v -1.732884 4.506143 -0.359128
v -1.685472 4.514034 -0.377023
v -1.640094 4.519395 -0.363200
v -1.732445 4.684458 -0.273904
v -1.748996 4.599648 -0.284254
v -1.762338 4.540317 -0.297541
v -1.214348 5.785831 -0.326099
v -1.118209 6.013795 -0.333502
v -1.009417 6.227891 -0.346090
v -1.616141 4.666225 -0.013826
v -1.637159 4.581172 0.006457
v -1.648958 4.516081 0.032177
v -1.524747 5.873670 -0.042387
v -1.448436 6.120883 -0.048759
v -1.368721 6.346076 -0.053982
v -1.569995 4.125977 -0.211507
v -1.569353 4.126082 -0.144823
v -1.578242 4.126032 -0.077925
v -1.698883 4.123069 -0.207800
v -1.709136 4.123806 -0.141685
v -1.709858 4.124698 -0.075783
v -1.622023 4.125990 0.012078
v -1.651327 4.126002 0.023694
v -1.678982 4.125871 0.012544
v -1.655102 4.123111 -0.297803
v -1.627162 4.123886 -0.310201
v -1.600870 4.124804 -0.299834
v -1.639778 4.308329 -0.014224
v -1.624573 4.247900 -0.022226
v -1.609248 4.184259 -0.023695
v -1.791877 4.372457 0.017098
v -1.795024 4.391321 0.031349
v -1.789415 4.411849 0.050587
v -1.596291 4.313858 -0.307723
v -1.590625 4.248943 -0.293165
v -1.585105 4.183874 -0.278530
v -1.733669 4.299589 -0.302741
v -1.714489 4.238922 -0.288858
v -1.695837 4.177863 -0.274770
v -1.366055 6.350113 -0.343143
v -1.445527 6.124997 -0.341072
v -1.521612 5.877229 -0.333279
v -1.513033 4.948734 -0.279666
v -1.453818 5.128504 -0.291238
v -1.382612 5.333232 -0.305326
v -1.014364 6.225619 -0.000114
v -1.122590 6.010977 -0.023302
v -1.220009 5.782723 -0.032389
v -1.692685 4.952873 -0.030606
v -1.669819 5.151424 -0.033725
v -1.637060 5.376742 -0.035035
v -1.628398 5.631208 -0.101805
v -1.640999 5.635383 -0.179457
v -1.627168 5.633064 -0.256887
v -1.264140 5.544528 -0.253472
v -1.253325 5.540147 -0.176186
v -1.268941 5.542259 -0.099123
v -1.374493 5.566308 0.003884
v -1.450953 5.585173 0.016677
v -1.526896 5.604392 0.002949
v -1.521617 5.609016 -0.359893
v -1.443371 5.590356 -0.372321
v -1.365642 5.571344 -0.358226
v -0.660779 0.050125 -0.160622
v -0.632317 0.038542 -0.077191
v -0.611693 0.031678 0.034290
v -0.884049 0.053612 -0.223489
v -0.812581 0.046465 -0.232404
v -0.739559 0.051745 -0.224763
v -0.982323 0.035964 0.029014
v -0.970810 0.042591 -0.076708
v -0.952540 0.053757 -0.158347
v -0.689251 -0.002660 0.163299
v -0.795702 -0.011362 0.158665
v -0.901834 -0.000219 0.154039
v -1.054737 0.209307 0.144834
v -1.064793 0.141429 0.146237
v -1.043845 0.079675 0.147749
v -0.949976 0.102176 -0.223631
v -0.962465 0.158436 -0.236880
v -0.965244 0.224051 -0.240949
v -0.656465 0.219941 -0.243775
v -0.660515 0.154440 -0.239563
v -0.672401 0.098551 -0.226076
v -0.544653 0.073945 0.169350
v -0.521176 0.135208 0.168771
v -0.527506 0.203321 0.164071
v -0.721905 0.145605 0.634202
v -0.809268 0.148866 0.627671
v -0.895493 0.147960 0.598522
v -0.725371 0.003774 0.633877
v -0.812976 -0.000578 0.627315
v -0.898959 0.006129 0.598195
v -0.976747 0.115327 0.580584
v -0.988667 0.076594 0.588478
v -0.978529 0.040987 0.580421
v -0.644117 0.036407 0.651814
v -0.633577 0.071693 0.666509
v -0.642335 0.110746 0.651977
v -0.600290 0.018771 0.311785
v -0.612206 0.012539 0.448997
v -0.636783 0.011053 0.558600
v -0.632984 0.162995 0.558850
v -0.605173 0.194515 0.449043
v -0.585189 0.230958 0.310627
v -0.994013 0.023444 0.277179
v -0.991428 0.017271 0.397753
v -0.977140 0.015500 0.499156
v -0.998742 0.235786 0.278397
v -0.990292 0.199292 0.398518
v -0.974079 0.167448 0.499495
v -0.941547 2.203875 0.215898
v -0.945459 1.668525 0.168860
v -0.945345 1.197108 0.117762
v -0.954876 0.348108 -0.233484
v -0.947869 0.432791 -0.223637
v -0.942147 0.579675 -0.206591
v -0.571110 2.175266 -0.116191
v -0.612465 1.656905 -0.129066
v -0.640316 1.192021 -0.157725
v -0.595656 0.344646 0.080456
v -0.610964 0.429300 0.053443
v -0.618597 0.575943 0.054445
v -0.876123 0.825218 -0.218242
v -0.801115 0.824153 -0.233623
v -0.724600 0.823088 -0.224386
v -0.688817 0.823088 0.117090
v -0.779018 0.824153 0.127425
v -0.870724 0.825218 0.113143
v -0.606762 0.821657 -0.128708
v -0.580482 0.821475 -0.054480
v -0.582781 0.821657 0.019937
v -0.988563 0.826649 0.017465
v -0.999651 0.826831 -0.051718
v -0.982160 0.826649 -0.121088
v -0.090378 7.482193 -0.386755
v -0.175462 7.448533 -0.347786
v -0.249960 7.407212 -0.291210
v -0.346698 7.347686 -0.152138
v -0.362414 7.340152 -0.080316
v -0.354495 7.346294 -0.012239
v -0.264117 7.392761 0.097818
v -0.186952 7.423240 0.134738
v -0.096738 7.447705 0.157795
v -0.406099 7.279739 -0.246330
v -0.531587 7.186567 -0.272959
v -0.669864 7.086044 -0.302184
v -0.431127 7.284610 0.056719
v -0.571206 7.205206 0.064744
v -0.724142 7.119816 0.072270
v -0.106193 7.949288 -0.379512
v -0.205685 7.942229 -0.343930
v -0.291775 7.933102 -0.291343
v -0.398425 7.916585 -0.156386
v -0.414448 7.909295 -0.080558
v -0.407312 7.899882 -0.000120
v -0.285413 7.815758 0.142620
v -0.195417 7.768196 0.169757
v -0.099288 7.736433 0.185115
v -0.229147 7.631104 -0.187798
v -0.227221 7.549565 -0.194973
v -0.250630 7.461208 -0.206821
v -0.229564 7.613296 0.025765
v -0.228994 7.534328 0.031499
v -0.256229 7.449357 0.039477
v -0.725498 5.024695 0.226214
v -0.673766 5.259821 0.248816
v -0.629508 5.447108 0.271727
v -0.601432 6.061846 -0.329352
v -0.588676 5.914011 -0.304700
v -0.586419 5.752029 -0.285969
v -0.666195 5.624418 0.162127
v -0.688835 5.624574 0.019134
v -0.666550 5.611207 -0.132714
v -0.488871 5.544051 -0.414170
v -0.344679 5.501333 -0.521527
v -0.177969 5.467242 -0.593239
v -0.177679 5.535112 0.469901
v -0.344156 5.558494 0.435823
v -0.488226 5.586773 0.374955
v -0.118063 8.361581 -0.540791
v -0.228647 8.351454 -0.501102
v -0.324271 8.338533 -0.439161
v -0.442855 8.316645 -0.262675
v -0.463643 8.310355 -0.157269
v -0.465130 8.306638 -0.047888
v -0.430402 8.304649 0.160470
v -0.398621 8.305011 0.250795
v -0.356405 8.305214 0.327790
v -0.377251 8.003845 -0.258468
v -0.390112 8.099530 -0.294497
v -0.396722 8.207984 -0.329690
v -0.450514 8.193873 0.066626
v -0.440052 8.088382 0.075179
v -0.417453 7.987418 0.084401
v -0.108948 8.832814 -0.459356
v -0.208098 8.805532 -0.430926
v -0.287926 8.765924 -0.390252
v -0.352207 8.742889 -0.284389
v -0.363173 8.751683 -0.181257
v -0.364489 8.749792 -0.062986
v -0.288974 8.813179 0.059509
v -0.202390 8.866492 0.063422
v -0.104118 8.898602 0.066601
v -0.448195 8.420995 0.055451
v -0.433971 8.536513 0.053588
v -0.405423 8.644718 0.053871
v -0.358829 8.665085 -0.369240
v -0.379668 8.566234 -0.379440
v -0.392299 8.449089 -0.375719
v -0.225927 7.969592 0.389495
v -0.160936 7.935544 0.409238
v -0.083517 7.908153 0.421300
v -0.237821 8.302229 0.430981
v -0.163625 8.299308 0.457395
v -0.083335 8.296765 0.470915
v -0.298359 8.209740 0.389554
v -0.291072 8.123658 0.387393
v -0.279976 8.049114 0.379686
v -0.240958 8.664896 0.378806
v -0.173465 8.687724 0.397447
v -0.090614 8.702501 0.408750
v -0.305456 8.404674 0.386428
v -0.303601 8.501947 0.381424
v -0.295007 8.586252 0.371430
v -0.292328 7.977321 0.330204
v -0.321387 7.949640 0.266682
v -0.348203 7.918818 0.187707
v -0.305240 8.668236 0.319915
v -0.328540 8.697188 0.252481
v -0.346154 8.721105 0.163141
v -0.331917 7.861385 -0.205235
v -0.302554 7.809143 -0.191958
v -0.273156 7.758730 -0.185703
v -0.337193 7.816721 0.055861
v -0.304413 7.772707 0.036732
v -0.273699 7.730670 0.026802
v -0.201904 7.679708 0.058381
v -0.142355 7.680252 0.082848
v -0.073503 7.681003 0.097350
v -0.275095 7.691659 -0.128314
v -0.284457 7.685233 -0.072592
v -0.275267 7.681561 -0.020838
v -0.073363 7.739722 -0.314944
v -0.142101 7.728769 -0.283580
v -0.201591 7.714856 -0.238282
v -1.581991 4.009733 -0.187934
v -1.580150 4.007858 -0.136122
v -1.583201 4.009729 -0.084148
v -1.655107 4.010298 -0.184807
v -1.658993 4.008550 -0.132933
v -1.658775 4.010489 -0.081371
v -1.602030 4.009920 -0.035143
v -1.621786 4.008285 -0.028020
v -1.641912 4.010369 -0.033820
v -1.636278 4.010108 -0.233811
v -1.617356 4.008124 -0.241035
v -1.598855 4.009853 -0.235485
v -1.669587 4.078847 -0.254685
v -1.661991 4.046566 -0.246317
v -1.655321 4.025132 -0.234072
v -1.581591 4.024658 -0.237158
v -1.578218 4.046389 -0.249588
v -1.578043 4.079647 -0.258002
v -1.685795 4.080409 -0.020166
v -1.674313 4.047434 -0.023205
v -1.664066 4.025621 -0.033171
v -1.587499 4.079862 -0.021764
v -1.583755 4.046482 -0.025281
v -1.584902 4.024688 -0.035456
v -1.645043 4.427502 0.043112
v -1.642055 4.407237 0.024742
v -1.644257 4.386518 0.012141
v -1.717523 4.181901 -0.022689
v -1.737393 4.243156 -0.021023
v -1.757434 4.300997 -0.012509
v -1.607843 4.486889 -0.325577
v -1.606834 4.454238 -0.328774
v -1.604711 4.417490 -0.326802
v -1.774142 4.463046 -0.318282
v -1.771555 4.430999 -0.321804
v -1.763662 4.396214 -0.320395
v -1.786298 4.350423 -0.071886
v -1.785865 4.351126 -0.160242
v -1.774796 4.351644 -0.244830
v -1.713328 4.357602 -0.357598
v -1.669717 4.362971 -0.373431
v -1.629251 4.368151 -0.360945
v -1.592562 4.372420 -0.251206
v -1.600822 4.370353 -0.165942
v -1.621387 4.365614 -0.076193
v -1.684305 4.336343 0.038540
v -1.715631 4.329466 0.046338
v -1.746530 4.331945 0.039622
v -1.688331 4.279308 0.205953
v -1.711310 4.278055 0.211011
v -1.734506 4.274443 0.209519
v -1.764786 4.248615 0.147438
v -1.768816 4.254969 0.167000
v -1.765219 4.262112 0.186013
v -1.659313 4.273156 0.178148
v -1.656980 4.266536 0.158951
v -1.662272 4.259129 0.140302
v -1.692985 4.246799 0.116796
v -1.714485 4.243452 0.114940
v -1.735769 4.242464 0.119633
v -1.772241 4.339700 0.063396
v -1.766108 4.313234 0.094299
v -1.759527 4.278940 0.115481
v -1.676795 4.286826 0.110812
v -1.676323 4.321189 0.090402
v -1.670329 4.348207 0.060224
v -1.670208 4.400050 0.124983
v -1.675248 4.354316 0.158358
v -1.674630 4.313375 0.179857
v -1.759956 4.304581 0.186045
v -1.764581 4.345200 0.164440
v -1.768273 4.389925 0.131229
v -1.665224 4.193386 0.224630
v -1.681934 4.190631 0.228684
v -1.701490 4.189480 0.227543
v -1.729650 4.171728 0.182272
v -1.727555 4.175463 0.198947
v -1.722221 4.182607 0.214061
v -1.653300 4.190054 0.208521
v -1.655508 4.183277 0.193152
v -1.663136 4.178968 0.176918
v -1.683868 4.172095 0.163435
v -1.701128 4.168109 0.163416
v -1.717726 4.168396 0.166162
v -1.672123 4.222870 0.137104
v -1.670472 4.200462 0.147492
v -1.670383 4.185360 0.157343
v -1.653979 4.207027 0.218450
v -1.656248 4.224616 0.214699
v -1.662587 4.248147 0.206456
v -1.724807 4.199410 0.224133
v -1.735218 4.216156 0.220998
v -1.745190 4.239360 0.212943
v -1.748411 4.214769 0.142817
v -1.742979 4.192597 0.153206
v -1.735913 4.178201 0.162606
v -1.635120 5.381448 -0.304835
v -1.669465 5.158590 -0.288740
v -1.694263 4.963385 -0.276034
v -1.393879 5.326775 -0.037538
v -1.468871 5.118347 -0.038214
v -1.532529 4.933895 -0.035639
v -1.606798 4.560345 -0.304387
v -1.600795 4.614765 -0.290377
v -1.585778 4.692320 -0.279165
v -1.757949 4.505862 0.038562
v -1.743080 4.574760 0.012243
v -1.727126 4.665653 -0.008533
v -1.730325 4.793410 -0.078282
v -1.738976 4.797375 -0.145726
v -1.734275 4.800881 -0.213613
v -1.542099 4.796614 -0.219460
v -1.543146 4.790666 -0.152235
v -1.557545 4.785176 -0.084566
v -1.613700 4.780619 0.007891
v -1.648287 4.782135 0.020875
v -1.681889 4.785271 0.010698
v -1.678119 4.805439 -0.306070
v -1.633834 4.805906 -0.318836
v -1.590534 4.804753 -0.308440
v 0.522015 6.269095 0.262681
v 0.548832 6.346487 0.234083
v 0.589788 6.417006 0.207978
v 0.367568 6.257197 0.347229
v 0.384156 6.341091 0.323909
v 0.406774 6.424522 0.301888
v 0.189620 6.247393 0.402256
v 0.197309 6.335027 0.383808
v 0.207072 6.424783 0.365146
v 0.220443 6.696015 -0.565811
v 0.224684 6.847021 -0.545778
v 0.222615 6.998531 -0.523306
v 0.435689 6.671741 -0.525248
v 0.442598 6.814078 -0.509425
v 0.439857 6.955755 -0.488184
v 0.640214 6.637620 -0.470699
v 0.645732 6.773448 -0.461829
v 0.644951 6.902927 -0.440133
v 1.006981 6.864415 0.066627
v 0.998429 6.758296 0.076220
v 0.998531 6.623140 0.067752
v 1.080602 6.839935 0.027768
v 1.087280 6.755056 0.037892
v 1.105129 6.637117 0.034760
v 1.124101 6.825743 -0.009021
v 1.145352 6.757352 -0.001202
v 1.180201 6.654194 -0.002604
v 0.513559 5.419189 0.365221
v 0.362186 5.386566 0.428620
v 0.187047 5.359275 0.464577
v 0.551005 5.228849 0.346198
v 0.389775 5.191408 0.413545
v 0.201699 5.158231 0.452026
v 0.597037 4.991979 0.326342
v 0.426510 4.949845 0.396193
v 0.223604 4.906894 0.434438
v 0.532513 7.134351 -0.377270
v 0.364365 7.196340 -0.434036
v 0.184587 7.247153 -0.471345
v 0.427145 7.233460 -0.346346
v 0.296415 7.290141 -0.404426
v 0.151482 7.337020 -0.443017
v 0.327786 7.322632 -0.317138
v 0.229340 7.372079 -0.375178
v 0.117887 7.412782 -0.414472
v 0.702796 4.292543 0.314835
v 0.541764 4.254579 0.375424
v 0.363940 4.206980 0.392204
v 0.754660 3.826996 0.321032
v 0.610865 3.798304 0.371350
v 0.462345 3.764161 0.377054
v 0.799492 3.308897 0.321990
v 0.671099 3.290038 0.362834
v 0.542258 3.268460 0.362724
v 0.187340 5.271735 -0.596932
v 0.362714 5.313054 -0.528183
v 0.514210 5.364456 -0.424320
v 0.202088 5.054274 -0.597306
v 0.390478 5.104628 -0.534676
v 0.551871 5.164555 -0.437834
v 0.224114 4.792987 -0.579958
v 0.427428 4.855619 -0.527084
v 0.598167 4.922606 -0.440103
v 0.700707 5.445149 -0.147441
v 0.724101 5.461506 0.004152
v 0.700349 5.461945 0.148042
v 0.749170 5.256404 -0.171187
v 0.773853 5.275150 -0.021394
v 0.748694 5.276021 0.122820
v 0.804366 5.020427 -0.188713
v 0.830066 5.040373 -0.043042
v 0.803744 5.041499 0.099475
v 0.984722 0.580204 -0.147413
v 1.002850 0.580374 -0.076667
v 0.992577 0.580194 -0.005879
v 0.991660 0.433318 -0.162300
v 1.011337 0.433446 -0.087477
v 1.002703 0.433237 -0.010787
v 1.000625 0.348633 -0.169107
v 1.023011 0.348638 -0.087807
v 1.018326 0.348170 0.000450
v 0.364658 4.114985 -0.435259
v 0.542826 4.175910 -0.418726
v 0.704020 4.234050 -0.358254
v 0.463699 3.698452 -0.331062
v 0.612180 3.740001 -0.328280
v 0.755745 3.782861 -0.280823
v 0.545413 3.227529 -0.240623
v 0.673359 3.252877 -0.243496
v 0.800548 3.280426 -0.205407
v 0.905770 4.316286 -0.149841
v 0.931022 4.333014 -0.022073
v 0.905124 4.334028 0.105783
v 0.943483 3.845282 -0.097108
v 0.967232 3.857988 0.017827
v 0.943105 3.858707 0.133282
v 0.970943 3.321361 -0.045489
v 0.992839 3.329660 0.056191
v 0.971094 3.330038 0.158347
v 0.144784 4.028996 0.192364
v 0.129697 3.964528 -0.006875
v 0.144922 3.978142 -0.214318
v 0.270207 3.676590 0.196094
v 0.249413 3.643738 0.029249
v 0.270855 3.641593 -0.140556
v 0.371313 3.224382 0.203150
v 0.350819 3.208683 0.063647
v 0.373260 3.203244 -0.076637
v 1.014223 0.224369 -0.172317
v 1.043217 0.223430 -0.081874
v 1.054640 0.220046 0.025150
v 1.010326 0.157794 -0.169839
v 1.040367 0.155042 -0.080362
v 1.056720 0.150463 0.026990
v 0.991654 0.098739 -0.163029
v 1.018457 0.092359 -0.078025
v 1.034494 0.086685 0.028034
v 0.584267 0.575355 -0.006351
v 0.584308 0.575187 -0.079878
v 0.612759 0.575373 -0.152883
v 0.577273 0.428307 -0.012377
v 0.580049 0.428199 -0.090817
v 0.611216 0.428446 -0.166609
v 0.563612 0.342953 -0.000216
v 0.570914 0.343187 -0.090819
v 0.605577 0.343608 -0.172894
v 0.873958 0.579023 0.090250
v 0.780653 0.578085 0.103215
v 0.689093 0.576954 0.091507
v 0.880472 0.433551 0.093192
v 0.781661 0.433255 0.106380
v 0.684630 0.431415 0.093503
v 0.891029 0.353026 0.124837
v 0.782967 0.354585 0.139808
v 0.676402 0.350700 0.126476
v 0.731416 0.576758 -0.248275
v 0.806561 0.577789 -0.258689
v 0.879935 0.578820 -0.244535
v 0.733753 0.429851 -0.264697
v 0.810170 0.430891 -0.276104
v 0.884609 0.431930 -0.262288
v 0.733451 0.345080 -0.275313
v 0.812508 0.346150 -0.287513
v 0.889433 0.347221 -0.273502
v 0.190444 6.264521 -0.620517
v 0.197290 6.359376 -0.612675
v 0.204980 6.452693 -0.599867
v 0.369070 6.270988 -0.563537
v 0.384237 6.360488 -0.558946
v 0.403304 6.445744 -0.549635
v 0.523897 6.278663 -0.476669
v 0.549175 6.359758 -0.477467
v 0.586225 6.430403 -0.474359
v 0.713720 6.288529 -0.239757
v 0.748113 6.350017 -0.255060
v 0.800814 6.373239 -0.265902
v 0.736934 6.288779 -0.104934
v 0.770762 6.345708 -0.127642
v 0.819706 6.359289 -0.145794
v 0.712662 6.286078 0.029355
v 0.747751 6.346726 0.000630
v 0.801917 6.370416 -0.024632
v 0.667602 6.639750 0.190539
v 0.690226 6.788724 0.189816
v 0.703216 6.929483 0.179142
v 0.457312 6.659382 0.269651
v 0.476623 6.809968 0.256715
v 0.483906 6.958630 0.240374
v 0.232303 6.670709 0.327013
v 0.243005 6.825774 0.306737
v 0.246145 6.980776 0.284734
v 1.259443 6.680550 -0.267022
v 1.199996 6.763947 -0.250910
v 1.153335 6.813808 -0.231961
v 1.270278 6.684449 -0.194245
v 1.208020 6.767867 -0.182280
v 1.158546 6.818820 -0.168975
v 1.260202 6.680498 -0.119167
v 1.201622 6.766600 -0.111999
v 1.157265 6.819558 -0.105729
v 0.973023 6.607183 -0.399497
v 0.957922 6.727120 -0.389900
v 0.955556 6.821301 -0.361005
v 1.086181 6.624089 -0.386263
v 1.058747 6.729955 -0.369519
v 1.045275 6.805910 -0.338672
v 1.169501 6.646998 -0.364852
v 1.129391 6.741446 -0.345272
v 1.103410 6.802949 -0.315939
v 1.615994 4.693894 -0.315198
v 1.656769 4.692521 -0.326169
v 1.698715 4.689081 -0.312322
v 1.630762 4.615299 -0.330004
v 1.672088 4.612075 -0.341980
v 1.714817 4.606417 -0.326623
v 1.637807 4.560091 -0.347719
v 1.681189 4.555577 -0.360766
v 1.726261 4.548439 -0.343912
v 0.986980 6.933624 -0.225347
v 1.007751 6.955808 -0.132288
v 1.017172 6.960585 -0.042325
v 1.050586 6.894351 -0.219461
v 1.061579 6.913483 -0.139794
v 1.071037 6.915108 -0.063530
v 1.089132 6.867094 -0.215065
v 1.094084 6.880894 -0.147413
v 1.101848 6.881570 -0.082842
v 1.733520 4.297886 0.023614
v 1.702940 4.297074 0.033957
v 1.670740 4.301376 0.022920
v 1.715155 4.243408 0.015332
v 1.685772 4.243840 0.026898
v 1.654180 4.245631 0.014893
v 1.696092 4.182720 0.012485
v 1.667614 4.183246 0.024083
v 1.637045 4.183753 0.012130
v 1.702463 4.662910 0.027498
v 1.673936 4.661794 0.038403
v 1.644273 4.662711 0.024600
v 1.719540 4.572625 0.051947
v 1.692611 4.572989 0.063602
v 1.664553 4.575522 0.048798
v 1.733347 4.504148 0.081868
v 1.705659 4.505834 0.093527
v 1.677218 4.509030 0.078392
v 1.592411 4.672533 -0.074763
v 1.576812 4.680180 -0.147661
v 1.573289 4.687338 -0.219916
v 1.612622 4.590459 -0.062248
v 1.595211 4.600920 -0.144484
v 1.589697 4.609622 -0.224978
v 1.622592 4.530180 -0.048205
v 1.603215 4.544634 -0.142669
v 1.596169 4.555087 -0.232554
v 1.750596 4.679430 -0.213170
v 1.753921 4.674384 -0.140412
v 1.745187 4.669636 -0.067996
v 1.766898 4.592851 -0.217267
v 1.769706 4.586139 -0.136351
v 1.760755 4.579672 -0.054768
v 1.781185 4.532379 -0.224033
v 1.784367 4.523900 -0.133767
v 1.775696 4.514201 -0.040017
v 1.597218 4.079353 -0.290420
v 1.621412 4.079012 -0.300493
v 1.646808 4.078821 -0.288486
v 1.596194 4.046117 -0.280421
v 1.618452 4.045843 -0.290021
v 1.641543 4.046160 -0.278554
v 1.597486 4.023727 -0.263908
v 1.617393 4.022941 -0.272313
v 1.637855 4.023960 -0.262161
v 1.612826 4.312587 -0.082024
v 1.594150 4.314606 -0.163928
v 1.587476 4.315116 -0.243446
v 1.600722 4.249491 -0.083947
v 1.585442 4.250237 -0.158758
v 1.581276 4.250144 -0.232722
v 1.588477 4.184694 -0.081676
v 1.576649 4.184904 -0.151627
v 1.575089 4.184703 -0.221282
v 1.622172 4.310672 -0.346604
v 1.659031 4.306460 -0.358426
v 1.698865 4.302377 -0.343650
v 1.614355 4.246498 -0.329858
v 1.647333 4.243451 -0.341092
v 1.682922 4.240645 -0.327285
v 1.606891 4.182312 -0.313377
v 1.636188 4.180430 -0.324120
v 1.667627 4.178767 -0.311128
v 1.756970 4.298910 -0.238026
v 1.768403 4.299776 -0.159312
v 1.768819 4.301134 -0.078846
v 1.736501 4.238875 -0.228122
v 1.747837 4.240093 -0.154965
v 1.748354 4.241851 -0.081480
v 1.716210 4.178088 -0.217282
v 1.727175 4.179152 -0.148351
v 1.727909 4.180590 -0.079570
v 1.409217 6.365877 -0.280284
v 1.423919 6.370092 -0.202607
v 1.410355 6.363307 -0.122907
v 1.490040 6.139485 -0.276834
v 1.505352 6.143393 -0.197806
v 1.491478 6.137075 -0.117333
v 1.565177 5.889238 -0.268519
v 1.580196 5.892510 -0.189417
v 1.566707 5.887252 -0.109523
v 0.978502 6.189572 -0.073596
v 0.971305 6.174617 -0.169674
v 0.976014 6.191008 -0.266981
v 1.079194 5.991461 -0.090341
v 1.065597 5.984116 -0.175618
v 1.076745 5.992981 -0.262139
v 1.176217 5.770040 -0.097590
v 1.160607 5.766239 -0.177673
v 1.172950 5.771717 -0.258523
v 1.300113 6.319741 -0.006123
v 1.209239 6.288840 0.020386
v 1.104699 6.257863 0.025953
v 1.378186 6.095946 -0.003173
v 1.290460 6.066476 0.017351
v 1.198599 6.037099 0.012090
v 1.456623 5.852642 0.000644
v 1.373735 5.827721 0.017030
v 1.289960 5.803083 0.006320
v 1.098233 6.260135 -0.385196
v 1.202918 6.291571 -0.394504
v 1.295405 6.323477 -0.381048
v 1.193235 6.040833 -0.376646
v 1.285139 6.070810 -0.391279
v 1.373834 6.100571 -0.379611
v 1.283434 5.807167 -0.368734
v 1.367649 5.832251 -0.384184
v 1.451833 5.857035 -0.372473
v 0.726684 0.024340 -0.164676
v 0.807876 0.016339 -0.168035
v 0.888148 0.026344 -0.163414
v 0.709448 0.009203 -0.078304
v 0.802346 0.000202 -0.079392
v 0.894751 0.011417 -0.078038
v 0.696123 0.001865 0.032937
v 0.797645 -0.007227 0.031340
v 0.898835 0.004209 0.030051
v 0.532556 0.214040 0.030054
v 0.554957 0.217564 -0.083468
v 0.596521 0.219076 -0.175749
v 0.533521 0.144421 0.033646
v 0.559977 0.149273 -0.081327
v 0.602006 0.152637 -0.173064
v 0.557999 0.081175 0.034720
v 0.583464 0.087144 -0.078674
v 0.621230 0.094093 -0.165914
v 0.534473 0.179521 0.313948
v 0.522129 0.119486 0.317733
v 0.543810 0.063260 0.316811
v 0.553820 0.151908 0.457534
v 0.538712 0.100969 0.462381
v 0.558081 0.051959 0.458310
v 0.588302 0.127457 0.574178
v 0.574336 0.084264 0.583131
v 0.590445 0.043284 0.574142
v 0.732218 0.220758 -0.284585
v 0.815445 0.221767 -0.297654
v 0.896375 0.223005 -0.283072
v 0.734520 0.154429 -0.279375
v 0.816006 0.154606 -0.292173
v 0.895217 0.156614 -0.277951
v 0.739265 0.095940 -0.260961
v 0.815232 0.093945 -0.272303
v 0.889115 0.097941 -0.259648
v 0.904170 0.107914 0.643245
v 0.813335 0.105631 0.680704
v 0.720629 0.105348 0.685567
v 0.910793 0.067403 0.657504
v 0.815451 0.063327 0.698381
v 0.717937 0.064678 0.703695
v 0.906111 0.031704 0.643053
v 0.815395 0.026449 0.680494
v 0.722570 0.029138 0.685374
v 0.690004 -0.008013 0.304115
v 0.797843 -0.016028 0.294867
v 0.905323 -0.005457 0.285218
v 0.698729 -0.011415 0.438902
v 0.802701 -0.018561 0.426657
v 0.906127 -0.008831 0.411108
v 0.713832 -0.008696 0.551250
v 0.808307 -0.014738 0.540485
v 0.901791 -0.006247 0.518865
v 1.048843 0.069254 0.272428
v 1.068133 0.125952 0.270491
v 1.052638 0.185619 0.271071
v 1.044104 0.058038 0.391805
v 1.061551 0.107510 0.390665
v 1.043897 0.158018 0.391523
v 1.022722 0.048973 0.496172
v 1.037621 0.090385 0.498155
v 1.021087 0.133150 0.496270
v 0.904831 0.262137 0.297674
v 0.790723 0.268685 0.312942
v 0.677193 0.259491 0.315081
v 0.902923 0.222729 0.414711
v 0.797088 0.228983 0.431886
v 0.691471 0.220113 0.442010
v 0.897658 0.185297 0.519635
v 0.803591 0.189630 0.541488
v 0.709193 0.182844 0.551958
v 0.655942 2.179856 -0.158344
v 0.756410 2.186434 -0.163645
v 0.856338 2.193573 -0.137763
v 0.689301 1.658977 -0.167423
v 0.778986 1.661785 -0.173976
v 0.867818 1.664760 -0.152670
v 0.711357 1.193103 -0.193850
v 0.792834 1.194448 -0.201760
v 0.873122 1.195814 -0.183988
v 0.854286 2.199897 0.267541
v 0.748475 2.194664 0.293718
v 0.643204 2.188870 0.288712
v 0.864730 1.666634 0.213733
v 0.766484 1.664224 0.234622
v 0.669089 1.661648 0.227652
v 0.868858 1.196048 0.157987
v 0.775398 1.194753 0.174919
v 0.683127 1.193437 0.166167
v 0.507185 2.178365 0.166773
v 0.493800 2.174996 0.065407
v 0.515684 2.173747 -0.036009
v 0.546818 1.657381 0.118258
v 0.537550 1.656235 0.029799
v 0.560353 1.656013 -0.058589
v 0.571124 1.191569 0.065012
v 0.565690 1.191256 -0.014479
v 0.590041 1.191398 -0.093825
v 0.992357 2.204077 -0.015824
v 1.011085 2.206102 0.064666
v 0.994544 2.206006 0.145206
v 0.990090 1.669027 -0.043275
v 1.007920 1.669774 0.030848
v 0.993679 1.669598 0.104899
v 0.985125 1.197682 -0.082833
v 1.002541 1.197946 -0.012363
v 0.990173 1.197754 0.057962
v 0.222746 7.769313 -0.239557
v 0.157011 7.780209 -0.284888
v 0.081060 7.788724 -0.316152
v 0.246719 7.818439 -0.248041
v 0.173910 7.827904 -0.294989
v 0.089784 7.835258 -0.327237
v 0.270675 7.870335 -0.264911
v 0.190801 7.879397 -0.314472
v 0.098506 7.886415 -0.348318
v 0.782126 7.097617 -0.015912
v 0.784436 7.083040 -0.112122
v 0.749649 7.074592 -0.210231
v 0.622834 7.178477 -0.013460
v 0.629472 7.164443 -0.099973
v 0.599129 7.164784 -0.188708
v 0.472843 7.260779 -0.012149
v 0.480826 7.250358 -0.088840
v 0.457960 7.255676 -0.168534
v 0.208075 7.227614 0.235369
v 0.407893 7.196858 0.199993
v 0.588603 7.156936 0.145128
v 0.169795 7.312293 0.209016
v 0.329872 7.281751 0.178115
v 0.469163 7.242590 0.129412
v 0.129900 7.382453 0.182819
v 0.251088 7.354219 0.156064
v 0.354682 7.318484 0.113498
v 0.435587 7.985455 -0.007849
v 0.438450 7.990283 -0.096786
v 0.420254 7.996403 -0.180860
v 0.454444 8.084883 -0.021830
v 0.454506 8.086900 -0.118058
v 0.434662 8.091973 -0.210041
v 0.463716 8.192456 -0.036126
v 0.462645 8.194575 -0.139536
v 0.442037 8.199813 -0.238938
v 0.304348 7.737838 -0.018723
v 0.314391 7.743970 -0.071706
v 0.303986 7.750494 -0.128507
v 0.338167 7.785934 -0.013286
v 0.348606 7.794574 -0.071182
v 0.336747 7.801598 -0.131871
v 0.373641 7.836062 -0.005162
v 0.383328 7.846472 -0.072898
v 0.369525 7.853958 -0.140416
v 0.081131 7.705477 0.100678
v 0.157222 7.712486 0.086339
v 0.223179 7.721648 0.061883
v 0.089158 7.717372 0.115061
v 0.173431 7.732848 0.100209
v 0.247513 7.753352 0.074504
v 0.095864 7.724991 0.142500
v 0.187854 7.749312 0.126897
v 0.271343 7.783341 0.099232
v 0.668636 6.073446 -0.189253
v 0.690634 6.078103 -0.043013
v 0.667591 6.075760 0.098265
v 0.654557 5.930405 -0.159930
v 0.676213 5.937733 -0.010543
v 0.653767 5.936100 0.131743
v 0.652162 5.773745 -0.138328
v 0.673875 5.784028 0.012827
v 0.651638 5.783155 0.155423
v 0.178715 6.009649 -0.615548
v 0.346087 6.025060 -0.550799
v 0.490774 6.044234 -0.452719
v 0.174888 5.842284 -0.605670
v 0.338688 5.863354 -0.536935
v 0.480314 5.889666 -0.433561
v 0.174176 5.658570 -0.596690
v 0.337323 5.685940 -0.525268
v 0.478414 5.720192 -0.418381
v 0.488876 6.050736 0.323287
v 0.344547 6.033170 0.395324
v 0.177862 6.018838 0.438989
v 0.478879 5.907392 0.350339
v 0.337524 5.886656 0.416431
v 0.174244 5.869643 0.454986
v 0.477462 5.750251 0.369145
v 0.336551 5.725936 0.431098
v 0.173748 5.705894 0.466144
v 0.280276 8.791058 0.170412
v 0.196738 8.840452 0.178635
v 0.101341 8.869795 0.185268
v 0.267848 8.759957 0.261771
v 0.189171 8.803211 0.272875
v 0.097813 8.828577 0.281428
v 0.252624 8.718852 0.331251
v 0.180551 8.753113 0.345646
v 0.094008 8.773371 0.355681
v 0.392228 8.004579 0.175805
v 0.416131 8.098872 0.169201
v 0.427355 8.198764 0.164229
v 0.361139 8.026481 0.258883
v 0.383616 8.111993 0.255417
v 0.394670 8.204882 0.252912
v 0.324200 8.044053 0.327629
v 0.342275 8.122025 0.329157
v 0.351894 8.209450 0.329132
v 0.307705 8.013023 -0.327309
v 0.216930 8.022279 -0.382824
v 0.112003 8.029430 -0.419890
v 0.318235 8.109108 -0.367967
v 0.224372 8.118783 -0.426104
v 0.115850 8.126268 -0.464338
v 0.323660 8.218548 -0.407267
v 0.228210 8.229319 -0.467590
v 0.117836 8.237688 -0.506692
v 0.289586 8.808644 -0.305346
v 0.206733 8.857790 -0.332034
v 0.107631 8.889047 -0.351955
v 0.294030 8.826373 -0.192659
v 0.206995 8.880744 -0.206558
v 0.106868 8.914233 -0.217359
v 0.293899 8.826226 -0.065977
v 0.205793 8.881539 -0.069468
v 0.105864 8.915185 -0.072246
v 0.320227 8.464615 -0.457946
v 0.225936 8.481142 -0.520476
v 0.116711 8.494159 -0.560288
v 0.311143 8.585764 -0.459299
v 0.220546 8.607846 -0.519612
v 0.114273 8.624951 -0.558099
v 0.297883 8.689711 -0.438963
v 0.213535 8.719639 -0.492186
v 0.111383 8.741837 -0.526928
v 0.459589 8.425585 -0.055361
v 0.457647 8.430820 -0.168451
v 0.437011 8.438076 -0.277328
v 0.443840 8.543523 -0.059313
v 0.441562 8.549083 -0.173983
v 0.421967 8.555074 -0.282683
v 0.413581 8.653748 -0.061235
v 0.411442 8.657848 -0.176420
v 0.394737 8.658322 -0.281236
v 0.084829 8.407681 0.468096
v 0.166238 8.406091 0.454704
v 0.240850 8.404663 0.428538
v 0.086382 8.515487 0.460195
v 0.168303 8.510151 0.447141
v 0.241636 8.504118 0.421889
v 0.088168 8.615333 0.442120
v 0.169973 8.605626 0.429781
v 0.239740 8.592749 0.406881
v 0.081269 7.989320 0.452592
v 0.157658 8.010269 0.439661
v 0.224694 8.034173 0.415925
v 0.081011 8.083695 0.467681
v 0.158535 8.098028 0.454230
v 0.229322 8.113829 0.428425
v 0.081909 8.187446 0.471991
v 0.160867 8.195423 0.458401
v 0.233951 8.204139 0.431960
v 0.427707 8.416085 0.158081
v 0.415950 8.527318 0.157399
v 0.390365 8.631304 0.158861
v 0.397948 8.411198 0.249195
v 0.389318 8.516900 0.248237
v 0.367880 8.614468 0.248514
v 0.357633 8.407068 0.326142
v 0.352460 8.507145 0.323395
v 0.336594 8.596562 0.319471
v 0.098094 7.758589 0.243025
v 0.192376 7.794567 0.229696
v 0.278432 7.848525 0.209130
v 0.093693 7.793765 0.308246
v 0.182243 7.830147 0.296927
v 0.260264 7.883291 0.281056
v 0.088163 7.843154 0.370856
v 0.170213 7.876201 0.359717
v 0.240125 7.921908 0.343583
v 0.076593 7.514994 0.135086
v 0.148172 7.495265 0.115196
v 0.209722 7.471028 0.083052
v 0.068149 7.580580 0.116295
v 0.131938 7.566417 0.098950
v 0.187006 7.549246 0.070547
v 0.068191 7.638053 0.103143
v 0.132061 7.630234 0.087626
v 0.187292 7.620957 0.061819
v 0.283603 7.436250 -0.014302
v 0.291444 7.433428 -0.075443
v 0.280279 7.441532 -0.140698
v 0.254296 7.526104 -0.017346
v 0.262324 7.525699 -0.073393
v 0.253243 7.533420 -0.133612
v 0.255282 7.609869 -0.019986
v 0.263759 7.611469 -0.072874
v 0.255034 7.618435 -0.129833
v 0.203686 7.491442 -0.269941
v 0.143273 7.524574 -0.323687
v 0.073881 7.551288 -0.361065
v 0.185094 7.573236 -0.253838
v 0.130386 7.598712 -0.304143
v 0.067290 7.619074 -0.339218
v 0.186844 7.648929 -0.243188
v 0.131697 7.667820 -0.290369
v 0.067989 7.682803 -0.323187
v 1.599316 4.001984 -0.079948
v 1.597318 3.999290 -0.135266
v 1.597876 4.001963 -0.190562
v 1.619636 3.999500 -0.076103
v 1.618333 3.996542 -0.134294
v 1.617652 3.999434 -0.192602
v 1.640610 4.002381 -0.078340
v 1.639970 3.999645 -0.133439
v 1.637911 4.002260 -0.188775
v 1.686362 4.079101 -0.201141
v 1.695476 4.079535 -0.136961
v 1.695703 4.080050 -0.073015
v 1.676736 4.046537 -0.195312
v 1.684398 4.046554 -0.134231
v 1.683977 4.047069 -0.073425
v 1.667230 4.024288 -0.188606
v 1.673184 4.023572 -0.133048
v 1.672473 4.024592 -0.077810
v 1.665557 4.080423 0.012522
v 1.639036 4.080233 0.023187
v 1.611326 4.080029 0.011770
v 1.655219 4.047038 0.007826
v 1.630570 4.046496 0.017848
v 1.605205 4.046461 0.006780
v 1.647103 4.024433 -0.006255
v 1.625140 4.023270 0.002461
v 1.603002 4.023884 -0.007451
v 1.571772 4.079749 -0.075575
v 1.564971 4.079710 -0.140345
v 1.567073 4.079726 -0.204883
v 1.570012 4.046083 -0.076461
v 1.564624 4.045786 -0.137942
v 1.567435 4.046085 -0.199170
v 1.573628 4.023556 -0.081007
v 1.569349 4.022639 -0.136804
v 1.572116 4.023568 -0.192352
v 1.796057 4.455753 -0.239244
v 1.802400 4.447197 -0.141775
v 1.798104 4.434150 -0.039341
v 1.794732 4.425367 -0.244713
v 1.803144 4.419102 -0.150513
v 1.801468 4.409111 -0.053131
v 1.787590 4.392569 -0.246917
v 1.797640 4.389360 -0.157146
v 1.797597 4.384050 -0.064154
v 1.640094 4.485019 -0.372261
v 1.686137 4.479165 -0.386291
v 1.734608 4.471211 -0.368140
v 1.638293 4.451523 -0.374522
v 1.683593 4.445522 -0.388279
v 1.731693 4.438068 -0.370540
v 1.634682 4.414152 -0.370559
v 1.678049 4.408369 -0.383741
v 1.724485 4.401828 -0.366852
v 1.624498 4.454909 -0.047665
v 1.605674 4.472732 -0.150760
v 1.597686 4.483087 -0.248066
v 1.623159 4.429695 -0.060495
v 1.605187 4.444116 -0.158671
v 1.597203 4.452036 -0.252957
v 1.623193 4.402590 -0.070032
v 1.604077 4.412139 -0.164114
v 1.595690 4.416952 -0.254287
v 1.693262 4.336899 0.061662
v 1.721235 4.331235 0.064028
v 1.749195 4.332464 0.063170
v 1.696630 4.314206 0.084229
v 1.721291 4.310178 0.083363
v 1.745918 4.309947 0.086206
v 1.695727 4.281268 0.102429
v 1.718303 4.277874 0.100553
v 1.740808 4.277020 0.104876
v 1.653345 4.243606 0.189868
v 1.652434 4.237038 0.170658
v 1.658995 4.229733 0.151998
v 1.648523 4.220098 0.198686
v 1.648958 4.213641 0.180145
v 1.656686 4.206849 0.161991
v 1.647956 4.202385 0.204325
v 1.649191 4.196023 0.187526
v 1.657236 4.190395 0.170646
v 1.745353 4.397216 0.148048
v 1.718614 4.401006 0.153375
v 1.692106 4.402732 0.144452
v 1.744144 4.351284 0.175073
v 1.719583 4.354988 0.177723
v 1.695167 4.356341 0.171593
v 1.740594 4.310146 0.194791
v 1.717120 4.313761 0.196462
v 1.693730 4.315018 0.191300
v 1.785184 4.350531 0.073295
v 1.788314 4.362989 0.090408
v 1.782760 4.376840 0.110813
v 1.778252 4.319418 0.109013
v 1.781914 4.327637 0.127929
v 1.777372 4.336809 0.147619
v 1.771335 4.283620 0.131953
v 1.775469 4.290198 0.151484
v 1.771750 4.297578 0.170661
v 1.657988 4.389495 0.103732
v 1.654303 4.376033 0.083929
v 1.657916 4.362082 0.068293
v 1.663367 4.348178 0.140476
v 1.659737 4.339431 0.121069
v 1.663936 4.329990 0.103372
v 1.663270 4.308580 0.163184
v 1.660050 4.301675 0.144020
v 1.664638 4.293999 0.125520
v 1.703481 4.178360 0.216508
v 1.683171 4.178599 0.216791
v 1.665496 4.182465 0.213455
v 1.708652 4.170327 0.200488
v 1.688105 4.170149 0.199861
v 1.669277 4.174598 0.197321
v 1.713391 4.166749 0.182556
v 1.694758 4.166325 0.181018
v 1.676640 4.170749 0.179598
v 1.725773 4.244807 0.221323
v 1.702645 4.248375 0.222805
v 1.680157 4.249660 0.217721
v 1.715788 4.221195 0.229206
v 1.693292 4.224432 0.230739
v 1.672160 4.225862 0.225722
v 1.706578 4.203200 0.231592
v 1.685721 4.205589 0.233151
v 1.667137 4.207434 0.228427
v 1.690533 4.217476 0.128626
v 1.711470 4.214090 0.126900
v 1.731808 4.213095 0.131695
v 1.688731 4.195084 0.139371
v 1.708845 4.191617 0.137816
v 1.727916 4.190825 0.142454
v 1.687181 4.180023 0.150487
v 1.705692 4.176375 0.149369
v 1.722984 4.176104 0.153363
v 1.758620 4.219150 0.159548
v 1.761681 4.225427 0.179047
v 1.757311 4.232550 0.197951
v 1.751553 4.196589 0.169489
v 1.753179 4.202408 0.188410
v 1.747833 4.209429 0.206586
v 1.742165 4.181151 0.177465
v 1.742223 4.185942 0.194994
v 1.736522 4.192829 0.211433
v 1.670741 5.387224 -0.243569
v 1.682561 5.388300 -0.169654
v 1.671146 5.384773 -0.095880
v 1.699354 5.161301 -0.230542
v 1.708698 5.160928 -0.160578
v 1.698514 5.157593 -0.090941
v 1.718650 4.963216 -0.219869
v 1.725480 4.961281 -0.152508
v 1.716306 4.957771 -0.085553
v 1.356801 5.321272 -0.098490
v 1.341774 5.320798 -0.171712
v 1.349984 5.324926 -0.244795
v 1.436685 5.116103 -0.096101
v 1.422289 5.117504 -0.165381
v 1.427420 5.121867 -0.234333
v 1.504849 4.934739 -0.091584
v 1.490776 4.938161 -0.158464
v 1.492705 4.943159 -0.224938
v 1.582565 5.364698 0.002268
v 1.516708 5.350712 0.014113
v 1.450231 5.337249 0.000758
v 1.624859 5.142817 0.001049
v 1.570790 5.133261 0.011659
v 1.515998 5.124517 -0.001546
v 1.656919 4.946943 0.002717
v 1.614287 4.941007 0.012764
v 1.570815 4.936259 -0.000133
v 1.438565 5.345002 -0.342943
v 1.507628 5.358387 -0.355479
v 1.577311 5.371247 -0.342816
v 1.501075 5.136643 -0.326323
v 1.560197 5.145171 -0.337617
v 1.620041 5.152886 -0.325097
v 1.552093 4.953988 -0.313208
v 1.601969 4.958436 -0.323736
v 1.652685 4.961696 -0.311321
v -0.522015 6.269097 0.262681
v -0.367568 6.257197 0.347229
v -0.189620 6.247393 0.402256
v -0.548832 6.346487 0.234083
v -0.384156 6.341091 0.323909
v -0.197309 6.335027 0.383808
v -0.589789 6.417007 0.207978
v -0.406774 6.424522 0.301888
v -0.207072 6.424782 0.365146
v -0.220443 6.696015 -0.565811
v -0.435689 6.671741 -0.525247
v -0.640214 6.637620 -0.470699
v -0.224684 6.847021 -0.545778
v -0.442598 6.814077 -0.509425
v -0.645732 6.773449 -0.461829
v -0.222615 6.998532 -0.523306
v -0.439857 6.955755 -0.488184
v -0.644951 6.902927 -0.440133
v -1.006981 6.864415 0.066627
v -1.080602 6.839935 0.027768
v -1.124101 6.825743 -0.009021
v -0.998429 6.758296 0.076220
v -1.087280 6.755055 0.037892
v -1.145352 6.757352 -0.001202
v -0.998531 6.623141 0.067752
v -1.105129 6.637117 0.034760
v -1.180201 6.654194 -0.002604
v -0.513559 5.419189 0.365221
v -0.551005 5.228849 0.346198
v -0.597037 4.991978 0.326342
v -0.362186 5.386566 0.428620
v -0.389775 5.191409 0.413545
v -0.426510 4.949844 0.396193
v -0.187047 5.359275 0.464577
v -0.201699 5.158232 0.452026
v -0.223604 4.906894 0.434438
v -0.532513 7.134352 -0.377270
v -0.427145 7.233460 -0.346346
v -0.327786 7.322631 -0.317138
v -0.364365 7.196341 -0.434036
v -0.296415 7.290140 -0.404426
v -0.229340 7.372079 -0.375178
v -0.184587 7.247153 -0.471345
v -0.151482 7.337020 -0.443017
v -0.117887 7.412782 -0.414472
v -0.702796 4.292543 0.314835
v -0.754661 3.826996 0.321032
v -0.799492 3.308897 0.321990
v -0.541764 4.254579 0.375424
v -0.610865 3.798305 0.371350
v -0.671099 3.290038 0.362834
v -0.363940 4.206980 0.392204
v -0.462345 3.764161 0.377054
v -0.542258 3.268460 0.362724
v -0.187340 5.271735 -0.596932
v -0.202088 5.054273 -0.597306
v -0.224114 4.792986 -0.579958
v -0.362714 5.313053 -0.528183
v -0.390478 5.104628 -0.534676
v -0.427428 4.855619 -0.527084
v -0.514210 5.364455 -0.424320
v -0.551871 5.164554 -0.437834
v -0.598167 4.922606 -0.440103
v -0.700707 5.445148 -0.147441
v -0.749170 5.256404 -0.171187
v -0.804366 5.020426 -0.188713
v -0.724101 5.461507 0.004152
v -0.773853 5.275150 -0.021394
v -0.830066 5.040374 -0.043042
v -0.700349 5.461945 0.148042
v -0.748694 5.276022 0.122820
v -0.803744 5.041499 0.099475
v -0.984722 0.580204 -0.147413
v -0.991660 0.433318 -0.162300
v -1.000625 0.348633 -0.169107
v -1.002850 0.580374 -0.076667
v -1.011337 0.433446 -0.087477
v -1.023011 0.348638 -0.087807
v -0.992577 0.580194 -0.005879
v -1.002703 0.433237 -0.010787
v -1.018326 0.348170 0.000450
v -0.364658 4.114985 -0.435259
v -0.463699 3.698452 -0.331062
v -0.545413 3.227529 -0.240623
v -0.542825 4.175910 -0.418726
v -0.612179 3.740002 -0.328280
v -0.673359 3.252877 -0.243496
v -0.704019 4.234050 -0.358254
v -0.755745 3.782861 -0.280823
v -0.800548 3.280426 -0.205407
v -0.905770 4.316287 -0.149841
v -0.943483 3.845282 -0.097108
v -0.970943 3.321361 -0.045489
v -0.931022 4.333014 -0.022073
v -0.967232 3.857988 0.017827
v -0.992839 3.329660 0.056191
v -0.905124 4.334027 0.105783
v -0.943105 3.858707 0.133282
v -0.971094 3.330038 0.158347
v -0.144784 4.028996 0.192364
v -0.270207 3.676591 0.196094
v -0.371313 3.224382 0.203150
v -0.129697 3.964528 -0.006875
v -0.249413 3.643738 0.029249
v -0.350819 3.208683 0.063647
v -0.144922 3.978142 -0.214318
v -0.270855 3.641593 -0.140556
v -0.373260 3.203244 -0.076637
v -1.014223 0.224369 -0.172317
v -1.010326 0.157794 -0.169839
v -0.991654 0.098739 -0.163029
v -1.043217 0.223430 -0.081874
v -1.040367 0.155042 -0.080362
v -1.018457 0.092359 -0.078025
v -1.054640 0.220046 0.025150
v -1.056719 0.150463 0.026990
v -1.034494 0.086685 0.028034
v -0.584267 0.575355 -0.006351
v -0.577273 0.428307 -0.012377
v -0.563612 0.342953 -0.000216
v -0.584308 0.575187 -0.079878
v -0.580049 0.428199 -0.090817
v -0.570914 0.343187 -0.090819
v -0.612759 0.575373 -0.152883
v -0.611216 0.428446 -0.166609
v -0.605577 0.343608 -0.172894
v -0.873959 0.579023 0.090250
v -0.880472 0.433551 0.093192
v -0.891029 0.353026 0.124837
v -0.780653 0.578085 0.103215
v -0.781661 0.433255 0.106380
v -0.782967 0.354585 0.139808
v -0.689093 0.576954 0.091507
v -0.684630 0.431415 0.093503
v -0.676402 0.350700 0.126476
v -0.731416 0.576758 -0.248275
v -0.733753 0.429851 -0.264697
v -0.733451 0.345080 -0.275313
v -0.806561 0.577789 -0.258689
v -0.810169 0.430891 -0.276104
v -0.812508 0.346150 -0.287513
v -0.879935 0.578820 -0.244535
v -0.884609 0.431930 -0.262288
v -0.889433 0.347221 -0.273502
v -0.190444 6.264521 -0.620517
v -0.369070 6.270988 -0.563537
v -0.523897 6.278664 -0.476669
v -0.197290 6.359376 -0.612675
v -0.384237 6.360488 -0.558946
v -0.549175 6.359757 -0.477467
v -0.204980 6.452693 -0.599867
v -0.403304 6.445744 -0.549635
v -0.586225 6.430404 -0.474359
v -0.713720 6.288529 -0.239757
v -0.736934 6.288779 -0.104934
v -0.712662 6.286077 0.029355
v -0.748113 6.350016 -0.255060
v -0.770762 6.345708 -0.127642
v -0.747751 6.346727 0.000630
v -0.800814 6.373239 -0.265902
v -0.819706 6.359290 -0.145794
v -0.801917 6.370416 -0.024632
v -0.667602 6.639749 0.190539
v -0.457312 6.659383 0.269651
v -0.232303 6.670709 0.327013
v -0.690226 6.788724 0.189816
v -0.476623 6.809968 0.256715
v -0.243005 6.825773 0.306737
v -0.703216 6.929482 0.179142
v -0.483906 6.958629 0.240374
v -0.246145 6.980776 0.284734
v -1.259443 6.680551 -0.267022
v -1.270278 6.684450 -0.194245
v -1.260202 6.680497 -0.119167
v -1.199996 6.763947 -0.250910
v -1.208020 6.767868 -0.182280
v -1.201622 6.766600 -0.111999
v -1.153335 6.813809 -0.231961
v -1.158545 6.818820 -0.168975
v -1.157265 6.819559 -0.105729
v -0.973023 6.607183 -0.399497
v -1.086182 6.624089 -0.386263
v -1.169501 6.646998 -0.364852
v -0.957922 6.727120 -0.389900
v -1.058747 6.729955 -0.369519
v -1.129391 6.741445 -0.345272
v -0.955557 6.821301 -0.361005
v -1.045275 6.805909 -0.338672
v -1.103409 6.802949 -0.315939
v -1.615994 4.693894 -0.315198
v -1.630762 4.615299 -0.330004
v -1.637807 4.560092 -0.347719
v -1.656769 4.692521 -0.326169
v -1.672088 4.612075 -0.341980
v -1.681189 4.555577 -0.360766
v -1.698715 4.689081 -0.312322
v -1.714817 4.606417 -0.326623
v -1.726261 4.548439 -0.343912
v -0.986980 6.933623 -0.225347
v -1.050586 6.894351 -0.219461
v -1.089132 6.867094 -0.215065
v -1.007751 6.955809 -0.132288
v -1.061578 6.913484 -0.139794
v -1.094084 6.880894 -0.147413
v -1.017172 6.960585 -0.042325
v -1.071037 6.915108 -0.063530
v -1.101848 6.881570 -0.082842
v -1.733520 4.297885 0.023614
v -1.715155 4.243408 0.015332
v -1.696092 4.182720 0.012485
v -1.702940 4.297074 0.033957
v -1.685772 4.243840 0.026898
v -1.667614 4.183246 0.024083
v -1.670740 4.301376 0.022920
v -1.654180 4.245632 0.014893
v -1.637045 4.183753 0.012130
v -1.702463 4.662910 0.027498
v -1.719540 4.572625 0.051947
v -1.733347 4.504148 0.081868
v -1.673936 4.661793 0.038403
v -1.692611 4.572989 0.063602
v -1.705659 4.505834 0.093527
v -1.644273 4.662710 0.024600
v -1.664553 4.575522 0.048798
v -1.677218 4.509029 0.078392
v -1.592411 4.672533 -0.074763
v -1.612622 4.590459 -0.062248
v -1.622592 4.530180 -0.048205
v -1.576812 4.680180 -0.147661
v -1.595211 4.600920 -0.144484
v -1.603215 4.544635 -0.142669
v -1.573289 4.687338 -0.219916
v -1.589697 4.609623 -0.224978
v -1.596169 4.555088 -0.232554
v -1.750596 4.679430 -0.213170
v -1.766898 4.592851 -0.217267
v -1.781185 4.532379 -0.224033
v -1.753921 4.674384 -0.140412
v -1.769706 4.586139 -0.136351
v -1.784368 4.523900 -0.133767
v -1.745187 4.669637 -0.067996
v -1.760755 4.579672 -0.054768
v -1.775696 4.514202 -0.040017
v -1.597218 4.079353 -0.290420
v -1.596194 4.046116 -0.280421
v -1.597486 4.023727 -0.263908
v -1.621412 4.079012 -0.300493
v -1.618452 4.045843 -0.290021
v -1.617393 4.022941 -0.272313
v -1.646808 4.078821 -0.288486
v -1.641543 4.046160 -0.278554
v -1.637855 4.023960 -0.262161
v -1.612826 4.312587 -0.082024
v -1.600722 4.249491 -0.083947
v -1.588477 4.184694 -0.081676
v -1.594150 4.314606 -0.163928
v -1.585442 4.250237 -0.158758
v -1.576649 4.184904 -0.151627
v -1.587476 4.315115 -0.243446
v -1.581276 4.250143 -0.232722
v -1.575089 4.184704 -0.221282
v -1.622172 4.310673 -0.346604
v -1.614355 4.246498 -0.329858
v -1.606891 4.182312 -0.313377
v -1.659031 4.306459 -0.358426
v -1.647333 4.243451 -0.341092
v -1.636188 4.180430 -0.324120
v -1.698865 4.302377 -0.343650
v -1.682922 4.240644 -0.327285
v -1.667627 4.178767 -0.311128
v -1.756970 4.298910 -0.238026
v -1.736501 4.238874 -0.228122
v -1.716209 4.178087 -0.217282
v -1.768403 4.299777 -0.159312
v -1.747837 4.240093 -0.154965
v -1.727175 4.179152 -0.148351
v -1.768819 4.301134 -0.078846
v -1.748354 4.241851 -0.081480
v -1.727909 4.180590 -0.079570
v -1.409217 6.365878 -0.280284
v -1.490040 6.139485 -0.276834
v -1.565177 5.889237 -0.268519
v -1.423919 6.370092 -0.202607
v -1.505352 6.143393 -0.197806
v -1.580196 5.892510 -0.189417
v -1.410355 6.363307 -0.122907
v -1.491478 6.137075 -0.117333
v -1.566707 5.887251 -0.109523
v -0.978502 6.189572 -0.073596
v -1.079194 5.991461 -0.090341
v -1.176217 5.770040 -0.097590
v -0.971305 6.174617 -0.169674
v -1.065596 5.984115 -0.175618
v -1.160607 5.766240 -0.177673
v -0.976014 6.191008 -0.266981
v -1.076745 5.992981 -0.262139
v -1.172950 5.771718 -0.258523
v -1.300113 6.319741 -0.006123
v -1.378186 6.095946 -0.003173
v -1.456623 5.852642 0.000644
v -1.209239 6.288841 0.020386
v -1.290460 6.066477 0.017351
v -1.373735 5.827721 0.017030
v -1.104699 6.257864 0.025953
v -1.198599 6.037100 0.012090
v -1.289961 5.803082 0.006320
v -1.098233 6.260135 -0.385196
v -1.193235 6.040833 -0.376646
v -1.283434 5.807167 -0.368734
v -1.202918 6.291572 -0.394504
v -1.285139 6.070810 -0.391279
v -1.367649 5.832251 -0.384184
v -1.295405 6.323478 -0.381048
v -1.373834 6.100570 -0.379611
v -1.451833 5.857035 -0.372473
v -0.726684 0.024340 -0.164676
v -0.709448 0.009203 -0.078304
v -0.696123 0.001865 0.032937
v -0.807876 0.016339 -0.168035
v -0.802346 0.000202 -0.079392
v -0.797645 -0.007227 0.031340
v -0.888148 0.026344 -0.163414
v -0.894751 0.011417 -0.078038
v -0.898835 0.004209 0.030051
v -0.532556 0.214040 0.030054
v -0.533521 0.144421 0.033646
v -0.557999 0.081175 0.034720
v -0.554957 0.217564 -0.083468
v -0.559977 0.149273 -0.081327
v -0.583464 0.087144 -0.078674
v -0.596521 0.219076 -0.175749
v -0.602006 0.152637 -0.173064
v -0.621230 0.094093 -0.165914
v -0.534473 0.179521 0.313948
v -0.553820 0.151908 0.457534
v -0.588302 0.127457 0.574178
v -0.522129 0.119486 0.317733
v -0.538712 0.100969 0.462381
v -0.574336 0.084264 0.583131
v -0.543810 0.063260 0.316811
v -0.558081 0.051959 0.458310
v -0.590445 0.043284 0.574142
v -0.732218 0.220758 -0.284585
v -0.734520 0.154429 -0.279375
v -0.739265 0.095940 -0.260961
v -0.815445 0.221767 -0.297654
v -0.816006 0.154606 -0.292173
v -0.815232 0.093945 -0.272303
v -0.896375 0.223005 -0.283072
v -0.895217 0.156614 -0.277951
v -0.889115 0.097941 -0.259648
v -0.904170 0.107914 0.643245
v -0.910793 0.067403 0.657504
v -0.906111 0.031704 0.643053
v -0.813335 0.105631 0.680704
v -0.815451 0.063327 0.698381
v -0.815395 0.026449 0.680494
v -0.720629 0.105348 0.685567
v -0.717937 0.064678 0.703695
v -0.722570 0.029138 0.685374
v -0.690004 -0.008013 0.304115
v -0.698729 -0.011415 0.438902
v -0.713832 -0.008696 0.551250
v -0.797843 -0.016028 0.294867
v -0.802701 -0.018561 0.426657
v -0.808307 -0.014738 0.540485
v -0.905323 -0.005457 0.285218
v -0.906127 -0.008831 0.411108
v -0.901791 -0.006247 0.518865
v -1.048843 0.069254 0.272428
v -1.044104 0.058038 0.391805
v -1.022722 0.048973 0.496172
v -1.068133 0.125952 0.270491
v -1.061551 0.107510 0.390665
v -1.037620 0.090385 0.498155
v -1.052638 0.185619 0.271071
v -1.043897 0.158018 0.391523
v -1.021087 0.133150 0.496270
v -0.904831 0.262137 0.297674
v -0.902923 0.222729 0.414711
v -0.897658 0.185297 0.519635
v -0.790723 0.268685 0.312942
v -0.797088 0.228983 0.431886
v -0.803591 0.189630 0.541488
v -0.677193 0.259491 0.315081
v -0.691471 0.220113 0.442010
v -0.709193 0.182844 0.551958
v -0.655942 2.179856 -0.158344
v -0.689301 1.658977 -0.167423
v -0.711357 1.193103 -0.193850
v -0.756410 2.186434 -0.163645
v -0.778986 1.661785 -0.173976
v -0.792834 1.194448 -0.201760
v -0.856338 2.193573 -0.137763
v -0.867819 1.664760 -0.152670
v -0.873122 1.195814 -0.183988
v -0.854286 2.199897 0.267541
v -0.864730 1.666634 0.213733
v -0.868858 1.196048 0.157987
v -0.748475 2.194664 0.293718
v -0.766484 1.664224 0.234622
v -0.775398 1.194753 0.174919
v -0.643204 2.188870 0.288712
v -0.669089 1.661648 0.227652
v -0.683127 1.193437 0.166167
v -0.507185 2.178365 0.166773
v -0.546818 1.657381 0.118258
v -0.571124 1.191569 0.065012
v -0.493800 2.174996 0.065407
v -0.537550 1.656235 0.029799
v -0.565690 1.191256 -0.014479
v -0.515684 2.173747 -0.036009
v -0.560353 1.656013 -0.058589
v -0.590041 1.191398 -0.093825
v -0.992357 2.204078 -0.015824
v -0.990090 1.669027 -0.043275
v -0.985125 1.197682 -0.082833
v -1.011085 2.206102 0.064666
v -1.007920 1.669774 0.030848
v -1.002541 1.197946 -0.012363
v -0.994544 2.206006 0.145206
v -0.993679 1.669598 0.104899
v -0.990173 1.197754 0.057962
v -0.222746 7.769312 -0.239557
v -0.246719 7.818439 -0.248041
v -0.270675 7.870335 -0.264911
v -0.157011 7.780209 -0.284888
v -0.173910 7.827904 -0.294989
v -0.190801 7.879397 -0.314472
v -0.081060 7.788724 -0.316152
v -0.089784 7.835258 -0.327237
v -0.098506 7.886415 -0.348318
v -0.782126 7.097617 -0.015912
v -0.622834 7.178477 -0.013460
v -0.472843 7.260779 -0.012149
v -0.784435 7.083040 -0.112122
v -0.629472 7.164443 -0.099973
v -0.480826 7.250358 -0.088840
v -0.749649 7.074592 -0.210231
v -0.599129 7.164783 -0.188708
v -0.457960 7.255676 -0.168534
v -0.208075 7.227614 0.235369
v -0.169795 7.312294 0.209016
v -0.129900 7.382453 0.182819
v -0.407893 7.196859 0.199993
v -0.329872 7.281751 0.178115
v -0.251088 7.354219 0.156064
v -0.588603 7.156937 0.145128
v -0.469163 7.242589 0.129412
v -0.354682 7.318484 0.113498
v -0.435587 7.985455 -0.007849
v -0.454444 8.084884 -0.021830
v -0.463716 8.192455 -0.036126
v -0.438450 7.990283 -0.096786
v -0.454506 8.086901 -0.118058
v -0.462645 8.194576 -0.139536
v -0.420254 7.996403 -0.180860
v -0.434662 8.091973 -0.210041
v -0.442037 8.199813 -0.238938
v -0.304348 7.737838 -0.018723
v -0.338167 7.785934 -0.013286
v -0.373641 7.836062 -0.005162
v -0.314391 7.743970 -0.071706
v -0.348606 7.794574 -0.071182
v -0.383328 7.846472 -0.072898
v -0.303986 7.750494 -0.128507
v -0.336747 7.801597 -0.131871
v -0.369525 7.853958 -0.140416
v -0.081131 7.705477 0.100678
v -0.089158 7.717372 0.115061
v -0.095864 7.724992 0.142500
v -0.157222 7.712486 0.086339
v -0.173431 7.732848 0.100209
v -0.187853 7.749311 0.126897
v -0.223179 7.721647 0.061883
v -0.247513 7.753351 0.074504
v -0.271343 7.783340 0.099232
v -0.668636 6.073446 -0.189253
v -0.654557 5.930406 -0.159930
v -0.652162 5.773745 -0.138328
v -0.690634 6.078102 -0.043013
v -0.676213 5.937733 -0.010543
v -0.673875 5.784028 0.012827
v -0.667591 6.075761 0.098265
v -0.653767 5.936100 0.131743
v -0.651638 5.783154 0.155423
v -0.178715 6.009648 -0.615548
v -0.174888 5.842283 -0.605670
v -0.174176 5.658570 -0.596690
v -0.346088 6.025060 -0.550799
v -0.338688 5.863354 -0.536935
v -0.337323 5.685940 -0.525268
v -0.490774 6.044233 -0.452719
v -0.480314 5.889665 -0.433561
v -0.478414 5.720192 -0.418381
v -0.488876 6.050736 0.323287
v -0.478879 5.907391 0.350339
v -0.477462 5.750251 0.369145
v -0.344547 6.033170 0.395324
v -0.337524 5.886656 0.416431
v -0.336551 5.725936 0.431098
v -0.177862 6.018839 0.438989
v -0.174244 5.869643 0.454986
v -0.173748 5.705894 0.466144
v -0.280276 8.791059 0.170412
v -0.267847 8.759958 0.261771
v -0.252624 8.718852 0.331251
v -0.196738 8.840452 0.178635
v -0.189171 8.803212 0.272875
v -0.180551 8.753112 0.345646
v -0.101341 8.869795 0.185268
v -0.097813 8.828577 0.281428
v -0.094008 8.773373 0.355681
v -0.392228 8.004579 0.175805
v -0.361139 8.026480 0.258883
v -0.324200 8.044052 0.327629
v -0.416131 8.098873 0.169201
v -0.383616 8.111993 0.255417
v -0.342275 8.122025 0.329157
v -0.427355 8.198764 0.164229
v -0.394670 8.204882 0.252912
v -0.351894 8.209449 0.329132
v -0.307705 8.013023 -0.327309
v -0.318235 8.109109 -0.367967
v -0.323660 8.218548 -0.407267
v -0.216930 8.022279 -0.382824
v -0.224372 8.118785 -0.426104
v -0.228210 8.229318 -0.467590
v -0.112003 8.029430 -0.419890
v -0.115850 8.126268 -0.464338
v -0.117836 8.237689 -0.506692
v -0.289586 8.808643 -0.305346
v -0.294030 8.826373 -0.192659
v -0.293899 8.826225 -0.065977
v -0.206733 8.857789 -0.332034
v -0.206995 8.880744 -0.206558
v -0.205793 8.881539 -0.069468
v -0.107631 8.889047 -0.351954
v -0.106868 8.914234 -0.217359
v -0.105864 8.915186 -0.072246
v -0.320228 8.464615 -0.457946
v -0.311143 8.585763 -0.459299
v -0.297883 8.689712 -0.438963
v -0.225936 8.481143 -0.520476
v -0.220546 8.607847 -0.519612
v -0.213535 8.719639 -0.492186
v -0.116711 8.494159 -0.560288
v -0.114273 8.624950 -0.558099
v -0.111383 8.741836 -0.526928
v -0.459589 8.425586 -0.055361
v -0.443840 8.543522 -0.059313
v -0.413581 8.653748 -0.061235
v -0.457647 8.430820 -0.168451
v -0.441562 8.549083 -0.173983
v -0.411442 8.657848 -0.176420
v -0.437011 8.438077 -0.277328
v -0.421967 8.555074 -0.282683
v -0.394737 8.658322 -0.281236
v -0.084829 8.407681 0.468096
v -0.086382 8.515488 0.460195
v -0.088168 8.615334 0.442120
v -0.166238 8.406091 0.454704
v -0.168303 8.510151 0.447141
v -0.169973 8.605626 0.429781
v -0.240850 8.404663 0.428538
v -0.241636 8.504118 0.421889
v -0.239740 8.592748 0.406881
v -0.081269 7.989320 0.452592
v -0.081011 8.083695 0.467681
v -0.081909 8.187445 0.471991
v -0.157658 8.010270 0.439661
v -0.158535 8.098028 0.454230
v -0.160867 8.195423 0.458401
v -0.224694 8.034174 0.415925
v -0.229322 8.113829 0.428425
v -0.233951 8.204138 0.431960
v -0.427707 8.416084 0.158081
v -0.397948 8.411198 0.249195
v -0.357633 8.407067 0.326142
v -0.415950 8.527318 0.157399
v -0.389318 8.516900 0.248237
v -0.352460 8.507145 0.323395
v -0.390365 8.631304 0.158861
v -0.367880 8.614469 0.248514
v -0.336594 8.596562 0.319471
v -0.098094 7.758589 0.243025
v -0.093693 7.793764 0.308246
v -0.088163 7.843154 0.370856
v -0.192376 7.794567 0.229696
v -0.182243 7.830147 0.296927
v -0.170213 7.876200 0.359717
v -0.278432 7.848525 0.209130
v -0.260264 7.883291 0.281056
v -0.240125 7.921907 0.343583
v -0.076593 7.514994 0.135086
v -0.068149 7.580580 0.116295
v -0.068191 7.638053 0.103143
v -0.148172 7.495265 0.115196
v -0.131938 7.566417 0.098950
v -0.132061 7.630233 0.087626
v -0.209722 7.471029 0.083052
v -0.187006 7.549245 0.070547
v -0.187292 7.620956 0.061819
v -0.283603 7.436250 -0.014302
v -0.254296 7.526103 -0.017346
v -0.255282 7.609869 -0.019986
v -0.291444 7.433428 -0.075443
v -0.262324 7.525700 -0.073393
v -0.263759 7.611469 -0.072874
v -0.280279 7.441532 -0.140698
v -0.253243 7.533419 -0.133612
v -0.255034 7.618435 -0.129833
v -0.203686 7.491441 -0.269941
v -0.185094 7.573236 -0.253838
v -0.186844 7.648928 -0.243188
v -0.143273 7.524575 -0.323687
v -0.130386 7.598712 -0.304143
v -0.131697 7.667820 -0.290368
v -0.073881 7.551288 -0.361065
v -0.067290 7.619074 -0.339218
v -0.067989 7.682804 -0.323187
v -1.599316 4.001984 -0.079948
v -1.619636 3.999500 -0.076103
v -1.640610 4.002381 -0.078340
v -1.597318 3.999290 -0.135266
v -1.618333 3.996541 -0.134294
v -1.639970 3.999645 -0.133439
v -1.597876 4.001963 -0.190562
v -1.617652 3.999434 -0.192602
v -1.637911 4.002260 -0.188775
v -1.686362 4.079101 -0.201141
v -1.676736 4.046538 -0.195312
v -1.667230 4.024288 -0.188606
v -1.695476 4.079535 -0.136961
v -1.684398 4.046554 -0.134231
v -1.673184 4.023572 -0.133048
v -1.695703 4.080050 -0.073015
v -1.683977 4.047069 -0.073425
v -1.672473 4.024592 -0.077810
v -1.665558 4.080423 0.012522
v -1.655219 4.047038 0.007826
v -1.647103 4.024434 -0.006255
v -1.639036 4.080233 0.023187
v -1.630570 4.046496 0.017848
v -1.625140 4.023270 0.002461
v -1.611326 4.080029 0.011770
v -1.605205 4.046461 0.006780
v -1.603002 4.023884 -0.007451
v -1.571772 4.079749 -0.075575
v -1.570012 4.046083 -0.076461
v -1.573628 4.023556 -0.081007
v -1.564971 4.079710 -0.140345
v -1.564624 4.045785 -0.137942
v -1.569349 4.022639 -0.136804
v -1.567072 4.079726 -0.204883
v -1.567435 4.046085 -0.199170
v -1.572116 4.023568 -0.192352
v -1.796057 4.455753 -0.239244
v -1.794732 4.425367 -0.244713
v -1.787590 4.392569 -0.246917
v -1.802400 4.447197 -0.141775
v -1.803144 4.419102 -0.150513
v -1.797640 4.389360 -0.157146
v -1.798104 4.434150 -0.039341
v -1.801468 4.409111 -0.053131
v -1.797597 4.384050 -0.064154
v -1.640094 4.485020 -0.372261
v -1.638293 4.451523 -0.374522
v -1.634682 4.414152 -0.370559
v -1.686137 4.479164 -0.386291
v -1.683593 4.445522 -0.388279
v -1.678049 4.408370 -0.383741
v -1.734608 4.471210 -0.368140
v -1.731693 4.438069 -0.370540
v -1.724485 4.401828 -0.366852
v -1.624498 4.454910 -0.047665
v -1.623159 4.429695 -0.060495
v -1.623193 4.402590 -0.070032
v -1.605674 4.472732 -0.150760
v -1.605187 4.444115 -0.158671
v -1.604077 4.412140 -0.164114
v -1.597686 4.483086 -0.248066
v -1.597204 4.452036 -0.252957
v -1.595691 4.416953 -0.254287
v -1.693262 4.336899 0.061662
v -1.696630 4.314206 0.084229
v -1.695727 4.281268 0.102429
v -1.721235 4.331235 0.064028
v -1.721291 4.310178 0.083363
v -1.718303 4.277874 0.100553
v -1.749195 4.332464 0.063170
v -1.745917 4.309947 0.086206
v -1.740808 4.277020 0.104876
v -1.653345 4.243605 0.189868
v -1.648523 4.220098 0.198686
v -1.647956 4.202385 0.204325
v -1.652434 4.237038 0.170658
v -1.648958 4.213642 0.180145
v -1.649191 4.196023 0.187526
v -1.658995 4.229733 0.151998
v -1.656686 4.206849 0.161991
v -1.657236 4.190394 0.170646
v -1.745353 4.397216 0.148048
v -1.744144 4.351284 0.175073
v -1.740594 4.310146 0.194791
v -1.718614 4.401006 0.153375
v -1.719583 4.354988 0.177723
v -1.717120 4.313762 0.196462
v -1.692106 4.402732 0.144451
v -1.695167 4.356341 0.171593
v -1.693729 4.315018 0.191300
v -1.785184 4.350530 0.073295
v -1.778252 4.319418 0.109013
v -1.771335 4.283620 0.131953
v -1.788313 4.362989 0.090408
v -1.781914 4.327637 0.127929
v -1.775469 4.290199 0.151484
v -1.782760 4.376840 0.110813
v -1.777372 4.336809 0.147619
v -1.771750 4.297578 0.170661
v -1.657988 4.389495 0.103732
v -1.663367 4.348178 0.140476
v -1.663270 4.308580 0.163184
v -1.654303 4.376034 0.083929
v -1.659737 4.339431 0.121069
v -1.660050 4.301674 0.144020
v -1.657916 4.362082 0.068293
v -1.663936 4.329990 0.103372
v -1.664638 4.293999 0.125520
v -1.703480 4.178360 0.216508
v -1.708652 4.170327 0.200488
v -1.713391 4.166749 0.182556
v -1.683171 4.178599 0.216791
v -1.688105 4.170148 0.199861
v -1.694758 4.166325 0.181018
v -1.665496 4.182465 0.213455
v -1.669277 4.174597 0.197321
v -1.676640 4.170749 0.179598
v -1.725773 4.244807 0.221323
v -1.715788 4.221194 0.229206
v -1.706578 4.203200 0.231592
v -1.702645 4.248376 0.222805
v -1.693292 4.224432 0.230739
v -1.685721 4.205590 0.233151
v -1.680157 4.249660 0.217721
v -1.672160 4.225861 0.225722
v -1.667137 4.207434 0.228427
v -1.690533 4.217477 0.128626
v -1.688731 4.195084 0.139371
v -1.687181 4.180023 0.150487
v -1.711470 4.214090 0.126900
v -1.708845 4.191617 0.137816
v -1.705692 4.176374 0.149369
v -1.731808 4.213096 0.131695
v -1.727916 4.190825 0.142454
v -1.722984 4.176104 0.153363
v -1.758620 4.219150 0.159548
v -1.751553 4.196589 0.169489
v -1.742165 4.181152 0.177465
v -1.761681 4.225427 0.179047
v -1.753179 4.202408 0.188410
v -1.742223 4.185942 0.194994
v -1.757311 4.232550 0.197951
v -1.747833 4.209429 0.206586
v -1.736522 4.192828 0.211433
v -1.670741 5.387224 -0.243569
v -1.699354 5.161302 -0.230542
v -1.718651 4.963216 -0.219869
v -1.682561 5.388299 -0.169654
v -1.708698 5.160928 -0.160578
v -1.725479 4.961281 -0.152508
v -1.671146 5.384773 -0.095880
v -1.698514 5.157593 -0.090941
v -1.716306 4.957771 -0.085553
v -1.356801 5.321272 -0.098490
v -1.436685 5.116102 -0.096101
v -1.504849 4.934739 -0.091584
v -1.341774 5.320798 -0.171712
v -1.422289 5.117504 -0.165381
v -1.490776 4.938161 -0.158464
v -1.349983 5.324927 -0.244795
v -1.427420 5.121866 -0.234333
v -1.492706 4.943159 -0.224938
v -1.582565 5.364698 0.002268
v -1.624859 5.142817 0.001049
v -1.656919 4.946943 0.002717
v -1.516708 5.350712 0.014113
v -1.570790 5.133261 0.011659
v -1.614287 4.941007 0.012764
v -1.450231 5.337248 0.000758
v -1.515999 5.124517 -0.001546
v -1.570815 4.936259 -0.000133
v -1.438564 5.345002 -0.342943
v -1.501075 5.136642 -0.326323
v -1.552093 4.953988 -0.313208
v -1.507628 5.358387 -0.355479
v -1.560197 5.145171 -0.337617
v -1.601968 4.958436 -0.323736
v -1.577311 5.371247 -0.342816
v -1.620041 5.152886 -0.325097
v -1.652685 4.961696 -0.311321
vn -0.0000 0.1468 0.9892
vn -0.0000 0.2128 0.9771
vn -0.0000 -0.0137 -0.9999
vn -0.0000 0.2143 -0.9768
vn 0.7780 0.0487 0.6263
vn 0.5107 0.5966 0.6191
vn 0.7927 -0.2344 -0.5627
vn 0.4364 0.6131 -0.6586
vn -0.0000 -0.2140 0.9768
vn -0.0000 -0.3671 -0.9302
vn 0.7246 0.1017 0.6817
vn 0.7394 0.0553 -0.6710
vn -0.6529 -0.1195 0.7480
vn -0.6577 -0.1333 -0.7414
vn 0.6823 -0.0013 0.7311
vn 0.6869 -0.0123 -0.7267
vn -0.6211 0.0714 -0.7805
vn -0.7007 0.6533 0.2868
vn 0.6779 0.1015 -0.7281
vn 0.6706 0.6697 0.3192
vn 0.1386 -0.4581 0.8780
vn -0.0000 0.1400 -0.9901
vn -0.0000 0.1509 0.9885
vn -0.0393 -0.4478 -0.8932
vn 0.6013 0.3088 -0.7369
vn 0.6935 0.2937 0.6579
vn 0.5290 0.7741 -0.3477
vn 0.7839 0.6020 0.1520
vn -0.9249 0.0934 -0.3685
vn -0.8920 0.1652 0.4207
vn 0.8829 0.2377 -0.4051
vn 0.8538 0.3723 0.3638
vn -0.9342 -0.0009 -0.3568
vn -0.8731 0.1840 0.4514
vn 0.8456 -0.3081 -0.4360
vn 0.8966 -0.2718 0.3496
vn 0.6844 0.1147 -0.7200
vn -0.6558 -0.2763 -0.7026
vn -0.6458 -0.2525 0.7206
vn 0.6913 0.1652 0.7035
vn -0.4493 -0.6833 -0.5755
vn -0.4931 -0.8677 -0.0631
vn 0.4966 -0.6900 -0.5265
vn 0.5084 -0.8584 -0.0685
vn -0.2840 0.8161 0.5034
vn 0.4233 0.7709 0.4759
vn -0.3264 -0.8996 0.2901
vn 0.4413 -0.8578 0.2635
vn 0.6439 -0.0740 0.7615
vn 0.6744 0.0787 -0.7342
vn -0.6282 0.0488 -0.7765
vn -0.6839 -0.0946 0.7234
vn -0.0000 0.3693 0.9293
vn -0.0000 0.3949 -0.9187
vn 0.7176 0.6567 -0.2317
vn 0.6564 0.7114 0.2512
vn -0.0000 -0.9572 0.2895
vn -0.0000 -0.4535 -0.8913
vn 0.6911 -0.4349 -0.5773
vn 0.8094 -0.4908 0.3225
vn -0.0000 -0.0034 1.0000
vn 0.7525 0.0897 0.6525
vn 0.8270 0.1166 -0.5500
vn -0.0000 0.0022 -1.0000
vn -0.0000 -0.0074 1.0000
vn -0.0000 -0.2028 -0.9792
vn 0.8206 -0.0942 -0.5637
vn 0.9862 0.0166 0.1649
vn -0.0000 0.9836 0.1802
vn -0.0000 0.7612 -0.6485
vn 0.7849 0.4852 -0.3854
vn 0.8145 0.5629 0.1408
vn -0.0000 0.0173 0.9999
vn -0.0000 -0.4922 0.8705
vn 0.6402 -0.3507 0.6835
vn 0.6557 -0.0103 0.7550
vn 0.6195 0.3570 0.6991
vn -0.0000 0.4810 0.8767
vn -0.0000 0.0503 -0.9987
vn 0.7798 -0.2627 -0.5682
vn 0.7143 -0.2874 0.6381
vn -0.6256 -0.7515 -0.2093
vn -0.6362 -0.7346 0.2356
vn 0.5928 -0.7751 -0.2186
vn 0.5579 -0.8083 0.1882
vn -0.9038 -0.2363 0.3569
vn 0.8191 -0.5637 0.1062
vn -0.9344 0.0142 -0.3560
vn 0.8100 -0.3321 -0.4834
vn -0.6861 0.3793 0.6208
vn 0.6473 0.1578 0.7457
vn 0.6829 -0.3828 -0.6222
vn -0.6458 -0.2449 -0.7232
vn -0.7219 -0.3262 0.6103
vn 0.3293 -0.5189 0.7888
vn 0.4413 -0.8836 -0.1563
vn -0.5318 -0.7358 -0.4194
vn 0.8415 0.1157 -0.5277
vn -0.8270 -0.2101 0.5215
vn -0.8300 -0.2338 -0.5064
vn 0.8498 0.1468 0.5063
vn -0.7780 0.0487 0.6263
vn -0.5107 0.5966 0.6191
vn -0.7927 -0.2344 -0.5627
vn -0.4364 0.6131 -0.6586
vn -0.7246 0.1017 0.6817
vn -0.7394 0.0553 -0.6710
vn 0.6529 -0.1195 0.7480
vn 0.6577 -0.1333 -0.7414
vn -0.6823 -0.0013 0.7311
vn -0.6869 -0.0123 -0.7267
vn 0.6211 0.0714 -0.7805
vn 0.7007 0.6533 0.2868
vn -0.6779 0.1015 -0.7281
vn -0.6706 0.6697 0.3192
vn -0.1386 -0.4581 0.8780
vn 0.0393 -0.4478 -0.8932
vn -0.6013 0.3088 -0.7369
vn -0.6935 0.2937 0.6579
vn -0.5289 0.7741 -0.3477
vn -0.7839 0.6020 0.1520
vn 0.9249 0.0934 -0.3685
vn 0.8920 0.1652 0.4207
vn -0.8829 0.2377 -0.4051
vn -0.8538 0.3724 0.3638
vn 0.9342 -0.0009 -0.3568
vn 0.8731 0.1840 0.4514
vn -0.8456 -0.3081 -0.4360
vn -0.8966 -0.2718 0.3496
vn -0.6844 0.1147 -0.7200
vn 0.6558 -0.2763 -0.7026
vn 0.6458 -0.2525 0.7206
vn -0.6913 0.1652 0.7035
vn 0.4493 -0.6833 -0.5755
vn 0.4931 -0.8677 -0.0631
vn -0.4966 -0.6900 -0.5265
vn -0.5084 -0.8584 -0.0685
vn 0.2840 0.8161 0.5034
vn -0.4233 0.7709 0.4759
vn 0.3264 -0.8996 0.2901
vn -0.4413 -0.8578 0.2635
vn -0.6439 -0.0740 0.7615
vn -0.6744 0.0787 -0.7342
vn 0.6282 0.0488 -0.7765
vn 0.6839 -0.0946 0.7234
vn -0.7176 0.6567 -0.2317
vn -0.6564 0.7114 0.2512
vn -0.6911 -0.4349 -0.5773
vn -0.8094 -0.4908 0.3225
vn -0.7525 0.0897 0.6525
vn -0.8270 0.1166 -0.5500
vn -0.8206 -0.0942 -0.5637
vn -0.9862 0.0166 0.1649
vn -0.7849 0.4852 -0.3854
vn -0.8145 0.5629 0.1408
vn -0.6402 -0.3507 0.6835
vn -0.6557 -0.0103 0.7550
vn -0.6195 0.3570 0.6991
vn -0.7798 -0.2627 -0.5682
vn -0.7143 -0.2874 0.6381
vn 0.6256 -0.7515 -0.2093
vn 0.6362 -0.7346 0.2356
vn -0.5928 -0.7751 -0.2186
vn -0.5579 -0.8083 0.1882
vn 0.9038 -0.2363 0.3569
vn -0.8191 -0.5637 0.1062
vn 0.9344 0.0142 -0.3560
vn -0.8100 -0.3321 -0.4834
vn 0.6861 0.3793 0.6208
vn -0.6473 0.1578 0.7457
vn -0.6829 -0.3828 -0.6222
vn 0.6458 -0.2450 -0.7232
vn 0.7219 -0.3262 0.6103
vn -0.3293 -0.5189 0.7888
vn -0.4413 -0.8836 -0.1562
vn 0.5318 -0.7357 -0.4194
vn -0.8415 0.1157 -0.5277
vn 0.8270 -0.2101 0.5215
vn 0.8300 -0.2338 -0.5064
vn -0.8498 0.1468 0.5063
vn -0.6156 -0.7334 -0.2884
vn -0.7156 -0.6985 0.0018
vn -0.5748 -0.7573 0.3100
vn -0.0000 0.3887 0.9214
vn -0.0000 0.3541 0.9352
vn -0.0000 0.2848 0.9586
vn -0.0000 0.1651 -0.9863
vn -0.0000 0.1406 -0.9901
vn -0.0000 0.1332 -0.9911
vn 0.6228 -0.1642 -0.7649
vn 0.4336 -0.0884 -0.8968
vn 0.2271 -0.0336 -0.9733
vn 0.1632 0.2433 -0.9561
vn 0.3014 0.3276 -0.8954
vn 0.4020 0.4592 -0.7921
vn -0.0000 0.1763 0.9843
vn -0.0000 0.1890 0.9820
vn -0.0000 0.1766 0.9843
vn 0.9380 -0.0922 0.3341
vn 0.9773 -0.2115 0.0088
vn 0.9192 -0.2596 -0.2963
vn 0.4670 0.7980 -0.3809
vn 0.4843 0.8521 -0.1983
vn 0.5262 0.8455 0.0908
vn 0.3935 0.1694 0.9036
vn 0.3461 -0.0237 0.9379
vn 0.3293 -0.1229 0.9362
vn 0.1746 0.1536 0.9726
vn 0.3545 0.1612 0.9211
vn 0.5572 0.1378 0.8189
vn 0.3846 0.3856 0.8387
vn 0.2618 0.2673 0.9274
vn 0.1392 0.2236 0.9647
vn -0.0000 -0.8559 -0.5172
vn -0.0000 -0.9921 0.1257
vn -0.0000 -0.7178 0.6963
vn 0.5252 -0.0180 -0.8508
vn 0.3198 -0.0967 -0.9426
vn 0.1019 -0.2019 -0.9741
vn 0.9194 0.1367 0.3689
vn 0.9895 0.1438 -0.0109
vn 0.9179 0.1147 -0.3799
vn 0.0441 -0.0737 0.9963
vn 0.2562 0.0073 0.9666
vn 0.4821 0.0566 0.8743
vn -0.0000 -0.0425 0.9991
vn -0.0000 -0.0642 0.9979
vn -0.0000 -0.0909 0.9959
vn 0.7621 0.0844 0.6419
vn 0.7712 0.0757 0.6321
vn 0.7769 0.0655 0.6262
vn 0.7836 0.2083 -0.5853
vn 0.7540 0.2098 -0.6224
vn 0.7440 0.1432 -0.6527
vn -0.0000 -0.0305 -0.9995
vn -0.0000 -0.0505 -0.9987
vn -0.0000 -0.0477 -0.9989
vn -0.9211 -0.1421 -0.3624
vn -0.9903 -0.1384 -0.0101
vn -0.9260 -0.1340 0.3529
vn 0.4147 -0.0359 -0.9092
vn 0.1285 -0.0644 -0.9896
vn -0.2354 -0.1004 -0.9667
vn 0.9119 0.0138 0.4102
vn 0.9999 0.0162 -0.0028
vn 0.9116 0.0064 -0.4109
vn -0.2240 -0.0859 0.9708
vn 0.1318 -0.0521 0.9899
vn 0.4101 -0.0244 0.9117
vn -0.4510 -0.2761 0.8488
vn -0.6092 -0.1767 0.7730
vn -0.6455 -0.1308 0.7525
vn 0.6949 0.0426 0.7178
vn 0.7054 0.0753 0.7048
vn 0.7146 0.0949 0.6930
vn 0.7304 -0.0099 -0.6829
vn 0.7160 -0.0370 -0.6971
vn 0.7003 -0.0354 -0.7130
vn -0.6459 -0.2218 -0.7305
vn -0.5940 -0.3255 -0.7357
vn -0.4136 -0.4522 -0.7902
vn -0.8420 0.0785 -0.5337
vn -0.9559 0.1260 -0.2653
vn -0.9530 0.3021 0.0227
vn 0.3535 0.0920 -0.9309
vn 0.0113 0.0823 -0.9965
vn -0.3183 0.0747 -0.9450
vn 0.9290 0.3535 0.1096
vn 0.9729 0.1743 -0.1521
vn 0.8927 0.1168 -0.4352
vn -0.2353 0.8696 0.4341
vn 0.0049 0.8896 0.4568
vn 0.2374 0.8616 0.4487
vn 0.6495 -0.0086 0.7603
vn 0.6670 0.1888 0.7207
vn 0.6640 0.5015 0.5547
vn 0.6734 0.0619 -0.7367
vn 0.6735 0.0427 -0.7379
vn 0.6775 0.0179 -0.7353
vn -0.6233 0.0688 -0.7789
vn -0.6197 0.0927 -0.7793
vn -0.6182 0.1045 -0.7790
vn -0.6725 -0.1163 0.7309
vn -0.6632 -0.1228 0.7383
vn -0.6566 -0.1223 0.7443
vn -0.0000 0.1353 0.9908
vn -0.0000 0.1397 0.9902
vn -0.0000 0.1631 0.9866
vn -0.0000 0.1412 -0.9900
vn -0.0000 0.1094 -0.9940
vn -0.0000 0.0478 -0.9989
vn 0.3275 -0.6486 -0.6871
vn 0.6130 -0.4867 -0.6224
vn 0.7405 -0.3151 -0.5936
vn 0.5103 -0.5212 0.6841
vn 0.7267 -0.2268 0.6484
vn 0.7722 -0.0209 0.6350
vn 0.1525 0.1190 -0.9811
vn 0.2695 0.0442 -0.9620
vn 0.3054 -0.1502 -0.9403
vn 0.4224 -0.1471 0.8944
vn 0.3467 0.0403 0.9371
vn 0.1930 0.1246 0.9733
vn 0.3211 0.3321 -0.8869
vn 0.2441 0.1318 -0.9608
vn 0.2001 -0.0322 -0.9792
vn 0.8285 0.4148 -0.3761
vn 0.8973 0.4414 -0.0056
vn 0.8521 0.4002 0.3372
vn 0.6001 0.7725 -0.2077
vn 0.6754 0.7305 -0.1011
vn 0.7404 0.6722 0.0030
vn 0.7998 0.5190 0.3016
vn 0.7818 0.4261 0.4552
vn 0.7380 0.3473 0.5785
vn 0.5459 0.6969 -0.4651
vn 0.5811 0.5600 -0.5905
vn 0.5971 0.4194 -0.6838
vn 0.1453 -0.1129 0.9829
vn 0.2567 0.0249 0.9662
vn 0.4552 0.1513 0.8775
vn 0.7620 0.5806 0.2868
vn 0.6869 0.5737 0.4461
vn 0.5841 0.5822 0.5656
vn 0.4054 0.6528 -0.6399
vn 0.4157 0.7076 -0.5715
vn 0.4585 0.7553 -0.4684
vn 0.2961 0.1641 -0.9410
vn 0.0851 0.0459 -0.9953
vn -0.0226 -0.0883 -0.9958
vn -0.9995 -0.0105 -0.0296
vn -0.9903 -0.0376 0.1336
vn -0.9707 0.0081 0.2401
vn 0.9692 0.2110 -0.1273
vn 0.9732 0.2270 0.0373
vn 0.9465 0.2797 0.1609
vn -0.5729 0.3887 0.7216
vn -0.0001 0.5128 0.8585
vn 0.5505 0.4956 0.6719
vn 0.6017 0.2897 -0.7443
vn 0.0753 0.3130 -0.9468
vn -0.5512 0.2415 -0.7987
vn 0.8669 0.1876 -0.4618
vn 0.8747 0.2566 -0.4112
vn 0.8746 0.2897 -0.3887
vn -0.6345 -0.2774 -0.7214
vn -0.6023 -0.3037 -0.7383
vn -0.5157 -0.3823 -0.7667
vn -0.8704 -0.1510 0.4687
vn -0.8977 -0.0576 0.4368
vn -0.9052 0.0551 0.4213
vn 0.6676 0.2036 0.7161
vn 0.6574 0.2337 0.7164
vn 0.6648 0.2605 0.7001
vn -0.9932 0.0644 -0.0974
vn -0.9911 0.1167 0.0633
vn -0.9621 0.1620 0.2193
vn 0.9246 -0.3102 -0.2212
vn 0.9488 -0.3074 -0.0722
vn 0.9506 -0.2979 0.0871
vn -0.6020 0.1422 0.7857
vn 0.0003 -0.0100 0.9999
vn 0.6293 -0.1874 0.7543
vn 0.5950 -0.2946 -0.7478
vn 0.0065 -0.2336 -0.9723
vn -0.6470 -0.1066 -0.7550
vn -0.8600 0.0869 0.5029
vn -0.8536 0.1712 0.4919
vn -0.8600 0.1954 0.4714
vn 0.9391 -0.3435 0.0117
vn 0.9958 -0.0316 0.0863
vn 0.9526 0.2246 0.2051
vn -0.9352 0.0101 -0.3540
vn -0.9351 0.0076 -0.3543
vn -0.9347 0.0057 -0.3555
vn 0.8043 -0.3543 -0.4771
vn 0.8100 -0.3548 -0.4669
vn 0.8245 -0.3396 -0.4526
vn 0.6080 0.2368 -0.7578
vn 0.6246 0.1911 -0.7572
vn 0.6511 0.1537 -0.7432
vn -0.7720 -0.2736 -0.5737
vn -0.7202 -0.2868 -0.6317
vn -0.6815 -0.2848 -0.6741
vn -0.4253 -0.3968 0.8135
vn -0.5520 -0.3017 0.7773
vn -0.6085 -0.2640 0.7484
vn 0.8082 0.1099 0.5785
vn 0.7629 0.1067 0.6376
vn 0.7235 0.1278 0.6784
vn 0.9140 0.2001 0.3530
vn 0.9798 0.2000 -0.0043
vn 0.9141 0.1749 -0.3659
vn -0.8711 -0.3543 -0.3401
vn -0.9269 -0.3746 0.0228
vn -0.8601 -0.3442 0.3765
vn -0.3195 -0.1219 0.9397
vn 0.0124 -0.0047 0.9999
vn 0.3511 0.0909 0.9319
vn 0.3396 0.0284 -0.9401
vn 0.0053 -0.0611 -0.9981
vn -0.3240 -0.1625 -0.9320
vn -0.5125 -0.7660 -0.3881
vn -0.5284 -0.8201 -0.2196
vn -0.5162 -0.8488 -0.1143
vn 0.2736 -0.7624 -0.5864
vn 0.0167 -0.7887 -0.6145
vn -0.2357 -0.7555 -0.6113
vn 0.5350 -0.8400 -0.0905
vn 0.5540 -0.8146 -0.1717
vn 0.5498 -0.7679 -0.3287
vn -0.2005 -0.9787 -0.0435
vn 0.0089 -0.9993 -0.0364
vn 0.2174 -0.9750 -0.0453
vn 0.9311 0.3538 0.0885
vn 0.9954 -0.0878 -0.0391
vn 0.8327 -0.5477 -0.0816
vn 0.6139 -0.4445 -0.6524
vn 0.6709 -0.1893 -0.7170
vn 0.6822 -0.0036 -0.7312
vn -0.6220 -0.0242 -0.7826
vn -0.6089 -0.1963 -0.7685
vn -0.5567 -0.4387 -0.7055
vn -0.8175 -0.5713 -0.0734
vn -0.9906 -0.1312 -0.0383
vn -0.9478 0.3111 0.0696
vn -0.0855 0.8427 0.5316
vn 0.0990 0.8408 0.5322
vn 0.2708 0.8115 0.5178
vn -0.1232 -0.9407 0.3160
vn 0.0809 -0.9453 0.3161
vn 0.2753 -0.9120 0.3041
vn 0.6249 0.5225 0.5802
vn 0.7828 -0.0041 0.6222
vn 0.6728 -0.5722 0.4690
vn -0.5157 -0.6556 0.5516
vn -0.6272 -0.0346 0.7781
vn -0.4705 0.5736 0.6706
vn -0.4665 -0.8842 -0.0250
vn -0.4365 -0.8989 0.0380
vn -0.3968 -0.9064 0.1446
vn -0.3645 0.8455 0.3904
vn -0.4360 0.8450 0.3097
vn -0.5289 0.8046 0.2701
vn 0.4836 -0.8738 -0.0520
vn 0.4669 -0.8843 0.0058
vn 0.4619 -0.8790 0.1180
vn 0.5287 0.8040 0.2721
vn 0.4725 0.8282 0.3013
vn 0.4480 0.8117 0.3746
vn 0.6687 -0.0437 0.7422
vn 0.6565 -0.0725 0.7508
vn 0.6478 -0.0853 0.7570
vn 0.6728 0.1387 -0.7267
vn 0.6736 0.1255 -0.7283
vn 0.6750 0.0990 -0.7312
vn -0.6533 -0.0615 -0.7546
vn -0.6441 -0.0102 -0.7649
vn -0.6352 0.0253 -0.7720
vn -0.7181 0.4855 0.4986
vn -0.7253 0.1776 0.6651
vn -0.7009 -0.0244 0.7128
vn 0.3633 0.0957 -0.9267
vn 0.0408 0.0939 -0.9947
vn -0.2945 0.0770 -0.9526
vn -0.2865 -0.1143 0.9512
vn 0.0236 -0.1121 0.9934
vn 0.3070 -0.0992 0.9465
vn -0.8707 0.0181 -0.4915
vn -0.9883 -0.0117 -0.1521
vn -0.9594 -0.0510 0.2775
vn 0.9215 -0.0344 0.3868
vn 0.9990 0.0079 -0.0444
vn 0.9043 0.0464 -0.4244
vn -0.0000 0.1852 0.9827
vn -0.0000 0.2623 0.9650
vn -0.0000 0.3188 0.9478
vn 0.3542 0.4350 -0.8278
vn 0.5891 0.5265 -0.6130
vn 0.6945 0.6058 -0.3881
vn 0.7097 0.6920 -0.1318
vn 0.6953 0.7176 -0.0405
vn 0.6803 0.7292 0.0735
vn 0.5811 0.6357 0.5081
vn 0.4213 0.5111 0.7492
vn 0.2159 0.4067 0.8877
vn -0.0000 0.2843 -0.9587
vn -0.0000 0.3544 -0.9351
vn -0.0000 0.3980 -0.9174
vn 0.6004 0.7752 -0.1965
vn 0.5362 0.7991 -0.2718
vn 0.4972 0.7445 -0.4456
vn 0.5336 0.8331 0.1459
vn 0.4846 0.8542 0.1885
vn 0.4928 0.7844 0.3767
vn -0.0000 -0.7015 0.7127
vn -0.0000 -0.8336 0.5523
vn -0.0000 -0.9104 0.4137
vn 0.1866 -0.4542 -0.8712
vn 0.3547 -0.4550 -0.8168
vn 0.5178 -0.4509 -0.7270
vn 0.8434 -0.4051 -0.3529
vn 0.9198 -0.3813 -0.0921
vn 0.9043 -0.3999 0.1495
vn 0.6132 -0.6905 0.3837
vn 0.4336 -0.8294 0.3524
vn 0.2358 -0.9216 0.3083
vn -0.0000 -0.1467 -0.9892
vn -0.0000 -0.3247 -0.9458
vn -0.0000 -0.4246 -0.9054
vn 0.8461 -0.0761 -0.5276
vn 0.8782 0.1611 -0.4503
vn 0.8361 0.4297 -0.3411
vn 0.7647 -0.0637 0.6412
vn 0.7998 0.1807 0.5725
vn 0.7728 0.4634 0.4337
vn -0.0000 0.1139 0.9935
vn -0.0000 0.0802 0.9968
vn -0.0000 0.0416 0.9991
vn 0.7338 0.1009 0.6718
vn 0.7414 0.0983 0.6639
vn 0.7469 0.0942 0.6582
vn 0.8238 -0.1851 -0.5359
vn 0.8453 -0.1136 -0.5221
vn 0.8502 -0.0112 -0.5263
vn -0.0000 -0.1447 -0.9895
vn -0.0000 -0.0385 -0.9993
vn -0.0000 0.0087 -1.0000
vn 0.9323 0.1298 0.3376
vn 0.9888 0.1489 0.0055
vn 0.9446 0.1431 -0.2953
vn 0.6661 0.0793 -0.7417
vn 0.4829 0.0419 -0.8747
vn 0.2641 0.0133 -0.9644
vn 0.1313 0.0011 0.9913
vn 0.2940 0.0161 0.9557
vn 0.5075 0.0461 0.8604
vn -0.0000 -0.0164 0.9999
vn -0.0000 -0.1011 0.9949
vn -0.0000 -0.2621 0.9650
vn 0.2133 -0.1981 -0.9567
vn 0.4202 -0.1817 -0.8891
vn 0.6272 -0.1480 -0.7647
vn 0.9471 -0.0355 -0.3190
vn 0.9944 0.0041 -0.1060
vn 0.9985 0.0190 0.0504
vn 0.9621 0.0057 0.2728
vn 0.9140 -0.0065 0.4057
vn 0.8197 -0.0134 0.5726
vn 0.7289 -0.3576 -0.5839
vn 0.7643 -0.2763 -0.5827
vn 0.7953 -0.1893 -0.5759
vn 0.9823 -0.0454 0.1817
vn 0.9683 -0.1373 0.2087
vn 0.9252 -0.2785 0.2576
vn -0.0000 -0.4363 -0.8998
vn -0.0000 -0.3867 -0.9222
vn -0.0000 -0.3091 -0.9510
vn -0.0000 0.9984 0.0567
vn -0.0000 0.9953 -0.0965
vn -0.0000 0.9444 -0.3289
vn 0.2470 0.7382 -0.6277
vn 0.4689 0.6750 -0.5697
vn 0.6540 0.5829 -0.4822
vn 0.8133 0.5403 -0.2158
vn 0.8203 0.5680 -0.0661
vn 0.8185 0.5723 0.0493
vn 0.6294 0.7619 0.1530
vn 0.4175 0.8933 0.1664
vn 0.2067 0.9624 0.1764
vn 0.9851 0.0820 0.1513
vn 0.9723 0.1869 0.1403
vn 0.9272 0.3493 0.1356
vn -0.0000 0.9472 0.3207
vn -0.0000 0.8636 0.5041
vn -0.0000 0.7047 0.7095
vn -0.0000 -0.0600 -0.9982
vn -0.0000 0.1447 -0.9895
vn -0.0000 0.4406 -0.8977
vn 0.8312 0.3138 -0.4589
vn 0.8461 0.1490 -0.5117
vn 0.8390 0.0142 -0.5439
vn 0.5245 -0.4043 0.7493
vn 0.3745 -0.4489 0.8113
vn 0.1993 -0.4795 0.8546
vn 0.4448 0.0002 0.8956
vn 0.2515 0.0101 0.9678
vn 0.1057 0.0157 0.9943
vn 0.6559 -0.0466 0.7534
vn 0.6574 -0.1205 0.7438
vn 0.6545 -0.2308 0.7200
vn 0.4631 0.4222 0.7793
vn 0.2890 0.4627 0.8381
vn 0.1327 0.4782 0.8682
vn 0.6579 0.0265 0.7527
vn 0.6582 0.1027 0.7458
vn 0.6477 0.2200 0.7295
vn -0.0000 0.2683 0.9633
vn -0.0000 0.1255 0.9921
vn -0.0000 0.0489 0.9988
vn 0.7081 -0.4092 0.5754
vn 0.7535 -0.4513 0.4782
vn 0.7830 -0.4794 0.3965
vn 0.7104 0.4398 0.5495
vn 0.7747 0.5042 0.3816
vn 0.8044 0.5427 0.2419
vn -0.0000 -0.9763 0.2164
vn -0.0000 -0.9209 0.3898
vn -0.0000 -0.5327 0.8463
vn -0.0000 0.3534 -0.9355
vn -0.0000 0.2893 -0.9573
vn -0.0000 0.1961 -0.9806
vn 0.6608 -0.4903 -0.5684
vn 0.6634 -0.4868 -0.5682
vn 0.7099 -0.4056 -0.5757
vn 0.7137 -0.6141 0.3369
vn 0.6596 -0.6337 0.4041
vn 0.6713 -0.5073 0.5404
vn 0.4922 -0.1926 0.8489
vn 0.2972 -0.1028 0.9493
vn 0.1389 -0.0343 0.9897
vn 0.8831 -0.3295 -0.3339
vn 0.9308 -0.3640 -0.0319
vn 0.8812 -0.3524 0.3152
vn 0.2907 0.0106 -0.9568
vn 0.5017 -0.0795 -0.8614
vn 0.6527 -0.1765 -0.7367
vn -0.6404 -0.7613 -0.1012
vn -0.6476 -0.7619 0.0080
vn -0.6478 -0.7523 0.1201
vn 0.5954 -0.7945 -0.1194
vn 0.5873 -0.8091 -0.0198
vn 0.5744 -0.8145 0.0816
vn -0.3757 -0.8705 0.3180
vn -0.0107 -0.9421 0.3351
vn 0.3300 -0.9023 0.2775
vn 0.3691 -0.8832 -0.2892
vn 0.0174 -0.9448 -0.3271
vn -0.3603 -0.8854 -0.2938
vn 0.8591 -0.2971 -0.4168
vn 0.8393 -0.3828 -0.3861
vn 0.7459 -0.5833 -0.3217
vn -0.8055 -0.5045 -0.3110
vn -0.9089 -0.2141 -0.3579
vn -0.9313 -0.0497 -0.3608
vn 0.8868 -0.3003 0.3512
vn 0.8409 -0.4225 0.3382
vn 0.7209 -0.6332 0.2816
vn -0.8925 0.1117 0.4370
vn -0.9013 -0.0917 0.4234
vn -0.8204 -0.4430 0.3614
vn -0.9671 0.0389 0.2514
vn -0.9781 -0.1122 0.1753
vn -0.9571 -0.2235 0.1844
vn 0.8939 -0.2864 0.3449
vn 0.8847 -0.3239 0.3352
vn 0.8640 -0.4045 0.2999
vn -0.9259 0.0808 -0.3690
vn -0.9289 0.0490 -0.3672
vn -0.9321 0.0252 -0.3613
vn 0.8909 0.0838 -0.4463
vn 0.8713 -0.1113 -0.4779
vn 0.8342 -0.2604 -0.4861
vn 0.9324 -0.3593 0.0382
vn 0.9473 -0.3131 -0.0680
vn 0.9209 -0.3193 -0.2236
vn 0.5159 -0.3149 -0.7966
vn -0.0066 -0.2399 -0.9708
vn -0.6013 -0.1090 -0.7916
vn -0.9969 0.0765 -0.0192
vn -0.9838 0.0885 0.1560
vn -0.9618 0.0337 0.2717
vn -0.5675 -0.6304 0.5296
vn -0.0530 -0.8262 0.5608
vn 0.4256 -0.8511 0.3075
vn -0.3394 0.4118 0.8457
vn -0.0259 0.3781 0.9254
vn 0.2921 0.3006 0.9079
vn 0.9100 -0.3009 -0.2854
vn 0.9812 -0.1812 0.0668
vn 0.9049 -0.0251 0.4249
vn -0.9340 0.2498 0.2556
vn -0.9910 0.0762 -0.1100
vn -0.8940 -0.0953 -0.4377
vn -0.3072 -0.3401 -0.8888
vn 0.0212 -0.3860 -0.9222
vn 0.3499 -0.4054 -0.8445
vn 0.6092 -0.7473 -0.2652
vn 0.5932 -0.5873 -0.5506
vn 0.6508 -0.4395 -0.6191
vn -0.6433 -0.3282 -0.6918
vn -0.6212 -0.5302 -0.5771
vn -0.7161 -0.6832 -0.1429
vn -0.7956 0.3033 0.5245
vn -0.7135 0.3412 0.6119
vn -0.6827 0.3499 0.6415
vn 0.6636 0.2368 0.7096
vn 0.6970 0.3249 0.6393
vn 0.7667 0.3870 0.5123
vn -0.4431 -0.4275 0.7880
vn -0.1427 -0.4922 0.8587
vn 0.1201 -0.5184 0.8467
vn 0.4663 -0.8772 0.1143
vn 0.4498 -0.8104 0.3756
vn 0.4031 -0.6870 0.6046
vn -0.7877 -0.5259 0.3209
vn -0.7467 -0.6648 0.0195
vn -0.6468 -0.7265 -0.2321
vn -0.3197 -0.8613 -0.3949
vn -0.0695 -0.9388 -0.3374
vn 0.1968 -0.9465 -0.2557
vn -0.6353 -0.2577 -0.7280
vn -0.6214 -0.3533 -0.6993
vn -0.5944 -0.5339 -0.6013
vn -0.7850 0.0448 0.6179
vn -0.7506 0.3072 0.5849
vn -0.7071 0.3957 0.5860
vn 0.4677 -0.2848 0.8368
vn 0.5656 -0.0650 0.8221
vn 0.6203 0.0755 0.7807
vn 0.7013 -0.4066 -0.5855
vn 0.6904 -0.5253 -0.4975
vn 0.6030 -0.7206 -0.3423
vn 0.7206 0.0797 -0.6888
vn 0.7597 0.0619 -0.6473
vn 0.8020 0.0704 -0.5932
vn -0.6815 -0.2526 0.6869
vn -0.7245 -0.2505 0.6422
vn -0.7751 -0.2396 0.5847
vn -0.9256 0.0412 -0.3762
vn -0.9137 -0.0621 -0.4016
vn -0.8807 -0.1614 -0.4454
vn 0.8675 0.3470 0.3565
vn 0.8771 0.2872 0.3850
vn 0.8742 0.2122 0.4368
vn 0.9633 0.1189 0.2407
vn 0.9936 0.1073 0.0347
vn 0.9738 0.1113 -0.1985
vn -0.9441 -0.2934 -0.1504
vn -0.9490 -0.3045 0.0820
vn -0.9189 -0.2805 0.2773
vn -0.5668 -0.0783 0.8201
vn -0.0425 0.0794 0.9959
vn 0.5313 0.1586 0.8322
vn 0.5069 0.0908 -0.8572
vn 0.0226 0.0137 -0.9997
vn -0.4823 -0.1129 -0.8687
vn 0.6156 -0.7334 -0.2884
vn 0.7156 -0.6985 0.0018
vn 0.5748 -0.7573 0.3100
vn -0.6228 -0.1642 -0.7649
vn -0.4336 -0.0884 -0.8968
vn -0.2271 -0.0336 -0.9733
vn -0.1632 0.2433 -0.9561
vn -0.3014 0.3276 -0.8954
vn -0.4020 0.4592 -0.7921
vn -0.9380 -0.0922 0.3341
vn -0.9773 -0.2115 0.0088
vn -0.9192 -0.2596 -0.2963
vn -0.4670 0.7980 -0.3809
vn -0.4843 0.8521 -0.1983
vn -0.5262 0.8455 0.0908
vn -0.3935 0.1694 0.9036
vn -0.3461 -0.0237 0.9379
vn -0.3293 -0.1229 0.9362
vn -0.1746 0.1536 0.9726
vn -0.3545 0.1612 0.9211
vn -0.5572 0.1378 0.8189
vn -0.3846 0.3856 0.8387
vn -0.2618 0.2673 0.9274
vn -0.1392 0.2236 0.9647
vn -0.5252 -0.0180 -0.8508
vn -0.3198 -0.0967 -0.9426
vn -0.1019 -0.2019 -0.9741
vn -0.9194 0.1367 0.3689
vn -0.9895 0.1438 -0.0109
vn -0.9179 0.1147 -0.3799
vn -0.0441 -0.0737 0.9963
vn -0.2562 0.0073 0.9666
vn -0.4821 0.0566 0.8743
vn -0.7621 0.0844 0.6419
vn -0.7712 0.0757 0.6321
vn -0.7769 0.0655 0.6262
vn -0.7836 0.2083 -0.5853
vn -0.7540 0.2098 -0.6224
vn -0.7440 0.1432 -0.6527
vn 0.9211 -0.1421 -0.3624
vn 0.9903 -0.1384 -0.0101
vn 0.9260 -0.1340 0.3529
vn -0.4147 -0.0359 -0.9092
vn -0.1285 -0.0644 -0.9896
vn 0.2354 -0.1004 -0.9667
vn -0.9119 0.0138 0.4102
vn -0.9999 0.0162 -0.0028
vn -0.9116 0.0064 -0.4109
vn 0.2240 -0.0859 0.9708
vn -0.1318 -0.0521 0.9899
vn -0.4101 -0.0244 0.9117
vn 0.4510 -0.2761 0.8488
vn 0.6092 -0.1767 0.7730
vn 0.6455 -0.1308 0.7525
vn -0.6949 0.0426 0.7178
vn -0.7054 0.0753 0.7048
vn -0.7146 0.0949 0.6930
vn -0.7304 -0.0099 -0.6829
vn -0.7160 -0.0370 -0.6971
vn -0.7003 -0.0354 -0.7130
vn 0.6459 -0.2218 -0.7305
vn 0.5940 -0.3255 -0.7357
vn 0.4136 -0.4522 -0.7902
vn 0.8420 0.0785 -0.5337
vn 0.9559 0.1260 -0.2653
vn 0.9530 0.3021 0.0227
vn -0.3535 0.0920 -0.9309
vn -0.0113 0.0823 -0.9965
vn 0.3183 0.0747 -0.9450
vn -0.9290 0.3535 0.1096
vn -0.9729 0.1743 -0.1521
vn -0.8927 0.1168 -0.4352
vn 0.2353 0.8696 0.4341
vn -0.0049 0.8896 0.4568
vn -0.2374 0.8616 0.4487
vn -0.6495 -0.0086 0.7603
vn -0.6670 0.1888 0.7207
vn -0.6640 0.5015 0.5547
vn -0.6734 0.0619 -0.7367
vn -0.6735 0.0427 -0.7379
vn -0.6775 0.0179 -0.7353
vn 0.6233 0.0688 -0.7789
vn 0.6197 0.0927 -0.7793
vn 0.6182 0.1045 -0.7790
vn 0.6725 -0.1163 0.7309
vn 0.6632 -0.1228 0.7383
vn 0.6566 -0.1223 0.7443
vn -0.3275 -0.6486 -0.6871
vn -0.6130 -0.4867 -0.6224
vn -0.7405 -0.3151 -0.5936
vn -0.5103 -0.5212 0.6841
vn -0.7267 -0.2268 0.6484
vn -0.7722 -0.0209 0.6350
vn -0.1525 0.1190 -0.9811
vn -0.2695 0.0442 -0.9620
vn -0.3054 -0.1502 -0.9403
vn -0.4224 -0.1471 0.8944
vn -0.3466 0.0403 0.9371
vn -0.1930 0.1246 0.9733
vn -0.3211 0.3321 -0.8869
vn -0.2441 0.1318 -0.9608
vn -0.2001 -0.0322 -0.9792
vn -0.8285 0.4148 -0.3761
vn -0.8973 0.4414 -0.0056
vn -0.8521 0.4002 0.3372
vn -0.6001 0.7725 -0.2077
vn -0.6754 0.7305 -0.1011
vn -0.7404 0.6722 0.0030
vn -0.7998 0.5190 0.3016
vn -0.7818 0.4261 0.4552
vn -0.7380 0.3473 0.5785
vn -0.5459 0.6969 -0.4651
vn -0.5811 0.5600 -0.5905
vn -0.5971 0.4194 -0.6838
vn -0.1453 -0.1129 0.9829
vn -0.2567 0.0249 0.9662
vn -0.4552 0.1513 0.8775
vn -0.7620 0.5806 0.2868
vn -0.6869 0.5737 0.4461
vn -0.5841 0.5822 0.5656
vn -0.4054 0.6528 -0.6399
vn -0.4157 0.7076 -0.5715
vn -0.4584 0.7553 -0.4684
vn -0.2961 0.1641 -0.9410
vn -0.0851 0.0459 -0.9953
vn 0.0226 -0.0883 -0.9958
vn 0.9995 -0.0105 -0.0296
vn 0.9903 -0.0376 0.1336
vn 0.9707 0.0081 0.2401
vn -0.9692 0.2110 -0.1273
vn -0.9732 0.2270 0.0373
vn -0.9465 0.2797 0.1609
vn 0.5729 0.3887 0.7216
vn 0.0001 0.5128 0.8585
vn -0.5505 0.4956 0.6719
vn -0.6017 0.2897 -0.7443
vn -0.0753 0.3130 -0.9468
vn 0.5512 0.2415 -0.7987
vn -0.8669 0.1876 -0.4618
vn -0.8747 0.2566 -0.4112
vn -0.8746 0.2897 -0.3887
vn 0.6345 -0.2774 -0.7214
vn 0.6023 -0.3037 -0.7383
vn 0.5157 -0.3823 -0.7667
vn 0.8704 -0.1510 0.4687
vn 0.8977 -0.0576 0.4368
vn 0.9052 0.0551 0.4213
vn -0.6676 0.2036 0.7161
vn -0.6574 0.2337 0.7164
vn -0.6648 0.2605 0.7001
vn 0.9932 0.0644 -0.0974
vn 0.9911 0.1167 0.0633
vn 0.9621 0.1620 0.2193
vn -0.9246 -0.3102 -0.2212
vn -0.9488 -0.3074 -0.0722
vn -0.9506 -0.2979 0.0871
vn 0.6020 0.1422 0.7857
vn -0.0003 -0.0100 0.9999
vn -0.6293 -0.1874 0.7543
vn -0.5950 -0.2946 -0.7478
vn -0.0065 -0.2336 -0.9723
vn 0.6470 -0.1066 -0.7550
vn 0.8600 0.0869 0.5029
vn 0.8536 0.1712 0.4919
vn 0.8600 0.1954 0.4714
vn -0.9391 -0.3435 0.0117
vn -0.9958 -0.0316 0.0863
vn -0.9526 0.2246 0.2051
vn 0.9352 0.0101 -0.3540
vn 0.9351 0.0076 -0.3543
vn 0.9347 0.0057 -0.3555
vn -0.8043 -0.3543 -0.4771
vn -0.8100 -0.3548 -0.4669
vn -0.8245 -0.3396 -0.4526
vn -0.6080 0.2368 -0.7578
vn -0.6246 0.1911 -0.7572
vn -0.6511 0.1537 -0.7432
vn 0.7720 -0.2736 -0.5737
vn 0.7202 -0.2868 -0.6317
vn 0.6815 -0.2848 -0.6741
vn 0.4253 -0.3968 0.8135
vn 0.5520 -0.3017 0.7773
vn 0.6085 -0.2640 0.7484
vn -0.8082 0.1099 0.5785
vn -0.7629 0.1067 0.6376
vn -0.7235 0.1278 0.6784
vn -0.9140 0.2001 0.3530
vn -0.9798 0.2000 -0.0043
vn -0.9141 0.1749 -0.3659
vn 0.8711 -0.3543 -0.3401
vn 0.9269 -0.3746 0.0228
vn 0.8601 -0.3442 0.3765
vn 0.3195 -0.1219 0.9397
vn -0.0124 -0.0047 0.9999
vn -0.3511 0.0909 0.9319
vn -0.3396 0.0284 -0.9401
vn -0.0053 -0.0611 -0.9981
vn 0.3240 -0.1625 -0.9320
vn 0.5125 -0.7660 -0.3881
vn 0.5284 -0.8201 -0.2196
vn 0.5162 -0.8488 -0.1143
vn -0.2736 -0.7624 -0.5864
vn -0.0167 -0.7887 -0.6145
vn 0.2357 -0.7555 -0.6113
vn -0.5350 -0.8400 -0.0905
vn -0.5540 -0.8146 -0.1717
vn -0.5498 -0.7679 -0.3287
vn 0.2005 -0.9787 -0.0435
vn -0.0089 -0.9993 -0.0364
vn -0.2174 -0.9750 -0.0453
vn -0.9311 0.3538 0.0885
vn -0.9954 -0.0878 -0.0391
vn -0.8327 -0.5477 -0.0816
vn -0.6139 -0.4445 -0.6524
vn -0.6709 -0.1893 -0.7170
vn -0.6822 -0.0036 -0.7312
vn 0.6220 -0.0242 -0.7826
vn 0.6089 -0.1963 -0.7685
vn 0.5567 -0.4387 -0.7055
vn 0.8175 -0.5713 -0.0734
vn 0.9906 -0.1312 -0.0383
vn 0.9478 0.3111 0.0696
vn 0.0855 0.8427 0.5316
vn -0.0990 0.8408 0.5322
vn -0.2708 0.8115 0.5178
vn 0.1232 -0.9407 0.3160
vn -0.0809 -0.9453 0.3161
vn -0.2753 -0.9120 0.3041
vn -0.6249 0.5225 0.5802
vn -0.7828 -0.0041 0.6222
vn -0.6728 -0.5722 0.4690
vn 0.5157 -0.6556 0.5516
vn 0.6272 -0.0346 0.7781
vn 0.4705 0.5736 0.6706
vn 0.4665 -0.8842 -0.0250
vn 0.4365 -0.8989 0.0380
vn 0.3968 -0.9064 0.1446
vn 0.3645 0.8455 0.3904
vn 0.4360 0.8450 0.3097
vn 0.5289 0.8046 0.2701
vn -0.4836 -0.8738 -0.0520
vn -0.4669 -0.8843 0.0058
vn -0.4619 -0.8790 0.1180
vn -0.5287 0.8040 0.2721
vn -0.4725 0.8282 0.3013
vn -0.4480 0.8117 0.3746
vn -0.6687 -0.0437 0.7422
vn -0.6565 -0.0725 0.7508
vn -0.6478 -0.0853 0.7570
vn -0.6728 0.1387 -0.7267
vn -0.6736 0.1255 -0.7283
vn -0.6750 0.0990 -0.7312
vn 0.6533 -0.0615 -0.7546
vn 0.6441 -0.0102 -0.7649
vn 0.6352 0.0253 -0.7720
vn 0.7181 0.4855 0.4986
vn 0.7253 0.1776 0.6651
vn 0.7009 -0.0244 0.7128
vn -0.3633 0.0957 -0.9267
vn -0.0408 0.0939 -0.9947
vn 0.2945 0.0770 -0.9526
vn 0.2865 -0.1143 0.9512
vn -0.0236 -0.1121 0.9934
vn -0.3070 -0.0992 0.9465
vn 0.8707 0.0181 -0.4915
vn 0.9883 -0.0117 -0.1521
vn 0.9594 -0.0510 0.2775
vn -0.9215 -0.0344 0.3868
vn -0.9990 0.0079 -0.0444
vn -0.9043 0.0464 -0.4244
vn -0.3542 0.4350 -0.8278
vn -0.5891 0.5265 -0.6130
vn -0.6945 0.6058 -0.3881
vn -0.7097 0.6920 -0.1318
vn -0.6953 0.7176 -0.0405
vn -0.6803 0.7292 0.0735
vn -0.5811 0.6357 0.5081
vn -0.4213 0.5111 0.7492
vn -0.2159 0.4067 0.8877
vn -0.6004 0.7752 -0.1965
vn -0.5362 0.7991 -0.2718
vn -0.4972 0.7445 -0.4456
vn -0.5336 0.8331 0.1459
vn -0.4846 0.8542 0.1885
vn -0.4928 0.7844 0.3767
vn -0.1866 -0.4542 -0.8712
vn -0.3547 -0.4550 -0.8168
vn -0.5178 -0.4509 -0.7270
vn -0.8434 -0.4051 -0.3529
vn -0.9198 -0.3813 -0.0921
vn -0.9043 -0.3999 0.1495
vn -0.6132 -0.6905 0.3837
vn -0.4336 -0.8294 0.3524
vn -0.2359 -0.9216 0.3083
vn -0.8461 -0.0761 -0.5276
vn -0.8782 0.1611 -0.4503
vn -0.8361 0.4297 -0.3411
vn -0.7647 -0.0637 0.6412
vn -0.7998 0.1807 0.5725
vn -0.7728 0.4634 0.4337
vn -0.7338 0.1009 0.6718
vn -0.7414 0.0983 0.6639
vn -0.7469 0.0942 0.6582
vn -0.8238 -0.1851 -0.5359
vn -0.8453 -0.1136 -0.5221
vn -0.8502 -0.0112 -0.5263
vn -0.9323 0.1298 0.3376
vn -0.9888 0.1489 0.0055
vn -0.9446 0.1431 -0.2953
vn -0.6661 0.0793 -0.7417
vn -0.4829 0.0419 -0.8747
vn -0.2641 0.0133 -0.9644
vn -0.1313 0.0011 0.9913
vn -0.2940 0.0161 0.9557
vn -0.5075 0.0461 0.8604
vn -0.2133 -0.1981 -0.9567
vn -0.4202 -0.1817 -0.8891
vn -0.6272 -0.1480 -0.7647
vn -0.9471 -0.0355 -0.3190
vn -0.9944 0.0041 -0.1060
vn -0.9985 0.0190 0.0504
vn -0.9621 0.0057 0.2728
vn -0.9140 -0.0065 0.4057
vn -0.8197 -0.0134 0.5726
vn -0.7289 -0.3576 -0.5839
vn -0.7643 -0.2763 -0.5827
vn -0.7953 -0.1893 -0.5759
vn -0.9823 -0.0455 0.1817
vn -0.9683 -0.1373 0.2087
vn -0.9252 -0.2785 0.2576
vn -0.2470 0.7382 -0.6277
vn -0.4689 0.6750 -0.5697
vn -0.6540 0.5829 -0.4822
vn -0.8133 0.5403 -0.2158
vn -0.8203 0.5680 -0.0661
vn -0.8185 0.5723 0.0493
vn -0.6294 0.7619 0.1530
vn -0.4175 0.8933 0.1664
vn -0.2067 0.9624 0.1764
vn -0.9851 0.0820 0.1513
vn -0.9723 0.1869 0.1403
vn -0.9272 0.3493 0.1356
vn -0.8312 0.3138 -0.4589
vn -0.8461 0.1490 -0.5117
vn -0.8390 0.0142 -0.5439
vn -0.5245 -0.4043 0.7493
vn -0.3745 -0.4489 0.8113
vn -0.1993 -0.4795 0.8546
vn -0.4448 0.0002 0.8956
vn -0.2515 0.0101 0.9678
vn -0.1057 0.0157 0.9943
vn -0.6559 -0.0466 0.7534
vn -0.6574 -0.1205 0.7438
vn -0.6545 -0.2308 0.7200
vn -0.4631 0.4222 0.7793
vn -0.2890 0.4627 0.8381
vn -0.1327 0.4782 0.8682
vn -0.6579 0.0265 0.7527
vn -0.6582 0.1027 0.7458
vn -0.6477 0.2200 0.7295
vn -0.7081 -0.4092 0.5754
vn -0.7535 -0.4513 0.4782
vn -0.7830 -0.4794 0.3965
vn -0.7103 0.4398 0.5495
vn -0.7747 0.5042 0.3816
vn -0.8044 0.5427 0.2418
vn -0.6608 -0.4903 -0.5684
vn -0.6634 -0.4868 -0.5682
vn -0.7099 -0.4056 -0.5757
vn -0.7137 -0.6141 0.3369
vn -0.6596 -0.6337 0.4041
vn -0.6713 -0.5073 0.5404
vn -0.4922 -0.1926 0.8489
vn -0.2972 -0.1028 0.9493
vn -0.1389 -0.0343 0.9897
vn -0.8831 -0.3295 -0.3339
vn -0.9308 -0.3640 -0.0319
vn -0.8812 -0.3524 0.3152
vn -0.2907 0.0106 -0.9568
vn -0.5017 -0.0795 -0.8614
vn -0.6527 -0.1765 -0.7367
vn 0.6404 -0.7613 -0.1012
vn 0.6476 -0.7620 0.0080
vn 0.6478 -0.7523 0.1201
vn -0.5954 -0.7945 -0.1194
vn -0.5873 -0.8091 -0.0198
vn -0.5744 -0.8145 0.0816
vn 0.3757 -0.8705 0.3180
vn 0.0107 -0.9421 0.3351
vn -0.3300 -0.9023 0.2775
vn -0.3691 -0.8832 -0.2892
vn -0.0174 -0.9448 -0.3271
vn 0.3603 -0.8854 -0.2938
vn -0.8591 -0.2971 -0.4168
vn -0.8393 -0.3828 -0.3861
vn -0.7459 -0.5832 -0.3217
vn 0.8055 -0.5045 -0.3110
vn 0.9089 -0.2141 -0.3579
vn 0.9313 -0.0497 -0.3608
vn -0.8868 -0.3003 0.3512
vn -0.8409 -0.4225 0.3382
vn -0.7209 -0.6332 0.2816
vn 0.8925 0.1117 0.4370
vn 0.9013 -0.0917 0.4234
vn 0.8204 -0.4430 0.3614
vn 0.9671 0.0389 0.2514
vn 0.9781 -0.1122 0.1752
vn 0.9571 -0.2235 0.1844
vn -0.8939 -0.2864 0.3449
vn -0.8847 -0.3239 0.3352
vn -0.8640 -0.4045 0.2999
vn 0.9259 0.0808 -0.3690
vn 0.9289 0.0490 -0.3672
vn 0.9321 0.0252 -0.3613
vn -0.8909 0.0838 -0.4463
vn -0.8713 -0.1113 -0.4779
vn -0.8342 -0.2604 -0.4861
vn -0.9324 -0.3593 0.0382
vn -0.9473 -0.3131 -0.0680
vn -0.9209 -0.3193 -0.2236
vn -0.5159 -0.3149 -0.7966
vn 0.0066 -0.2399 -0.9708
vn 0.6013 -0.1090 -0.7916
vn 0.9969 0.0765 -0.0192
vn 0.9838 0.0885 0.1560
vn 0.9618 0.0337 0.2717
vn 0.5675 -0.6304 0.5296
vn 0.0530 -0.8262 0.5608
vn -0.4256 -0.8511 0.3075
vn 0.3394 0.4118 0.8457
vn 0.0259 0.3781 0.9254
vn -0.2921 0.3006 0.9079
vn -0.9100 -0.3009 -0.2854
vn -0.9812 -0.1812 0.0668
vn -0.9049 -0.0251 0.4249
vn 0.9340 0.2498 0.2556
vn 0.9910 0.0762 -0.1100
vn 0.8940 -0.0953 -0.4377
vn 0.3071 -0.3401 -0.8888
vn -0.0212 -0.3860 -0.9222
vn -0.3499 -0.4054 -0.8445
vn -0.6092 -0.7473 -0.2652
vn -0.5932 -0.5873 -0.5506
vn -0.6508 -0.4395 -0.6192
vn 0.6432 -0.3282 -0.6918
vn 0.6212 -0.5302 -0.5771
vn 0.7161 -0.6832 -0.1429
vn 0.7956 0.3033 0.5245
vn 0.7135 0.3412 0.6119
vn 0.6827 0.3499 0.6415
vn -0.6636 0.2368 0.7096
vn -0.6970 0.3249 0.6393
vn -0.7667 0.3870 0.5123
vn 0.4431 -0.4275 0.7880
vn 0.1427 -0.4922 0.8587
vn -0.1201 -0.5184 0.8467
vn -0.4663 -0.8772 0.1143
vn -0.4498 -0.8104 0.3755
vn -0.4031 -0.6870 0.6046
vn 0.7877 -0.5259 0.3209
vn 0.7467 -0.6649 0.0195
vn 0.6468 -0.7265 -0.2321
vn 0.3197 -0.8613 -0.3949
vn 0.0695 -0.9388 -0.3374
vn -0.1968 -0.9465 -0.2557
vn 0.6353 -0.2577 -0.7280
vn 0.6214 -0.3533 -0.6993
vn 0.5944 -0.5339 -0.6013
vn 0.7850 0.0448 0.6179
vn 0.7506 0.3072 0.5849
vn 0.7071 0.3957 0.5860
vn -0.4677 -0.2848 0.8368
vn -0.5656 -0.0650 0.8221
vn -0.6203 0.0755 0.7807
vn -0.7013 -0.4066 -0.5855
vn -0.6904 -0.5253 -0.4975
vn -0.6031 -0.7205 -0.3423
vn -0.7206 0.0797 -0.6888
vn -0.7597 0.0619 -0.6473
vn -0.8020 0.0704 -0.5932
vn 0.6815 -0.2526 0.6869
vn 0.7245 -0.2505 0.6422
vn 0.7751 -0.2396 0.5847
vn 0.9256 0.0412 -0.3762
vn 0.9137 -0.0621 -0.4016
vn 0.8807 -0.1614 -0.4454
vn -0.8675 0.3470 0.3565
vn -0.8771 0.2872 0.3850
vn -0.8742 0.2122 0.4368
vn -0.9633 0.1189 0.2407
vn -0.9936 0.1073 0.0347
vn -0.9738 0.1113 -0.1985
vn 0.9441 -0.2934 -0.1504
vn 0.9490 -0.3045 0.0820
vn 0.9189 -0.2805 0.2773
vn 0.5668 -0.0783 0.8201
vn 0.0425 0.0794 0.9959
vn -0.5313 0.1586 0.8322
vn -0.5069 0.0908 -0.8572
vn -0.0226 0.0137 -0.9997
vn 0.4823 -0.1129 -0.8687
vn 0.5643 0.1225 0.8164
vn 0.5617 0.0394 0.8264
vn 0.5132 -0.1054 0.8518
vn 0.3701 0.1744 0.9125
vn 0.3804 0.1518 0.9123
vn 0.3763 0.0930 0.9218
vn 0.1880 0.1795 0.9656
vn 0.1983 0.1839 0.9627
vn 0.2018 0.1596 0.9663
vn 0.1376 0.1190 -0.9833
vn 0.1304 0.1357 -0.9821
vn 0.1372 0.1732 -0.9753
vn 0.2353 0.0755 -0.9690
vn 0.2229 0.1234 -0.9670
vn 0.2432 0.2002 -0.9491
vn 0.2723 0.0072 -0.9622
vn 0.2647 0.1143 -0.9575
vn 0.3143 0.2576 -0.9137
vn 0.4644 0.2126 0.8597
vn 0.3674 0.0035 0.9301
vn 0.2779 -0.0782 0.9574
vn 0.5866 0.2802 0.7598
vn 0.4675 0.0888 0.8795
vn 0.3603 0.0289 0.9324
vn 0.7281 0.3813 0.5696
vn 0.6474 0.2395 0.7236
vn 0.5457 0.1734 0.8198
vn 0.5067 0.0216 0.8618
vn 0.2970 -0.0198 0.9547
vn 0.1342 -0.0377 0.9902
vn 0.5044 0.0202 0.8633
vn 0.2963 -0.0283 0.9547
vn 0.1327 -0.0549 0.9896
vn 0.4957 0.0362 0.8677
vn 0.2828 -0.0146 0.9591
vn 0.1058 -0.0640 0.9923
vn 0.4790 0.6307 -0.6106
vn 0.3792 0.4803 -0.7909
vn 0.2070 0.3408 -0.9170
vn 0.5398 0.7209 -0.4346
vn 0.4540 0.5871 -0.6702
vn 0.2600 0.4296 -0.8648
vn 0.6055 0.7164 -0.3467
vn 0.5240 0.6081 -0.5964
vn 0.3120 0.4678 -0.8269
vn 0.4670 0.0643 0.8819
vn 0.2229 0.0189 0.9747
vn -0.0549 -0.0723 0.9959
vn 0.4519 0.0511 0.8906
vn 0.1890 0.0112 0.9819
vn -0.1555 -0.0624 0.9859
vn 0.4335 0.0202 0.9009
vn 0.1587 -0.0133 0.9872
vn -0.2033 -0.0650 0.9770
vn 0.2385 0.0295 -0.9707
vn 0.4405 0.0822 -0.8940
vn 0.6171 0.1482 -0.7728
vn 0.2076 -0.0111 -0.9781
vn 0.3964 0.0558 -0.9164
vn 0.5746 0.1367 -0.8070
vn 0.1631 -0.1008 -0.9814
vn 0.3569 -0.0163 -0.9340
vn 0.5464 0.0668 -0.8349
vn 0.9155 0.2408 -0.3223
vn 0.9730 0.2307 -0.0049
vn 0.9232 0.1762 0.3414
vn 0.9028 0.2511 -0.3491
vn 0.9699 0.2433 -0.0127
vn 0.9192 0.1857 0.3472
vn 0.9089 0.1943 -0.3691
vn 0.9792 0.2026 -0.0144
vn 0.9193 0.1661 0.3568
vn 0.9027 0.0714 -0.4243
vn 0.9974 0.0426 -0.0580
vn 0.9295 0.0164 0.3684
vn 0.8982 0.1100 -0.4256
vn 0.9909 0.1072 -0.0814
vn 0.9377 0.1382 0.3189
vn 0.8923 0.1417 -0.4287
vn 0.9777 0.1767 -0.1136
vn 0.9274 0.3004 0.2228
vn 0.0036 -0.2577 -0.9662
vn 0.2749 -0.1486 -0.9499
vn 0.5015 -0.0766 -0.8617
vn -0.1225 -0.2395 -0.9631
vn 0.2187 -0.1549 -0.9634
vn 0.4718 -0.0939 -0.8767
vn -0.1993 -0.1781 -0.9636
vn 0.1661 -0.1228 -0.9784
vn 0.4410 -0.0777 -0.8941
vn 0.9212 0.0520 -0.3857
vn 0.9955 0.0947 -0.0049
vn 0.9176 0.1085 0.3824
vn 0.9192 0.0189 -0.3933
vn 0.9981 0.0617 -0.0013
vn 0.9155 0.0811 0.3941
vn 0.9155 0.0058 -0.4023
vn 0.9993 0.0370 -0.0003
vn 0.9135 0.0500 0.4038
vn -0.7744 -0.4520 0.4427
vn -0.8493 -0.5239 0.0644
vn -0.7668 -0.5487 -0.3330
vn -0.8959 -0.2526 0.3653
vn -0.9575 -0.2870 0.0290
vn -0.8939 -0.3233 -0.3106
vn -0.9185 -0.1727 0.3558
vn -0.9808 -0.1945 0.0097
vn -0.9175 -0.2167 -0.3334
vn 0.8947 0.0100 -0.4466
vn 0.9785 0.0554 -0.1986
vn 0.9826 0.1850 -0.0138
vn 0.8754 -0.1888 -0.4450
vn 0.9569 -0.1793 -0.2284
vn 0.9845 -0.1428 -0.1014
vn 0.7836 -0.4745 -0.4010
vn 0.8306 -0.5126 -0.2178
vn 0.8378 -0.5329 -0.1187
vn -0.9691 0.0016 0.2465
vn -0.9822 0.0240 -0.1861
vn -0.8575 0.0444 -0.5125
vn -0.9747 0.1144 0.1922
vn -0.9731 0.0793 -0.2162
vn -0.8477 0.0782 -0.5247
vn -0.9605 0.2556 0.1105
vn -0.9612 0.1339 -0.2412
vn -0.8417 0.1033 -0.5300
vn 0.2965 -0.0277 0.9546
vn 0.0083 -0.0381 0.9992
vn -0.3003 -0.0390 0.9530
vn 0.2956 0.2097 0.9320
vn 0.0005 0.2110 0.9775
vn -0.3128 0.2074 0.9269
vn 0.2808 0.6153 0.7366
vn -0.0001 0.6433 0.7656
vn -0.2950 0.6237 0.7238
vn -0.3057 0.0932 -0.9476
vn 0.0260 0.1097 -0.9936
vn 0.3572 0.1130 -0.9272
vn -0.3122 0.1108 -0.9435
vn 0.0166 0.1257 -0.9919
vn 0.3525 0.1322 -0.9264
vn -0.3154 0.1138 -0.9421
vn 0.0122 0.1251 -0.9921
vn 0.3507 0.1347 -0.9268
vn 0.2058 0.0238 -0.9783
vn 0.1867 0.0825 -0.9789
vn 0.1694 0.1154 -0.9788
vn 0.3968 -0.0496 -0.9165
vn 0.3573 -0.0111 -0.9339
vn 0.3138 0.0174 -0.9493
vn 0.5774 -0.1712 -0.7983
vn 0.5114 -0.2028 -0.8351
vn 0.4036 -0.2422 -0.8823
vn 0.8584 -0.4080 -0.3109
vn 0.6087 -0.7311 -0.3082
vn 0.0170 -0.9488 -0.3154
vn 0.9237 -0.3830 0.0049
vn 0.6237 -0.7816 -0.0080
vn -0.1575 -0.9874 -0.0141
vn 0.9117 -0.2303 0.3403
vn 0.7387 -0.5907 0.3245
vn 0.1626 -0.9326 0.3223
vn 0.3681 -0.0702 0.9271
vn 0.3285 0.0048 0.9445
vn 0.3340 0.1404 0.9321
vn 0.3029 0.0312 0.9525
vn 0.2644 0.0656 0.9622
vn 0.2477 0.1377 0.9590
vn 0.1732 0.1079 0.9790
vn 0.1519 0.1192 0.9812
vn 0.1387 0.1547 0.9782
vn 0.7851 0.5225 -0.3325
vn 0.7194 0.6395 -0.2709
vn 0.6446 0.7344 -0.2125
vn 0.8436 0.5369 -0.0102
vn 0.7689 0.6389 -0.0245
vn 0.6939 0.7179 -0.0553
vn 0.8321 0.4786 0.2803
vn 0.7992 0.5693 0.1926
vn 0.7580 0.6465 0.0860
vn 0.1030 0.0216 -0.9945
vn 0.1995 0.1938 -0.9606
vn 0.2967 0.4186 -0.8584
vn 0.1478 0.1323 -0.9801
vn 0.2164 0.2903 -0.9321
vn 0.3030 0.5164 -0.8010
vn 0.3253 0.2611 -0.9089
vn 0.3582 0.4169 -0.8354
vn 0.3889 0.6104 -0.6900
vn -0.5345 -0.0154 -0.8450
vn 0.0339 0.1291 -0.9911
vn 0.5546 0.1921 -0.8096
vn -0.5590 0.1135 -0.8214
vn 0.0551 0.2605 -0.9639
vn 0.5846 0.2924 -0.7568
vn -0.5558 0.2265 -0.7998
vn 0.0736 0.3473 -0.9349
vn 0.5964 0.3448 -0.7249
vn 0.4840 0.7808 -0.3951
vn 0.5440 0.8152 -0.1988
vn 0.5967 0.7970 0.0939
vn 0.5308 0.7713 -0.3512
vn 0.6218 0.7620 -0.1806
vn 0.6806 0.7309 0.0497
vn 0.5788 0.7685 -0.2729
vn 0.6752 0.7228 -0.1470
vn 0.7314 0.6820 0.0004
vn 0.5674 -0.4252 0.7052
vn -0.0169 -0.2616 0.9650
vn -0.5763 -0.0552 0.8154
vn 0.6128 -0.2727 0.7417
vn -0.0000 -0.0962 0.9954
vn -0.5838 0.0899 0.8069
vn 0.6276 -0.2102 0.7496
vn 0.0034 -0.0292 0.9996
vn -0.5916 0.1389 0.7941
vn 0.5888 0.2581 0.7660
vn -0.0456 0.1936 0.9800
vn -0.6338 -0.0004 0.7735
vn 0.6122 0.3667 0.7005
vn -0.0336 0.3385 0.9404
vn -0.6630 0.1210 0.7388
vn 0.5995 0.4514 0.6610
vn -0.0135 0.4606 0.8875
vn -0.6435 0.2623 0.7191
vn -0.9390 -0.2251 0.2598
vn -0.9633 -0.2491 0.0999
vn -0.9670 -0.2339 -0.1009
vn -0.9569 -0.1441 0.2520
vn -0.9781 -0.1728 0.1157
vn -0.9860 -0.1537 -0.0648
vn -0.9671 -0.0529 0.2487
vn -0.9876 -0.0901 0.1284
vn -0.9969 -0.0670 -0.0410
vn 0.9743 0.1639 -0.1545
vn 0.9868 0.1550 0.0460
vn 0.9619 0.1700 0.2140
vn 0.9677 0.2185 -0.1254
vn 0.9765 0.2092 0.0520
vn 0.9536 0.2307 0.1936
vn 0.9619 0.2483 -0.1148
vn 0.9681 0.2455 0.0509
vn 0.9443 0.2766 0.1783
vn -0.6498 -0.1510 -0.7449
vn 0.0109 -0.2613 -0.9652
vn 0.6149 -0.2967 -0.7306
vn -0.6210 -0.3510 -0.7008
vn 0.0124 -0.4520 -0.8919
vn 0.5955 -0.4338 -0.6761
vn -0.5177 -0.6666 -0.5364
vn 0.0170 -0.7540 -0.6566
vn 0.5054 -0.6915 -0.5160
vn -0.9465 0.1398 0.2909
vn -0.9801 0.1309 0.1492
vn -0.9955 0.0898 -0.0296
vn -0.9448 0.1766 0.2759
vn -0.9816 0.1437 0.1256
vn -0.9947 0.0903 -0.0499
vn -0.9514 0.1820 0.2483
vn -0.9858 0.1387 0.0942
vn -0.9938 0.0824 -0.0744
vn -0.6102 -0.1252 -0.7823
vn -0.0084 -0.2637 -0.9646
vn 0.5191 -0.3386 -0.7848
vn -0.6210 -0.1264 -0.7735
vn -0.0054 -0.2675 -0.9635
vn 0.5359 -0.3404 -0.7726
vn -0.6341 -0.1179 -0.7642
vn 0.0002 -0.2566 -0.9665
vn 0.5628 -0.3259 -0.7596
vn 0.9121 -0.3411 -0.2275
vn 0.9416 -0.3298 -0.0677
vn 0.9361 -0.3449 0.0696
vn 0.9107 -0.3436 -0.2293
vn 0.9415 -0.3295 -0.0700
vn 0.9425 -0.3236 0.0841
vn 0.9149 -0.3333 -0.2276
vn 0.9441 -0.3215 -0.0729
vn 0.9474 -0.3080 0.0865
vn 0.8548 0.3348 -0.3965
vn 0.9299 0.3679 -0.0049
vn 0.8648 0.3432 0.3664
vn 0.8740 0.2782 -0.3983
vn 0.9500 0.3123 -0.0059
vn 0.8778 0.2992 0.3740
vn 0.8934 0.2282 -0.3870
vn 0.9658 0.2593 -0.0062
vn 0.8946 0.2540 0.3678
vn -0.7861 -0.5181 0.3371
vn -0.8641 -0.5033 0.0076
vn -0.8080 -0.5031 -0.3066
vn -0.8292 -0.4115 0.3781
vn -0.9043 -0.4267 0.0101
vn -0.8446 -0.4047 -0.3506
vn -0.8479 -0.3635 0.3859
vn -0.9207 -0.3900 0.0149
vn -0.8598 -0.3654 -0.3566
vn 0.3923 0.1429 0.9087
vn 0.1635 0.0267 0.9862
vn -0.0303 -0.1202 0.9923
vn 0.3575 0.1308 0.9247
vn 0.0890 0.0197 0.9958
vn -0.1858 -0.1195 0.9753
vn 0.3449 0.1137 0.9317
vn 0.0393 0.0092 0.9992
vn -0.2693 -0.1172 0.9559
vn -0.1629 -0.1326 -0.9777
vn 0.0344 0.0006 -0.9994
vn 0.2830 0.1101 -0.9528
vn -0.2679 -0.1459 -0.9523
vn 0.0040 -0.0252 -0.9997
vn 0.2887 0.0783 -0.9542
vn -0.3081 -0.1510 -0.9393
vn -0.0032 -0.0428 -0.9991
vn 0.3094 0.0537 -0.9494
vn -0.2267 -0.9183 -0.3245
vn 0.0139 -0.9515 -0.3074
vn 0.2570 -0.9197 -0.2970
vn -0.2279 -0.9614 -0.1544
vn 0.0113 -0.9919 -0.1266
vn 0.2512 -0.9588 -0.1323
vn -0.2153 -0.9740 -0.0709
vn 0.0099 -0.9986 -0.0529
vn 0.2347 -0.9702 -0.0601
vn -0.9872 0.1368 -0.0819
vn -0.9546 0.0142 -0.2976
vn -0.8413 -0.0199 -0.5403
vn -0.9716 -0.1813 -0.1518
vn -0.9265 -0.2071 -0.3141
vn -0.8207 -0.2050 -0.5333
vn -0.8184 -0.5532 -0.1554
vn -0.8002 -0.5259 -0.2882
vn -0.7348 -0.4782 -0.4811
vn -0.8781 0.4485 0.1669
vn -0.9948 -0.0802 0.0632
vn -0.8077 -0.5896 -0.0020
vn -0.7992 0.5341 0.2757
vn -0.9782 -0.0442 0.2031
vn -0.7851 -0.6107 0.1036
vn -0.7000 0.5634 0.4388
vn -0.8968 -0.0298 0.4415
vn -0.7249 -0.6272 0.2846
vn -0.3188 -0.0215 -0.9476
vn 0.0121 -0.0167 -0.9998
vn 0.3565 -0.0106 -0.9342
vn -0.3111 -0.1953 -0.9301
vn 0.0143 -0.1967 -0.9804
vn 0.3524 -0.1932 -0.9157
vn -0.2779 -0.4579 -0.8444
vn 0.0167 -0.4812 -0.8765
vn 0.3201 -0.4634 -0.8263
vn 0.4098 0.5500 0.7277
vn 0.1702 0.5845 0.7933
vn -0.1209 0.5890 0.7990
vn 0.5275 -0.0150 0.8494
vn 0.2172 -0.0284 0.9757
vn -0.1832 -0.0378 0.9824
vn 0.4400 -0.6281 0.6418
vn 0.1697 -0.6816 0.7117
vn -0.1538 -0.6881 0.7091
vn -0.1858 -0.9822 -0.0274
vn 0.0089 -0.9995 -0.0295
vn 0.2030 -0.9784 -0.0386
vn -0.1694 -0.9855 0.0136
vn 0.0133 -0.9999 0.0052
vn 0.1966 -0.9805 -0.0002
vn -0.1430 -0.9845 0.1013
vn 0.0307 -0.9948 0.0967
vn 0.2026 -0.9751 0.0898
vn 0.8251 -0.5632 -0.0449
vn 0.9990 -0.0393 0.0213
vn 0.8681 0.4742 0.1466
vn 0.8158 -0.5762 0.0497
vn 0.9900 -0.0094 0.1406
vn 0.8102 0.5358 0.2377
vn 0.7883 -0.5724 0.2258
vn 0.9376 0.0005 0.3477
vn 0.7510 0.5386 0.3821
vn 0.2120 0.9207 0.3276
vn 0.0142 0.9422 0.3347
vn -0.1893 0.9285 0.3196
vn 0.2070 0.9237 0.3224
vn 0.0289 0.9456 0.3241
vn -0.1527 0.9351 0.3198
vn 0.2137 0.9021 0.3748
vn 0.0527 0.9236 0.3798
vn -0.1135 0.9194 0.3766
vn -0.2525 -0.0292 -0.9671
vn 0.1022 -0.0034 -0.9948
vn 0.3949 0.0121 -0.9186
vn -0.2657 0.0219 -0.9638
vn 0.0806 0.0423 -0.9958
vn 0.3813 0.0496 -0.9231
vn -0.2801 0.0560 -0.9584
vn 0.0600 0.0738 -0.9955
vn 0.3714 0.0765 -0.9253
vn 0.3821 -0.0680 0.9216
vn 0.1035 -0.0906 0.9905
vn -0.2388 -0.1115 0.9646
vn 0.3531 -0.0974 0.9305
vn 0.0736 -0.1156 0.9906
vn -0.2552 -0.1275 0.9585
vn 0.3271 -0.1105 0.9385
vn 0.0460 -0.1254 0.9910
vn -0.2716 -0.1311 0.9534
vn -0.9325 -0.1127 0.3433
vn -0.9945 -0.0984 -0.0372
vn -0.9150 -0.0848 -0.3944
vn -0.9405 -0.0953 0.3262
vn -0.9952 -0.0666 -0.0723
vn -0.9026 -0.0414 -0.4285
vn -0.9498 -0.0768 0.3032
vn -0.9929 -0.0388 -0.1126
vn -0.8868 -0.0081 -0.4622
vn 0.9081 0.0137 -0.4186
vn 0.9999 0.0009 -0.0106
vn 0.9116 -0.0191 0.4106
vn 0.9059 0.0222 -0.4229
vn 0.9997 -0.0068 -0.0214
vn 0.9132 -0.0401 0.4056
vn 0.9050 0.0318 -0.4243
vn 0.9994 -0.0059 -0.0330
vn 0.9165 -0.0474 0.3972
vn 0.5834 -0.3271 -0.7434
vn 0.4387 -0.2461 -0.8643
vn 0.2491 -0.1761 -0.9523
vn 0.5308 -0.4338 -0.7281
vn 0.3881 -0.3822 -0.8386
vn 0.2151 -0.3410 -0.9151
vn 0.5101 -0.4707 -0.7199
vn 0.3604 -0.4489 -0.8177
vn 0.1943 -0.4313 -0.8810
vn 0.4863 0.8733 0.0303
vn 0.4595 0.8704 -0.1769
vn 0.4760 0.8254 -0.3036
vn 0.4735 0.8802 -0.0313
vn 0.4746 0.8695 -0.1369
vn 0.5006 0.8431 -0.1964
vn 0.5329 0.8461 -0.0126
vn 0.5438 0.8346 -0.0872
vn 0.5698 0.8109 -0.1337
vn 0.1527 0.3219 0.9344
vn 0.2966 0.4388 0.8482
vn 0.4216 0.6200 0.6618
vn 0.1752 0.4126 0.8939
vn 0.3386 0.5698 0.7488
vn 0.4510 0.7464 0.4894
vn 0.1998 0.4482 0.8713
vn 0.3842 0.6007 0.7011
vn 0.5027 0.7564 0.4185
vn 0.9618 -0.2486 0.1142
vn 0.9629 -0.2501 -0.1012
vn 0.8871 -0.2970 -0.3534
vn 0.9886 -0.1290 0.0779
vn 0.9831 -0.1469 -0.1090
vn 0.9159 -0.2024 -0.3465
vn 0.9972 -0.0444 0.0594
vn 0.9918 -0.0651 -0.1100
vn 0.9351 -0.1172 -0.3344
vn 0.8135 -0.5230 0.2545
vn 0.8575 -0.5112 -0.0586
vn 0.8121 -0.4708 -0.3447
vn 0.7841 -0.5914 0.1882
vn 0.8236 -0.5615 -0.0800
vn 0.7738 -0.5307 -0.3458
vn 0.8278 -0.5375 0.1608
vn 0.8573 -0.5072 -0.0882
vn 0.7925 -0.5003 -0.3487
vn 0.1489 -0.5202 0.8410
vn 0.3033 -0.4913 0.8165
vn 0.4798 -0.4845 0.7315
vn 0.1708 -0.8813 0.4406
vn 0.3336 -0.7892 0.5156
vn 0.4962 -0.6974 0.5172
vn 0.2010 -0.9449 0.2583
vn 0.3817 -0.8570 0.3463
vn 0.5521 -0.7333 0.3968
vn 0.9422 -0.1833 -0.2805
vn 0.9912 -0.1321 0.0111
vn 0.9438 -0.0372 0.3283
vn 0.9568 -0.0989 -0.2733
vn 0.9984 -0.0548 0.0117
vn 0.9450 0.0114 0.3270
vn 0.9606 0.0107 -0.2778
vn 0.9992 0.0392 0.0102
vn 0.9413 0.0678 0.3307
vn 0.2495 -0.0626 -0.9663
vn 0.4682 -0.1016 -0.8777
vn 0.6591 -0.1498 -0.7370
vn 0.2681 -0.0587 -0.9616
vn 0.4952 -0.0795 -0.8651
vn 0.6856 -0.1026 -0.7207
vn 0.2752 -0.0299 -0.9609
vn 0.5036 -0.0281 -0.8635
vn 0.6919 -0.0233 -0.7216
vn 0.5450 0.1250 0.8291
vn 0.3348 0.1339 0.9327
vn 0.1592 0.1215 0.9798
vn 0.5296 0.1059 0.8416
vn 0.3144 0.1021 0.9438
vn 0.1443 0.0874 0.9857
vn 0.5155 0.0796 0.8532
vn 0.2991 0.0628 0.9521
vn 0.1339 0.0476 0.9899
vn 0.6167 0.7410 0.2656
vn 0.4041 0.8667 0.2925
vn 0.1982 0.9289 0.3130
vn 0.5869 0.6922 0.4200
vn 0.3778 0.8021 0.4625
vn 0.1826 0.8507 0.4929
vn 0.5287 0.5940 0.6063
vn 0.3356 0.6682 0.6640
vn 0.1590 0.6981 0.6981
vn 0.8886 -0.2934 0.3525
vn 0.9372 -0.1486 0.3155
vn 0.9552 -0.0537 0.2910
vn 0.8444 -0.2861 0.4529
vn 0.8885 -0.1496 0.4337
vn 0.9058 -0.0593 0.4196
vn 0.7782 -0.2591 0.5721
vn 0.8038 -0.1380 0.5787
vn 0.8139 -0.0572 0.5782
vn 0.5396 -0.4015 -0.7400
vn 0.3624 -0.4240 -0.8300
vn 0.1873 -0.4336 -0.8814
vn 0.5676 -0.3349 -0.7521
vn 0.3778 -0.3675 -0.8498
vn 0.1931 -0.3824 -0.9036
vn 0.5978 -0.2507 -0.7614
vn 0.3978 -0.2871 -0.8714
vn 0.2020 -0.3042 -0.9309
vn 0.6430 0.7258 -0.2445
vn 0.4468 0.8465 -0.2897
vn 0.2300 0.9196 -0.3186
vn 0.6407 0.7645 -0.0705
vn 0.4317 0.8982 -0.0827
vn 0.2173 0.9717 -0.0927
vn 0.6353 0.7704 0.0534
vn 0.4242 0.9038 0.0556
vn 0.2115 0.9758 0.0565
vn 0.6532 -0.0248 -0.7568
vn 0.4428 -0.0480 -0.8953
vn 0.2264 -0.0577 -0.9723
vn 0.6716 0.1326 -0.7290
vn 0.4633 0.1333 -0.8761
vn 0.2401 0.1406 -0.9605
vn 0.6704 0.3405 -0.6592
vn 0.4756 0.3897 -0.7886
vn 0.2505 0.4261 -0.8693
vn 0.9950 0.0892 0.0456
vn 0.9917 0.0820 -0.0985
vn 0.9523 0.0559 -0.3000
vn 0.9794 0.1974 0.0435
vn 0.9770 0.1945 -0.0879
vn 0.9452 0.1760 -0.2750
vn 0.9317 0.3605 0.0449
vn 0.9307 0.3582 -0.0746
vn 0.9113 0.3353 -0.2391
vn 0.1041 0.0472 0.9934
vn 0.2483 0.0417 0.9678
vn 0.4423 0.0329 0.8962
vn 0.1053 0.1236 0.9867
vn 0.2489 0.1173 0.9614
vn 0.4420 0.1071 0.8906
vn 0.1135 0.2664 0.9572
vn 0.2591 0.2572 0.9310
vn 0.4403 0.2338 0.8669
vn 0.1530 -0.2593 0.9536
vn 0.3135 -0.2515 0.9157
vn 0.4816 -0.2348 0.8444
vn 0.1228 -0.1017 0.9872
vn 0.2757 -0.1040 0.9556
vn 0.4631 -0.1087 0.8796
vn 0.1100 -0.0178 0.9938
vn 0.2583 -0.0229 0.9658
vn 0.4506 -0.0330 0.8921
vn 0.9647 0.0658 0.2548
vn 0.9567 0.1665 0.2388
vn 0.9160 0.3275 0.2319
vn 0.9201 0.0463 0.3889
vn 0.9173 0.1402 0.3727
vn 0.8828 0.2948 0.3657
vn 0.8262 0.0308 0.5626
vn 0.8267 0.1150 0.5508
vn 0.8053 0.2502 0.5375
vn 0.2567 -0.8720 0.4167
vn 0.4620 -0.7786 0.4247
vn 0.6306 -0.6501 0.4239
vn 0.2593 -0.7983 0.5435
vn 0.4628 -0.7145 0.5247
vn 0.6216 -0.6007 0.5028
vn 0.2402 -0.6759 0.6967
vn 0.4328 -0.6155 0.6586
vn 0.5844 -0.5334 0.6115
vn 0.2170 0.3291 0.9190
vn 0.4255 0.3624 0.8292
vn 0.6211 0.4146 0.6651
vn 0.1971 0.2505 0.9478
vn 0.3915 0.2242 0.8924
vn 0.5957 0.1984 0.7783
vn 0.1647 0.1594 0.9734
vn 0.3384 0.0947 0.9362
vn 0.5396 0.0147 0.8418
vn 0.8541 0.4816 0.1963
vn 0.8807 0.4735 -0.0080
vn 0.8723 0.4535 -0.1830
vn 0.9425 0.1662 0.2901
vn 0.9880 0.1547 0.0016
vn 0.9566 0.1518 -0.2486
vn 0.9365 -0.1208 0.3292
vn 0.9902 -0.1396 -0.0092
vn 0.9455 -0.1219 -0.3021
vn 0.7633 0.4039 -0.5042
vn 0.6252 0.3778 -0.6829
vn 0.3769 0.3579 -0.8543
vn 0.7682 0.1840 -0.6132
vn 0.6141 0.2213 -0.7575
vn 0.3683 0.2656 -0.8909
vn 0.7214 -0.0092 -0.6925
vn 0.5656 0.0741 -0.8213
vn 0.3342 0.1574 -0.9293
vn -0.2948 -0.9482 0.1182
vn -0.2932 -0.9560 0.0040
vn -0.2908 -0.9506 -0.1083
vn 0.0010 -0.9927 0.1203
vn 0.0059 -1.0000 0.0003
vn 0.0107 -0.9929 -0.1188
vn 0.2789 -0.9550 0.1006
vn 0.2866 -0.9580 -0.0064
vn 0.2956 -0.9486 -0.1131
vn 0.9301 -0.3020 -0.2092
vn 0.9486 -0.3097 -0.0652
vn 0.9454 -0.3130 0.0913
vn 0.9096 -0.3693 -0.1903
vn 0.9234 -0.3802 -0.0528
vn 0.9121 -0.3985 0.0963
vn 0.8213 -0.5488 -0.1560
vn 0.8227 -0.5673 -0.0371
vn 0.8085 -0.5819 0.0880
vn 0.6178 -0.2352 0.7504
vn -0.0083 -0.0840 0.9964
vn -0.6180 0.0623 0.7837
vn 0.5715 -0.4265 0.7011
vn -0.0249 -0.3469 0.9376
vn -0.6197 -0.1999 0.7590
vn 0.4621 -0.7154 0.5241
vn -0.0323 -0.7211 0.6920
vn -0.5399 -0.6006 0.5897
vn -0.9759 0.0962 0.1959
vn -0.9976 0.0575 0.0390
vn -0.9932 0.0116 -0.1162
vn -0.9813 -0.0694 0.1796
vn -0.9955 -0.0920 0.0233
vn -0.9828 -0.1331 -0.1277
vn -0.9111 -0.3832 0.1516
vn -0.9161 -0.4006 0.0141
vn -0.9019 -0.4154 -0.1183
vn 0.9836 0.0818 -0.1605
vn 0.9930 0.1178 0.0030
vn 0.9777 0.1791 0.1101
vn 0.9755 -0.1002 -0.1959
vn 0.9967 -0.0704 -0.0394
vn 0.9981 -0.0425 0.0450
vn 0.9445 -0.2479 -0.2158
vn 0.9694 -0.2370 -0.0636
vn 0.9630 -0.2688 0.0169
vn -0.5615 0.1504 -0.8137
vn 0.0596 0.1581 -0.9856
vn 0.5976 0.1195 -0.7928
vn -0.5776 0.0287 -0.8158
vn 0.0314 -0.0313 -0.9990
vn 0.5693 -0.0877 -0.8174
vn -0.5914 -0.0627 -0.8039
vn 0.0058 -0.1712 -0.9852
vn 0.5336 -0.2413 -0.8106
vn -0.9781 -0.0126 0.2079
vn -0.9912 -0.0219 0.1305
vn -0.9996 0.0118 -0.0262
vn -0.9796 -0.0632 0.1905
vn -0.9912 -0.0086 0.1321
vn -0.9993 0.0298 -0.0233
vn -0.9737 -0.0628 0.2191
vn -0.9890 0.0298 0.1452
vn -0.9984 0.0530 -0.0190
vn -0.3378 -0.8940 -0.2943
vn -0.0472 -0.9252 -0.3764
vn 0.2177 -0.9029 -0.3707
vn -0.2623 -0.5925 -0.7617
vn -0.0162 -0.5940 -0.8043
vn 0.2294 -0.6237 -0.7472
vn -0.2941 -0.4064 -0.8651
vn 0.0082 -0.4375 -0.8992
vn 0.3091 -0.4624 -0.8310
vn -0.9452 0.2643 0.1919
vn -0.9817 0.0800 -0.1728
vn -0.8746 -0.1006 -0.4743
vn -0.9714 0.1704 0.1655
vn -0.9797 -0.0158 -0.1997
vn -0.8559 -0.1948 -0.4790
vn -0.9741 -0.1081 0.1985
vn -0.9481 -0.2850 -0.1409
vn -0.8172 -0.4114 -0.4037
vn 0.4561 0.4857 0.7457
vn -0.0002 0.5011 0.8654
vn -0.4652 0.4420 0.7670
vn 0.3609 0.4261 0.8296
vn -0.0105 0.4523 0.8918
vn -0.3794 0.4316 0.8184
vn 0.3107 0.3544 0.8820
vn -0.0209 0.4017 0.9155
vn -0.3443 0.4075 0.8458
vn 0.9098 -0.4010 -0.1070
vn 0.9939 -0.0539 0.0963
vn 0.9314 0.2089 0.2981
vn 0.8996 -0.3706 -0.2309
vn 0.9916 -0.1004 0.0812
vn 0.9196 0.1380 0.3678
vn 0.9044 -0.3183 -0.2842
vn 0.9879 -0.1430 0.0606
vn 0.9148 0.0512 0.4006
vn -0.9514 0.1081 0.2884
vn -0.9883 -0.1114 0.1043
vn -0.9316 -0.3627 -0.0258
vn -0.9333 0.1656 0.3188
vn -0.9982 -0.0538 0.0261
vn -0.9124 -0.3065 -0.2714
vn -0.9284 0.2057 0.3093
vn -0.9989 0.0215 -0.0406
vn -0.9091 -0.1682 -0.3810
vn 0.1139 -0.7969 0.5933
vn -0.1447 -0.8137 0.5630
vn -0.4370 -0.7653 0.4727
vn 0.1362 -0.9253 0.3539
vn -0.1305 -0.9492 0.2864
vn -0.4135 -0.8922 0.1819
vn 0.1503 -0.9844 0.0911
vn -0.1088 -0.9940 0.0099
vn -0.3617 -0.9289 -0.0797
vn 0.2781 0.2417 0.9297
vn -0.0331 0.3502 0.9361
vn -0.3513 0.4115 0.8410
vn 0.2501 0.1109 0.9619
vn -0.0534 0.2387 0.9696
vn -0.3839 0.3186 0.8666
vn 0.1880 -0.1419 0.9719
vn -0.0977 -0.0507 0.9939
vn -0.4236 0.0383 0.9050
vn -0.3086 -0.3610 -0.8800
vn 0.0254 -0.4110 -0.9113
vn 0.3676 -0.4287 -0.8253
vn -0.3114 -0.4646 -0.8290
vn 0.0158 -0.5246 -0.8512
vn 0.3615 -0.5470 -0.7551
vn -0.3104 -0.6599 -0.6842
vn -0.0176 -0.7400 -0.6724
vn 0.2979 -0.7557 -0.5832
vn 0.9115 -0.3376 -0.2350
vn 0.9628 -0.2416 0.1208
vn 0.8745 -0.1065 0.4731
vn 0.8781 -0.4589 -0.1354
vn 0.9040 -0.3703 0.2135
vn 0.8046 -0.2434 0.5417
vn 0.7487 -0.6629 0.0074
vn 0.7433 -0.5885 0.3181
vn 0.6596 -0.4600 0.5944
vn 0.9335 0.1248 -0.3361
vn 0.9898 0.1428 0.0009
vn 0.9318 0.1468 0.3319
vn 0.9505 0.0921 -0.2969
vn 0.9947 0.1027 0.0098
vn 0.9461 0.1097 0.3048
vn 0.9647 0.0846 -0.2492
vn 0.9959 0.0878 0.0215
vn 0.9572 0.0973 0.2727
vn -0.8711 -0.3371 0.3573
vn -0.9294 -0.3675 0.0334
vn -0.8834 -0.3532 -0.3080
vn -0.8842 -0.3284 0.3321
vn -0.9328 -0.3573 0.0471
vn -0.9000 -0.3472 -0.2634
vn -0.9002 -0.3123 0.3035
vn -0.9387 -0.3387 0.0636
vn -0.9208 -0.3298 -0.2084
vn 0.3719 0.0717 0.9255
vn -0.0039 -0.0154 0.9999
vn -0.3634 -0.1293 0.9226
vn 0.4085 0.0697 0.9101
vn -0.0175 -0.0119 0.9998
vn -0.4173 -0.1297 0.8995
vn 0.4638 0.0944 0.8809
vn -0.0306 0.0142 0.9994
vn -0.4870 -0.1168 0.8655
vn -0.3408 -0.1763 -0.9235
vn 0.0153 -0.0765 -0.9970
vn 0.3732 0.0072 -0.9277
vn -0.3723 -0.1803 -0.9104
vn 0.0201 -0.0778 -0.9968
vn 0.4106 0.0025 -0.9118
vn -0.4216 -0.1648 -0.8917
vn 0.0209 -0.0541 -0.9983
vn 0.4553 0.0252 -0.8900
vn -0.5643 0.1225 0.8164
vn -0.3701 0.1744 0.9125
vn -0.1880 0.1795 0.9656
vn -0.5617 0.0394 0.8264
vn -0.3804 0.1518 0.9123
vn -0.1983 0.1839 0.9627
vn -0.5132 -0.1054 0.8518
vn -0.3763 0.0930 0.9218
vn -0.2018 0.1596 0.9663
vn -0.1376 0.1190 -0.9833
vn -0.2353 0.0755 -0.9690
vn -0.2723 0.0072 -0.9622
vn -0.1304 0.1357 -0.9821
vn -0.2229 0.1234 -0.9670
vn -0.2647 0.1143 -0.9575
vn -0.1372 0.1732 -0.9753
vn -0.2432 0.2002 -0.9491
vn -0.3143 0.2576 -0.9137
vn -0.4644 0.2126 0.8597
vn -0.5866 0.2802 0.7598
vn -0.7281 0.3813 0.5696
vn -0.3674 0.0035 0.9301
vn -0.4675 0.0888 0.8795
vn -0.6474 0.2395 0.7236
vn -0.2779 -0.0782 0.9574
vn -0.3603 0.0289 0.9324
vn -0.5457 0.1734 0.8198
vn -0.5067 0.0216 0.8618
vn -0.5044 0.0202 0.8633
vn -0.4957 0.0362 0.8677
vn -0.2970 -0.0198 0.9547
vn -0.2963 -0.0283 0.9547
vn -0.2828 -0.0146 0.9591
vn -0.1342 -0.0377 0.9902
vn -0.1327 -0.0549 0.9896
vn -0.1058 -0.0640 0.9923
vn -0.4790 0.6307 -0.6106
vn -0.5398 0.7209 -0.4346
vn -0.6055 0.7164 -0.3467
vn -0.3792 0.4803 -0.7909
vn -0.4540 0.5871 -0.6702
vn -0.5240 0.6081 -0.5964
vn -0.2070 0.3408 -0.9170
vn -0.2600 0.4296 -0.8648
vn -0.3120 0.4678 -0.8269
vn -0.4670 0.0643 0.8819
vn -0.4519 0.0511 0.8906
vn -0.4335 0.0202 0.9009
vn -0.2229 0.0189 0.9747
vn -0.1890 0.0112 0.9819
vn -0.1587 -0.0133 0.9872
vn 0.0549 -0.0723 0.9959
vn 0.1555 -0.0624 0.9859
vn 0.2033 -0.0650 0.9770
vn -0.2385 0.0295 -0.9707
vn -0.2076 -0.0111 -0.9781
vn -0.1631 -0.1008 -0.9814
vn -0.4405 0.0822 -0.8940
vn -0.3964 0.0558 -0.9164
vn -0.3569 -0.0163 -0.9340
vn -0.6171 0.1482 -0.7728
vn -0.5746 0.1367 -0.8070
vn -0.5464 0.0668 -0.8349
vn -0.9155 0.2408 -0.3223
vn -0.9028 0.2511 -0.3491
vn -0.9089 0.1943 -0.3691
vn -0.9730 0.2307 -0.0049
vn -0.9699 0.2433 -0.0127
vn -0.9792 0.2026 -0.0144
vn -0.9232 0.1762 0.3414
vn -0.9192 0.1857 0.3472
vn -0.9193 0.1661 0.3568
vn -0.9027 0.0714 -0.4243
vn -0.8982 0.1100 -0.4256
vn -0.8923 0.1417 -0.4287
vn -0.9974 0.0426 -0.0580
vn -0.9909 0.1072 -0.0814
vn -0.9777 0.1767 -0.1136
vn -0.9295 0.0164 0.3684
vn -0.9377 0.1382 0.3189
vn -0.9274 0.3004 0.2228
vn -0.0036 -0.2577 -0.9662
vn 0.1225 -0.2395 -0.9631
vn 0.1993 -0.1781 -0.9636
vn -0.2749 -0.1486 -0.9499
vn -0.2187 -0.1549 -0.9634
vn -0.1661 -0.1228 -0.9784
vn -0.5015 -0.0766 -0.8617
vn -0.4718 -0.0939 -0.8767
vn -0.4410 -0.0777 -0.8941
vn -0.9212 0.0520 -0.3857
vn -0.9192 0.0189 -0.3933
vn -0.9155 0.0058 -0.4023
vn -0.9955 0.0947 -0.0049
vn -0.9981 0.0617 -0.0013
vn -0.9993 0.0370 -0.0003
vn -0.9176 0.1085 0.3824
vn -0.9155 0.0811 0.3941
vn -0.9135 0.0500 0.4038
vn 0.7744 -0.4520 0.4427
vn 0.8959 -0.2526 0.3653
vn 0.9185 -0.1727 0.3558
vn 0.8493 -0.5239 0.0644
vn 0.9575 -0.2870 0.0290
vn 0.9808 -0.1945 0.0097
vn 0.7668 -0.5487 -0.3330
vn 0.8939 -0.3233 -0.3106
vn 0.9175 -0.2167 -0.3334
vn -0.8947 0.0099 -0.4466
vn -0.8754 -0.1888 -0.4450
vn -0.7836 -0.4745 -0.4010
vn -0.9785 0.0554 -0.1986
vn -0.9569 -0.1793 -0.2284
vn -0.8306 -0.5126 -0.2178
vn -0.9826 0.1850 -0.0138
vn -0.9845 -0.1428 -0.1014
vn -0.8378 -0.5329 -0.1187
vn 0.9691 0.0016 0.2465
vn 0.9747 0.1144 0.1922
vn 0.9605 0.2556 0.1105
vn 0.9822 0.0240 -0.1861
vn 0.9731 0.0793 -0.2162
vn 0.9612 0.1339 -0.2412
vn 0.8575 0.0444 -0.5125
vn 0.8477 0.0782 -0.5247
vn 0.8417 0.1033 -0.5300
vn -0.2965 -0.0277 0.9546
vn -0.2956 0.2097 0.9320
vn -0.2808 0.6153 0.7366
vn -0.0083 -0.0381 0.9992
vn -0.0005 0.2110 0.9775
vn 0.0001 0.6433 0.7656
vn 0.3003 -0.0390 0.9530
vn 0.3128 0.2074 0.9269
vn 0.2950 0.6237 0.7238
vn 0.3057 0.0932 -0.9476
vn 0.3122 0.1108 -0.9435
vn 0.3154 0.1138 -0.9421
vn -0.0260 0.1097 -0.9936
vn -0.0166 0.1257 -0.9919
vn -0.0122 0.1251 -0.9921
vn -0.3572 0.1130 -0.9272
vn -0.3525 0.1322 -0.9264
vn -0.3507 0.1347 -0.9268
vn -0.2058 0.0238 -0.9783
vn -0.3968 -0.0496 -0.9165
vn -0.5774 -0.1712 -0.7983
vn -0.1868 0.0825 -0.9789
vn -0.3573 -0.0111 -0.9339
vn -0.5114 -0.2028 -0.8351
vn -0.1694 0.1154 -0.9788
vn -0.3138 0.0174 -0.9493
vn -0.4036 -0.2422 -0.8823
vn -0.8584 -0.4080 -0.3109
vn -0.9237 -0.3830 0.0049
vn -0.9117 -0.2303 0.3403
vn -0.6087 -0.7311 -0.3082
vn -0.6237 -0.7816 -0.0080
vn -0.7387 -0.5907 0.3245
vn -0.0170 -0.9488 -0.3154
vn 0.1575 -0.9874 -0.0141
vn -0.1626 -0.9326 0.3223
vn -0.3681 -0.0702 0.9271
vn -0.3029 0.0312 0.9525
vn -0.1732 0.1079 0.9790
vn -0.3285 0.0048 0.9445
vn -0.2644 0.0656 0.9622
vn -0.1519 0.1192 0.9812
vn -0.3340 0.1404 0.9321
vn -0.2477 0.1377 0.9590
vn -0.1387 0.1547 0.9782
vn -0.7851 0.5225 -0.3325
vn -0.8436 0.5369 -0.0102
vn -0.8321 0.4786 0.2803
vn -0.7194 0.6395 -0.2709
vn -0.7689 0.6389 -0.0245
vn -0.7992 0.5693 0.1926
vn -0.6446 0.7344 -0.2125
vn -0.6939 0.7179 -0.0553
vn -0.7580 0.6465 0.0860
vn -0.1030 0.0216 -0.9945
vn -0.1478 0.1323 -0.9801
vn -0.3253 0.2611 -0.9089
vn -0.1995 0.1938 -0.9606
vn -0.2164 0.2903 -0.9321
vn -0.3582 0.4169 -0.8354
vn -0.2967 0.4186 -0.8584
vn -0.3030 0.5164 -0.8010
vn -0.3889 0.6104 -0.6900
vn 0.5345 -0.0154 -0.8450
vn 0.5590 0.1135 -0.8214
vn 0.5558 0.2265 -0.7998
vn -0.0339 0.1291 -0.9911
vn -0.0551 0.2605 -0.9639
vn -0.0736 0.3473 -0.9349
vn -0.5546 0.1921 -0.8096
vn -0.5846 0.2924 -0.7568
vn -0.5964 0.3448 -0.7249
vn -0.4840 0.7808 -0.3951
vn -0.5308 0.7713 -0.3512
vn -0.5788 0.7685 -0.2729
vn -0.5440 0.8152 -0.1988
vn -0.6218 0.7620 -0.1806
vn -0.6752 0.7228 -0.1470
vn -0.5967 0.7970 0.0939
vn -0.6806 0.7309 0.0497
vn -0.7314 0.6820 0.0004
vn -0.5674 -0.4252 0.7052
vn -0.6128 -0.2727 0.7417
vn -0.6276 -0.2102 0.7496
vn 0.0169 -0.2616 0.9650
vn -0.0034 -0.0292 0.9996
vn 0.5763 -0.0552 0.8154
vn 0.5838 0.0899 0.8069
vn 0.5916 0.1389 0.7941
vn -0.5888 0.2581 0.7660
vn -0.6122 0.3667 0.7005
vn -0.5995 0.4514 0.6610
vn 0.0456 0.1936 0.9800
vn 0.0336 0.3385 0.9404
vn 0.0135 0.4606 0.8875
vn 0.6338 -0.0004 0.7735
vn 0.6630 0.1210 0.7388
vn 0.6435 0.2623 0.7191
vn 0.9390 -0.2251 0.2598
vn 0.9569 -0.1441 0.2520
vn 0.9671 -0.0529 0.2487
vn 0.9633 -0.2491 0.0999
vn 0.9781 -0.1728 0.1157
vn 0.9876 -0.0901 0.1284
vn 0.9670 -0.2339 -0.1009
vn 0.9860 -0.1537 -0.0648
vn 0.9969 -0.0670 -0.0410
vn -0.9743 0.1639 -0.1545
vn -0.9677 0.2185 -0.1254
vn -0.9619 0.2483 -0.1148
vn -0.9868 0.1550 0.0460
vn -0.9765 0.2092 0.0520
vn -0.9681 0.2455 0.0509
vn -0.9619 0.1700 0.2140
vn -0.9536 0.2307 0.1936
vn -0.9443 0.2766 0.1783
vn 0.6498 -0.1510 -0.7449
vn 0.6210 -0.3510 -0.7008
vn 0.5177 -0.6666 -0.5364
vn -0.0109 -0.2613 -0.9652
vn -0.0124 -0.4520 -0.8919
vn -0.0170 -0.7540 -0.6566
vn -0.6149 -0.2967 -0.7306
vn -0.5955 -0.4338 -0.6761
vn -0.5054 -0.6915 -0.5160
vn 0.9465 0.1398 0.2909
vn 0.9448 0.1766 0.2759
vn 0.9514 0.1820 0.2483
vn 0.9801 0.1309 0.1492
vn 0.9816 0.1437 0.1256
vn 0.9858 0.1387 0.0942
vn 0.9955 0.0898 -0.0296
vn 0.9947 0.0903 -0.0499
vn 0.9938 0.0824 -0.0744
vn 0.6102 -0.1252 -0.7823
vn 0.6210 -0.1264 -0.7735
vn 0.6341 -0.1179 -0.7642
vn 0.0084 -0.2637 -0.9646
vn 0.0054 -0.2675 -0.9635
vn -0.0002 -0.2566 -0.9665
vn -0.5191 -0.3386 -0.7848
vn -0.5359 -0.3404 -0.7726
vn -0.5628 -0.3259 -0.7596
vn -0.9121 -0.3411 -0.2275
vn -0.9107 -0.3436 -0.2293
vn -0.9149 -0.3333 -0.2276
vn -0.9416 -0.3298 -0.0677
vn -0.9416 -0.3295 -0.0700
vn -0.9441 -0.3215 -0.0729
vn -0.9361 -0.3449 0.0696
vn -0.9425 -0.3236 0.0841
vn -0.9474 -0.3080 0.0865
vn -0.8548 0.3348 -0.3965
vn -0.8740 0.2782 -0.3983
vn -0.8934 0.2282 -0.3870
vn -0.9299 0.3679 -0.0049
vn -0.9500 0.3123 -0.0059
vn -0.9658 0.2593 -0.0062
vn -0.8648 0.3432 0.3664
vn -0.8778 0.2992 0.3740
vn -0.8946 0.2540 0.3678
vn 0.7861 -0.5181 0.3371
vn 0.8292 -0.4115 0.3781
vn 0.8479 -0.3635 0.3859
vn 0.8641 -0.5033 0.0076
vn 0.9043 -0.4267 0.0101
vn 0.9207 -0.3900 0.0149
vn 0.8080 -0.5031 -0.3066
vn 0.8446 -0.4047 -0.3506
vn 0.8598 -0.3654 -0.3566
vn -0.3923 0.1429 0.9087
vn -0.3575 0.1308 0.9247
vn -0.3449 0.1137 0.9317
vn -0.1635 0.0267 0.9862
vn -0.0890 0.0197 0.9958
vn -0.0393 0.0092 0.9992
vn 0.0303 -0.1202 0.9923
vn 0.1858 -0.1195 0.9753
vn 0.2693 -0.1172 0.9559
vn 0.1629 -0.1326 -0.9777
vn 0.2679 -0.1459 -0.9523
vn 0.3081 -0.1510 -0.9393
vn -0.0344 0.0006 -0.9994
vn -0.0040 -0.0252 -0.9997
vn 0.0032 -0.0428 -0.9991
vn -0.2830 0.1101 -0.9528
vn -0.2887 0.0783 -0.9542
vn -0.3094 0.0537 -0.9494
vn 0.2267 -0.9183 -0.3245
vn 0.2279 -0.9614 -0.1544
vn 0.2153 -0.9740 -0.0709
vn -0.0139 -0.9515 -0.3074
vn -0.0113 -0.9919 -0.1266
vn -0.0099 -0.9986 -0.0529
vn -0.2570 -0.9197 -0.2970
vn -0.2512 -0.9588 -0.1323
vn -0.2347 -0.9702 -0.0601
vn 0.9872 0.1368 -0.0819
vn 0.9716 -0.1813 -0.1518
vn 0.8184 -0.5532 -0.1554
vn 0.9546 0.0142 -0.2976
vn 0.9265 -0.2071 -0.3141
vn 0.8002 -0.5259 -0.2882
vn 0.8413 -0.0199 -0.5403
vn 0.8207 -0.2050 -0.5333
vn 0.7348 -0.4782 -0.4811
vn 0.8781 0.4485 0.1669
vn 0.7992 0.5341 0.2757
vn 0.7000 0.5634 0.4388
vn 0.9948 -0.0802 0.0632
vn 0.9782 -0.0442 0.2031
vn 0.8968 -0.0298 0.4415
vn 0.8077 -0.5896 -0.0020
vn 0.7851 -0.6107 0.1036
vn 0.7249 -0.6272 0.2846
vn 0.3188 -0.0215 -0.9476
vn 0.3111 -0.1953 -0.9301
vn 0.2779 -0.4579 -0.8444
vn -0.0121 -0.0167 -0.9998
vn -0.0143 -0.1967 -0.9804
vn -0.0167 -0.4812 -0.8765
vn -0.3565 -0.0106 -0.9342
vn -0.3524 -0.1932 -0.9157
vn -0.3201 -0.4634 -0.8263
vn -0.4098 0.5500 0.7277
vn -0.5275 -0.0150 0.8494
vn -0.4400 -0.6281 0.6418
vn -0.1702 0.5845 0.7933
vn -0.2172 -0.0284 0.9757
vn -0.1697 -0.6816 0.7117
vn 0.1209 0.5890 0.7990
vn 0.1832 -0.0378 0.9824
vn 0.1538 -0.6881 0.7091
vn 0.1858 -0.9822 -0.0274
vn 0.1694 -0.9855 0.0136
vn 0.1430 -0.9845 0.1013
vn -0.0089 -0.9995 -0.0295
vn -0.0133 -0.9999 0.0052
vn -0.0307 -0.9948 0.0967
vn -0.2030 -0.9784 -0.0386
vn -0.1966 -0.9805 -0.0002
vn -0.2026 -0.9751 0.0898
vn -0.8251 -0.5632 -0.0449
vn -0.8158 -0.5762 0.0497
vn -0.7883 -0.5724 0.2258
vn -0.9990 -0.0393 0.0213
vn -0.9900 -0.0094 0.1406
vn -0.9376 0.0005 0.3477
vn -0.8681 0.4742 0.1466
vn -0.8102 0.5358 0.2377
vn -0.7510 0.5386 0.3821
vn -0.2120 0.9207 0.3276
vn -0.2070 0.9237 0.3224
vn -0.2137 0.9021 0.3748
vn -0.0142 0.9422 0.3347
vn -0.0289 0.9456 0.3241
vn -0.0527 0.9236 0.3798
vn 0.1893 0.9285 0.3196
vn 0.1527 0.9351 0.3198
vn 0.1135 0.9194 0.3766
vn 0.2525 -0.0292 -0.9671
vn 0.2657 0.0219 -0.9638
vn 0.2801 0.0560 -0.9584
vn -0.1022 -0.0034 -0.9948
vn -0.0806 0.0423 -0.9958
vn -0.0600 0.0738 -0.9955
vn -0.3949 0.0121 -0.9186
vn -0.3813 0.0496 -0.9231
vn -0.3714 0.0765 -0.9253
vn -0.3821 -0.0680 0.9216
vn -0.3531 -0.0974 0.9305
vn -0.3271 -0.1105 0.9385
vn -0.1035 -0.0906 0.9905
vn -0.0736 -0.1156 0.9906
vn -0.0460 -0.1254 0.9910
vn 0.2388 -0.1115 0.9646
vn 0.2552 -0.1275 0.9585
vn 0.2716 -0.1311 0.9534
vn 0.9325 -0.1127 0.3433
vn 0.9405 -0.0953 0.3262
vn 0.9498 -0.0768 0.3032
vn 0.9945 -0.0984 -0.0372
vn 0.9952 -0.0666 -0.0723
vn 0.9929 -0.0388 -0.1126
vn 0.9150 -0.0848 -0.3944
vn 0.9026 -0.0414 -0.4285
vn 0.8868 -0.0081 -0.4622
vn -0.9081 0.0137 -0.4186
vn -0.9059 0.0222 -0.4229
vn -0.9050 0.0318 -0.4243
vn -0.9999 0.0009 -0.0106
vn -0.9997 -0.0068 -0.0214
vn -0.9994 -0.0059 -0.0330
vn -0.9116 -0.0191 0.4106
vn -0.9132 -0.0401 0.4056
vn -0.9165 -0.0474 0.3972
vn -0.5834 -0.3271 -0.7434
vn -0.5308 -0.4338 -0.7281
vn -0.5101 -0.4707 -0.7199
vn -0.4387 -0.2461 -0.8643
vn -0.3881 -0.3822 -0.8386
vn -0.3604 -0.4489 -0.8177
vn -0.2491 -0.1761 -0.9523
vn -0.2151 -0.3410 -0.9151
vn -0.1943 -0.4313 -0.8810
vn -0.4863 0.8733 0.0303
vn -0.4735 0.8802 -0.0313
vn -0.5329 0.8461 -0.0126
vn -0.4595 0.8704 -0.1769
vn -0.4746 0.8695 -0.1369
vn -0.5438 0.8346 -0.0872
vn -0.4760 0.8254 -0.3036
vn -0.5006 0.8431 -0.1964
vn -0.5698 0.8109 -0.1337
vn -0.1527 0.3219 0.9344
vn -0.1752 0.4126 0.8939
vn -0.1998 0.4482 0.8713
vn -0.2966 0.4388 0.8482
vn -0.3386 0.5698 0.7488
vn -0.3842 0.6007 0.7011
vn -0.4216 0.6200 0.6618
vn -0.4510 0.7464 0.4894
vn -0.5027 0.7564 0.4185
vn -0.9618 -0.2486 0.1142
vn -0.9886 -0.1290 0.0779
vn -0.9972 -0.0444 0.0594
vn -0.9629 -0.2501 -0.1012
vn -0.9831 -0.1469 -0.1090
vn -0.9918 -0.0651 -0.1101
vn -0.8871 -0.2970 -0.3534
vn -0.9159 -0.2024 -0.3465
vn -0.9351 -0.1172 -0.3344
vn -0.8135 -0.5230 0.2545
vn -0.7841 -0.5914 0.1882
vn -0.8278 -0.5375 0.1608
vn -0.8575 -0.5112 -0.0586
vn -0.8236 -0.5615 -0.0800
vn -0.8573 -0.5072 -0.0882
vn -0.8121 -0.4708 -0.3447
vn -0.7738 -0.5307 -0.3458
vn -0.7925 -0.5003 -0.3487
vn -0.1489 -0.5202 0.8410
vn -0.1708 -0.8813 0.4406
vn -0.2010 -0.9449 0.2583
vn -0.3033 -0.4913 0.8165
vn -0.3336 -0.7892 0.5156
vn -0.3817 -0.8570 0.3463
vn -0.4798 -0.4844 0.7315
vn -0.4962 -0.6974 0.5172
vn -0.5521 -0.7333 0.3968
vn -0.9422 -0.1833 -0.2805
vn -0.9568 -0.0989 -0.2733
vn -0.9606 0.0107 -0.2778
vn -0.9912 -0.1321 0.0111
vn -0.9984 -0.0548 0.0117
vn -0.9992 0.0392 0.0102
vn -0.9438 -0.0372 0.3283
vn -0.9450 0.0114 0.3270
vn -0.9413 0.0678 0.3307
vn -0.2495 -0.0626 -0.9663
vn -0.2681 -0.0587 -0.9616
vn -0.2752 -0.0299 -0.9609
vn -0.4682 -0.1016 -0.8777
vn -0.4952 -0.0795 -0.8651
vn -0.5036 -0.0281 -0.8635
vn -0.6591 -0.1498 -0.7370
vn -0.6856 -0.1026 -0.7207
vn -0.6919 -0.0233 -0.7216
vn -0.5450 0.1250 0.8291
vn -0.5296 0.1059 0.8416
vn -0.5155 0.0796 0.8532
vn -0.3348 0.1339 0.9327
vn -0.3144 0.1021 0.9438
vn -0.2991 0.0628 0.9521
vn -0.1592 0.1215 0.9798
vn -0.1443 0.0874 0.9857
vn -0.1339 0.0476 0.9899
vn -0.6167 0.7410 0.2656
vn -0.5869 0.6922 0.4200
vn -0.5287 0.5940 0.6063
vn -0.4041 0.8667 0.2925
vn -0.3778 0.8021 0.4625
vn -0.3356 0.6682 0.6640
vn -0.1982 0.9289 0.3130
vn -0.1826 0.8507 0.4929
vn -0.1590 0.6981 0.6981
vn -0.8886 -0.2934 0.3525
vn -0.8444 -0.2861 0.4529
vn -0.7782 -0.2591 0.5721
vn -0.9372 -0.1486 0.3155
vn -0.8885 -0.1496 0.4337
vn -0.8038 -0.1380 0.5787
vn -0.9552 -0.0537 0.2910
vn -0.9058 -0.0593 0.4196
vn -0.8139 -0.0572 0.5782
vn -0.5396 -0.4015 -0.7400
vn -0.5676 -0.3349 -0.7521
vn -0.5978 -0.2507 -0.7614
vn -0.3624 -0.4240 -0.8300
vn -0.3778 -0.3675 -0.8498
vn -0.3978 -0.2871 -0.8714
vn -0.1873 -0.4336 -0.8814
vn -0.1931 -0.3824 -0.9036
vn -0.2020 -0.3042 -0.9309
vn -0.6430 0.7258 -0.2445
vn -0.6407 0.7645 -0.0705
vn -0.6353 0.7704 0.0534
vn -0.4468 0.8465 -0.2897
vn -0.4317 0.8982 -0.0827
vn -0.4242 0.9038 0.0556
vn -0.2300 0.9196 -0.3186
vn -0.2173 0.9717 -0.0927
vn -0.2115 0.9758 0.0565
vn -0.6532 -0.0248 -0.7568
vn -0.6716 0.1326 -0.7290
vn -0.6704 0.3405 -0.6592
vn -0.4428 -0.0480 -0.8953
vn -0.4633 0.1333 -0.8761
vn -0.4756 0.3897 -0.7886
vn -0.2264 -0.0577 -0.9723
vn -0.2401 0.1406 -0.9605
vn -0.2505 0.4261 -0.8693
vn -0.9950 0.0892 0.0456
vn -0.9794 0.1974 0.0435
vn -0.9317 0.3605 0.0449
vn -0.9917 0.0820 -0.0985
vn -0.9770 0.1945 -0.0879
vn -0.9307 0.3582 -0.0746
vn -0.9523 0.0559 -0.3000
vn -0.9452 0.1760 -0.2750
vn -0.9113 0.3353 -0.2391
vn -0.1041 0.0472 0.9934
vn -0.1053 0.1236 0.9867
vn -0.1135 0.2664 0.9572
vn -0.2483 0.0417 0.9678
vn -0.2489 0.1173 0.9614
vn -0.2591 0.2572 0.9310
vn -0.4423 0.0329 0.8962
vn -0.4420 0.1071 0.8906
vn -0.4403 0.2338 0.8669
vn -0.1530 -0.2593 0.9536
vn -0.1228 -0.1017 0.9872
vn -0.1100 -0.0178 0.9938
vn -0.3135 -0.2515 0.9157
vn -0.2757 -0.1040 0.9556
vn -0.2583 -0.0229 0.9658
vn -0.4816 -0.2348 0.8444
vn -0.4631 -0.1087 0.8796
vn -0.4506 -0.0330 0.8921
vn -0.9647 0.0658 0.2548
vn -0.9201 0.0463 0.3889
vn -0.8262 0.0308 0.5626
vn -0.9567 0.1665 0.2388
vn -0.9173 0.1402 0.3727
vn -0.8267 0.1150 0.5508
vn -0.9160 0.3275 0.2319
vn -0.8828 0.2948 0.3657
vn -0.8053 0.2502 0.5375
vn -0.2567 -0.8720 0.4167
vn -0.2593 -0.7983 0.5435
vn -0.2402 -0.6759 0.6967
vn -0.4620 -0.7786 0.4247
vn -0.4628 -0.7145 0.5247
vn -0.4328 -0.6155 0.6586
vn -0.6306 -0.6501 0.4239
vn -0.6216 -0.6007 0.5028
vn -0.5844 -0.5334 0.6115
vn -0.2170 0.3291 0.9190
vn -0.1971 0.2505 0.9478
vn -0.1647 0.1594 0.9734
vn -0.4255 0.3624 0.8292
vn -0.3915 0.2242 0.8924
vn -0.3384 0.0947 0.9362
vn -0.6211 0.4146 0.6651
vn -0.5957 0.1984 0.7783
vn -0.5396 0.0147 0.8418
vn -0.8541 0.4816 0.1963
vn -0.9425 0.1662 0.2901
vn -0.9365 -0.1208 0.3292
vn -0.8807 0.4735 -0.0080
vn -0.9880 0.1547 0.0016
vn -0.9902 -0.1396 -0.0092
vn -0.8723 0.4535 -0.1830
vn -0.9566 0.1518 -0.2486
vn -0.9454 -0.1219 -0.3021
vn -0.7633 0.4039 -0.5042
vn -0.7682 0.1840 -0.6132
vn -0.7214 -0.0092 -0.6925
vn -0.6252 0.3778 -0.6829
vn -0.6141 0.2213 -0.7575
vn -0.5656 0.0741 -0.8214
vn -0.3769 0.3579 -0.8543
vn -0.3683 0.2656 -0.8909
vn -0.3342 0.1574 -0.9293
vn 0.2948 -0.9482 0.1182
vn -0.0010 -0.9927 0.1203
vn -0.2789 -0.9550 0.1006
vn 0.2932 -0.9560 0.0040
vn -0.0059 -1.0000 0.0003
vn -0.2866 -0.9580 -0.0064
vn 0.2908 -0.9506 -0.1083
vn -0.0107 -0.9929 -0.1188
vn -0.2956 -0.9486 -0.1131
vn -0.9301 -0.3020 -0.2092
vn -0.9096 -0.3693 -0.1903
vn -0.8213 -0.5488 -0.1560
vn -0.9486 -0.3097 -0.0652
vn -0.9234 -0.3802 -0.0528
vn -0.8227 -0.5673 -0.0371
vn -0.9454 -0.3130 0.0913
vn -0.9121 -0.3985 0.0963
vn -0.8085 -0.5819 0.0880
vn -0.6178 -0.2352 0.7504
vn -0.5715 -0.4265 0.7011
vn -0.4621 -0.7154 0.5241
vn 0.0083 -0.0840 0.9964
vn 0.0249 -0.3469 0.9376
vn 0.0323 -0.7211 0.6920
vn 0.6180 0.0623 0.7837
vn 0.6197 -0.1999 0.7590
vn 0.5399 -0.6007 0.5897
vn 0.9759 0.0962 0.1959
vn 0.9813 -0.0694 0.1796
vn 0.9111 -0.3832 0.1516
vn 0.9976 0.0575 0.0390
vn 0.9955 -0.0920 0.0233
vn 0.9161 -0.4006 0.0141
vn 0.9932 0.0116 -0.1162
vn 0.9828 -0.1331 -0.1277
vn 0.9019 -0.4154 -0.1183
vn -0.9836 0.0818 -0.1605
vn -0.9755 -0.1002 -0.1959
vn -0.9445 -0.2479 -0.2158
vn -0.9930 0.1178 0.0030
vn -0.9967 -0.0704 -0.0394
vn -0.9694 -0.2371 -0.0636
vn -0.9777 0.1791 0.1101
vn -0.9981 -0.0425 0.0450
vn -0.9630 -0.2688 0.0169
vn 0.5615 0.1504 -0.8137
vn 0.5776 0.0287 -0.8158
vn 0.5914 -0.0627 -0.8040
vn -0.0596 0.1581 -0.9856
vn -0.0314 -0.0313 -0.9990
vn -0.0058 -0.1712 -0.9852
vn -0.5976 0.1195 -0.7928
vn -0.5693 -0.0877 -0.8174
vn -0.5336 -0.2413 -0.8106
vn 0.9781 -0.0126 0.2079
vn 0.9796 -0.0632 0.1905
vn 0.9737 -0.0628 0.2191
vn 0.9912 -0.0219 0.1305
vn 0.9912 -0.0086 0.1321
vn 0.9890 0.0298 0.1452
vn 0.9996 0.0118 -0.0262
vn 0.9993 0.0298 -0.0233
vn 0.9984 0.0530 -0.0190
vn 0.3378 -0.8940 -0.2943
vn 0.2623 -0.5925 -0.7617
vn 0.2941 -0.4064 -0.8651
vn 0.0472 -0.9252 -0.3764
vn 0.0162 -0.5940 -0.8043
vn -0.0082 -0.4375 -0.8992
vn -0.2177 -0.9029 -0.3707
vn -0.2294 -0.6237 -0.7472
vn -0.3091 -0.4624 -0.8310
vn 0.9452 0.2643 0.1919
vn 0.9714 0.1704 0.1655
vn 0.9741 -0.1081 0.1985
vn 0.9817 0.0800 -0.1728
vn 0.9797 -0.0158 -0.1997
vn 0.9481 -0.2850 -0.1409
vn 0.8746 -0.1006 -0.4743
vn 0.8559 -0.1948 -0.4790
vn 0.8172 -0.4114 -0.4037
vn -0.4561 0.4857 0.7457
vn -0.3609 0.4261 0.8296
vn -0.3107 0.3544 0.8820
vn 0.0002 0.5011 0.8654
vn 0.0105 0.4523 0.8918
vn 0.0209 0.4017 0.9155
vn 0.4652 0.4420 0.7670
vn 0.3794 0.4316 0.8184
vn 0.3443 0.4075 0.8458
vn -0.9098 -0.4010 -0.1070
vn -0.8996 -0.3706 -0.2309
vn -0.9044 -0.3183 -0.2842
vn -0.9939 -0.0539 0.0963
vn -0.9916 -0.1004 0.0812
vn -0.9879 -0.1430 0.0605
vn -0.9314 0.2089 0.2981
vn -0.9196 0.1379 0.3678
vn -0.9148 0.0512 0.4006
vn 0.9514 0.1081 0.2884
vn 0.9333 0.1656 0.3188
vn 0.9284 0.2057 0.3093
vn 0.9883 -0.1114 0.1043
vn 0.9982 -0.0538 0.0261
vn 0.9989 0.0215 -0.0406
vn 0.9316 -0.3627 -0.0258
vn 0.9124 -0.3065 -0.2714
vn 0.9091 -0.1682 -0.3810
vn -0.1139 -0.7969 0.5933
vn -0.1362 -0.9253 0.3539
vn -0.1503 -0.9844 0.0910
vn 0.1447 -0.8137 0.5630
vn 0.1305 -0.9492 0.2863
vn 0.1088 -0.9940 0.0099
vn 0.4370 -0.7653 0.4727
vn 0.4135 -0.8922 0.1819
vn 0.3617 -0.9289 -0.0798
vn -0.2781 0.2417 0.9297
vn -0.2501 0.1109 0.9619
vn -0.1880 -0.1419 0.9719
vn 0.0331 0.3502 0.9361
vn 0.0534 0.2387 0.9696
vn 0.0977 -0.0507 0.9939
vn 0.3513 0.4115 0.8410
vn 0.3839 0.3186 0.8666
vn 0.4236 0.0383 0.9050
vn 0.3086 -0.3610 -0.8800
vn 0.3114 -0.4646 -0.8290
vn 0.3104 -0.6599 -0.6842
vn -0.0254 -0.4110 -0.9113
vn -0.0158 -0.5246 -0.8512
vn 0.0176 -0.7400 -0.6724
vn -0.3676 -0.4287 -0.8253
vn -0.3615 -0.5470 -0.7551
vn -0.2979 -0.7557 -0.5832
vn -0.9115 -0.3376 -0.2350
vn -0.8781 -0.4589 -0.1354
vn -0.7487 -0.6629 0.0073
vn -0.9628 -0.2416 0.1208
vn -0.9040 -0.3703 0.2135
vn -0.7433 -0.5885 0.3181
vn -0.8745 -0.1065 0.4731
vn -0.8046 -0.2434 0.5417
vn -0.6596 -0.4600 0.5944
vn -0.9335 0.1248 -0.3361
vn -0.9505 0.0921 -0.2969
vn -0.9647 0.0846 -0.2492
vn -0.9898 0.1428 0.0009
vn -0.9947 0.1027 0.0098
vn -0.9959 0.0878 0.0215
vn -0.9318 0.1468 0.3319
vn -0.9461 0.1097 0.3048
vn -0.9572 0.0973 0.2727
vn 0.8711 -0.3371 0.3573
vn 0.8842 -0.3284 0.3321
vn 0.9002 -0.3123 0.3035
vn 0.9294 -0.3675 0.0334
vn 0.9328 -0.3573 0.0471
vn 0.9387 -0.3387 0.0636
vn 0.8834 -0.3532 -0.3080
vn 0.9000 -0.3472 -0.2634
vn 0.9208 -0.3298 -0.2084
vn -0.3719 0.0717 0.9255
vn -0.4085 0.0697 0.9101
vn -0.4638 0.0944 0.8809
vn 0.0039 -0.0154 0.9999
vn 0.0175 -0.0119 0.9998
vn 0.0306 0.0142 0.9994
vn 0.3634 -0.1293 0.9226
vn 0.4173 -0.1297 0.8995
vn 0.4870 -0.1168 0.8655
vn 0.3408 -0.1763 -0.9235
vn 0.3723 -0.1803 -0.9104
vn 0.4216 -0.1648 -0.8917
vn -0.0153 -0.0765 -0.9970
vn -0.0201 -0.0778 -0.9968
vn -0.0209 -0.0541 -0.9983
vn -0.3732 0.0072 -0.9277
vn -0.4106 0.0025 -0.9118
vn -0.4553 0.0252 -0.8900
vt 0.443324 0.812488
vt 0.485013 0.812406
vt 0.483659 0.874869
vt 0.441360 0.874984
vt 0.530032 0.812406
vt 0.527568 0.874630
vt 0.482852 0.937410
vt 0.436527 0.937489
vt 0.529920 0.937140
vt 0.410807 0.750000
vt 0.443738 0.749996
vt 0.410434 0.812500
vt 0.486273 0.749967
vt 0.534821 0.749962
vt 0.589840 0.750000
vt 0.569214 0.814258
vt 0.564936 0.874528
vt 0.569306 0.936199
vt 0.589840 1.000000
vt 0.536130 1.000000
vt 0.482420 1.000000
vt 0.428710 1.000000
vt 0.399990 0.937500
vt 0.375000 1.000000
vt 0.407823 0.875000
vt 0.592096 0.312500
vt 0.605369 0.312500
vt 0.604436 0.375000
vt 0.589522 0.375000
vt 0.614725 0.312500
vt 0.614128 0.375000
vt 0.605369 0.437500
vt 0.592096 0.437500
vt 0.614725 0.437500
vt 0.589840 0.250000
vt 0.598630 0.250000
vt 0.569252 0.312500
vt 0.607420 0.250000
vt 0.616210 0.250000
vt 0.625000 0.250000
vt 0.620971 0.312500
vt 0.620117 0.375000
vt 0.620964 0.437500
vt 0.625000 0.500000
vt 0.616210 0.500000
vt 0.607420 0.500000
vt 0.598630 0.500000
vt 0.569213 0.437500
vt 0.589840 0.500000
vt 0.564884 0.375000
vt 0.614152 0.748417
vt 0.607113 0.758777
vt 0.607253 0.743949
vt 0.613660 0.732669
vt 0.599747 0.757953
vt 0.600657 0.746670
vt 0.607138 0.728398
vt 0.612993 0.717856
vt 0.600934 0.732167
vt 0.620853 0.748117
vt 0.614346 0.774294
vt 0.619708 0.722333
vt 0.606418 0.782400
vt 0.597088 0.777786
vt 0.593902 0.751861
vt 0.595213 0.745627
vt 0.595639 0.732526
vt 0.595700 0.708333
vt 0.600963 0.707887
vt 0.607040 0.704765
vt 0.612588 0.697063
vt 0.617578 0.697583
vt 0.616210 0.687500
vt 0.618821 0.708926
vt 0.375000 0.812500
vt 0.375000 0.875000
vt 0.375000 0.937500
vt 0.375000 0.937500
vt 0.375000 0.750000
vt 0.375000 0.812500
vt 0.375000 1.000000
vt 0.375000 1.000000
vt 0.375000 0.750000
vt 0.623697 0.437500
vt 0.623230 0.375000
vt 0.624512 0.375000
vt 0.624649 0.437500
vt 0.623730 0.312500
vt 0.624664 0.312500
vt 0.624939 0.375217
vt 0.624956 0.437527
vt 0.624958 0.312961
vt 0.620964 0.437500
vt 0.624634 0.500000
vt 0.620117 0.375000
vt 0.620971 0.312500
vt 0.625000 0.250000
vt 0.625000 0.317708
vt 0.625000 0.376736
vt 0.625000 0.437717
vt 0.624985 0.500000
vt 0.625000 0.500000
vt 0.624878 0.500000
vt 0.375000 0.750000
vt 0.375000 0.875000
vt 0.375000 0.812500
vt 0.375000 0.750000
vt 0.375000 0.312500
vt 0.375000 0.375000
vt 0.375000 0.437500
vt 0.375000 0.437500
vt 0.375000 0.250000
vt 0.375000 0.312500
vt 0.375000 0.250000
vt 0.375000 0.375000
vt 0.375000 0.437500
vt 0.375000 0.500000
vt 0.375000 0.500000
vt 0.375000 0.250000
vt 0.375000 0.562500
vt 0.375000 0.625000
vt 0.375000 0.687500
vt 0.375000 0.687500
vt 0.375000 0.750000
vt 0.375000 0.750000
vt 0.375000 0.625000
vt 0.375000 0.625000
vt 0.375000 0.687500
vt 0.375000 0.500000
vt 0.375000 0.750000
vt 0.375000 0.750000
vt 0.375000 0.687500
vt 0.375000 0.625000
vt 0.375000 0.562500
vt 0.375000 0.437500
vt 0.375000 0.250000
vt 0.375000 0.250000
vt 0.000000 0.000000
vt 0.374675 0.562188
vt 0.374458 0.622504
vt 0.370660 0.620660
vt 0.372396 0.561958
vt 0.374363 0.678386
vt 0.369900 0.672526
vt 0.359918 0.619900
vt 0.365424 0.561863
vt 0.357734 0.670247
vt 0.375000 0.500000
vt 0.374892 0.500000
vt 0.374349 0.723470
vt 0.369792 0.712674
vt 0.357422 0.708876
vt 0.333333 0.708333
vt 0.333767 0.669922
vt 0.336806 0.619792
vt 0.345866 0.561849
vt 0.372396 0.500000
vt 0.374132 0.500000
vt 0.375000 0.875000
vt 0.375000 0.812500
vt 0.375000 0.812500
vt 0.375000 0.937500
vt 0.375000 0.875000
vt 0.375000 0.812500
vt 0.375000 0.250000
vt 0.375000 0.250000
vt 0.428495 0.312500
vt 0.480704 0.312500
vt 0.479924 0.375000
vt 0.428398 0.375000
vt 0.529638 0.312500
vt 0.527084 0.375000
vt 0.480720 0.437500
vt 0.428684 0.437500
vt 0.529484 0.437500
vt 0.428710 0.250000
vt 0.482420 0.250000
vt 0.536130 0.250000
vt 0.534351 0.500000
vt 0.482542 0.500000
vt 0.430870 0.500000
vt 0.436929 0.562500
vt 0.484580 0.562500
vt 0.486150 0.625000
vt 0.441671 0.625000
vt 0.536244 0.562500
vt 0.536596 0.625000
vt 0.486725 0.687496
vt 0.443538 0.687500
vt 0.536512 0.687491
vt 0.400037 0.562500
vt 0.589840 0.562500
vt 0.589840 0.625000
vt 0.589840 0.687500
vt 0.410434 0.687500
vt 0.407823 0.625000
vt 0.592000 0.819940
vt 0.605164 0.822045
vt 0.604546 0.873598
vt 0.589625 0.874586
vt 0.614099 0.817579
vt 0.614166 0.870685
vt 0.605632 0.930852
vt 0.592245 0.933908
vt 0.615093 0.927556
vt 0.597088 0.777786
vt 0.614346 0.774294
vt 0.619992 0.810268
vt 0.620126 0.867517
vt 0.621424 0.924862
vt 0.625727 0.981171
vt 0.616755 0.985878
vt 0.607783 0.990585
vt 0.598812 0.995293
vt 0.599899 0.562069
vt 0.607408 0.561765
vt 0.607325 0.619117
vt 0.600663 0.619816
vt 0.614903 0.561606
vt 0.613877 0.617851
vt 0.607147 0.667872
vt 0.600934 0.669679
vt 0.613020 0.663872
vt 0.589840 0.500000
vt 0.598630 0.500000
vt 0.593937 0.564453
vt 0.607420 0.500000
vt 0.616210 0.500000
vt 0.625000 0.500000
vt 0.620847 0.561511
vt 0.619126 0.617091
vt 0.617616 0.661093
vt 0.612588 0.697063
vt 0.607040 0.704765
vt 0.600963 0.707887
vt 0.595639 0.670030
vt 0.595212 0.620660
vt 0.598630 0.500000
vt 0.607420 0.500000
vt 0.616210 0.500000
vt 0.589840 0.500000
vt 0.589840 0.500000
vt 0.625000 0.500000
vt 0.589840 0.500000
vt 0.589840 0.510227
vt 0.589840 0.507813
vt 0.589840 0.509549
vt 0.589840 0.515734
vt 0.589840 0.517904
vt 0.589840 0.518121
vt 0.589840 0.510308
vt 0.589840 0.517917
vt 0.589840 0.518216
vt 0.589840 0.500000
vt 0.589840 0.503255
vt 0.589840 0.529134
vt 0.589840 0.506076
vt 0.589840 0.517687
vt 0.589840 0.541667
vt 0.589840 0.541667
vt 0.589840 0.518229
vt 0.589840 0.510417
vt 0.589840 0.518229
vt 0.589840 0.541233
vt 0.589840 0.538194
vt 0.624883 0.562150
vt 0.624341 0.622198
vt 0.623730 0.619948
vt 0.624566 0.561868
vt 0.622883 0.677543
vt 0.622034 0.670367
vt 0.622245 0.617955
vt 0.623607 0.561619
vt 0.620455 0.664183
vt 0.624939 0.562365
vt 0.624574 0.623920
vt 0.623513 0.684226
vt 0.617616 0.661093
vt 0.619126 0.617091
vt 0.620847 0.561511
vt 0.589840 0.734877
vt 0.589840 0.741597
vt 0.589840 0.740208
vt 0.589840 0.732708
vt 0.589840 0.734877
vt 0.589840 0.739662
vt 0.589840 0.731888
vt 0.589840 0.720000
vt 0.589840 0.738844
vt 0.589840 0.712646
vt 0.589840 0.743819
vt 0.589840 0.738844
vt 0.589840 0.720000
vt 0.589840 0.709583
vt 0.589840 0.708490
vt 0.589840 0.708333
vt 0.589840 0.731771
vt 0.589840 0.739583
vt 0.589840 0.708490
vt 0.589840 0.732214
vt 0.589840 0.742266
vt 0.589840 0.741076
vt 0.589840 0.732817
vt 0.589840 0.739891
vt 0.589840 0.735204
vt 0.589840 0.741706
vt 0.589840 0.734890
vt 0.589840 0.735189
vt 0.589840 0.732313
vt 0.589840 0.743924
vt 0.589840 0.746745
vt 0.589840 0.750000
vt 0.589840 0.721022
vt 0.589840 0.713055
vt 0.589840 0.713080
vt 0.589840 0.720000
vt 0.589840 0.738844
vt 0.589840 0.743819
vt 0.589840 0.738844
vt 0.589840 0.712646
vt 0.589840 0.720000
vt 0.589840 0.709583
vt 0.589840 0.678579
vt 0.589840 0.625039
vt 0.589840 0.625312
vt 0.589840 0.673859
vt 0.589840 0.571538
vt 0.589840 0.577079
vt 0.589840 0.625898
vt 0.589840 0.673621
vt 0.589840 0.579241
vt 0.589840 0.687500
vt 0.589840 0.625000
vt 0.589840 0.562500
vt 0.589840 0.579583
vt 0.589840 0.626250
vt 0.589840 0.674832
vt 0.589840 0.579432
vt 0.589840 0.625039
vt 0.589840 0.625313
vt 0.589840 0.579466
vt 0.589840 0.670685
vt 0.589840 0.671471
vt 0.589840 0.625899
vt 0.589840 0.579539
vt 0.589840 0.673322
vt 0.589840 0.579427
vt 0.589840 0.670573
vt 0.589840 0.674832
vt 0.589840 0.579583
vt 0.589840 0.518794
vt 0.589840 0.511020
vt 0.589840 0.515239
vt 0.589840 0.522750
vt 0.589840 0.518794
vt 0.589840 0.522750
vt 0.589840 0.526669
vt 0.589840 0.533311
vt 0.589840 0.542113
vt 0.589840 0.545235
vt 0.589840 0.552937
vt 0.589840 0.553383
vt 0.589840 0.548804
vt 0.589840 0.562500
vt 0.589840 0.545235
vt 0.589840 0.673322
vt 0.589840 0.625899
vt 0.589840 0.625313
vt 0.589840 0.671471
vt 0.589840 0.579466
vt 0.589840 0.579432
vt 0.589840 0.518229
vt 0.589840 0.510417
vt 0.589840 0.510417
vt 0.589840 0.518229
vt 0.589840 0.510417
vt 0.589840 0.541667
vt 0.589840 0.518229
vt 0.589840 0.510417
vt 0.589840 0.541667
vt 0.589840 0.541667
vt 0.589840 0.579539
vt 0.589840 0.625898
vt 0.589840 0.673322
vt 0.589840 0.579432
vt 0.589840 0.626250
vt 0.589840 0.674832
vt 0.591187 0.571425
vt 0.591961 0.622396
vt 0.590450 0.624132
vt 0.590206 0.576931
vt 0.592268 0.670247
vt 0.590557 0.670465
vt 0.589916 0.624892
vt 0.589886 0.579115
vt 0.589930 0.670559
vt 0.590206 0.529134
vt 0.595212 0.620660
vt 0.595639 0.670030
vt 0.592312 0.708333
vt 0.590572 0.708333
vt 0.589931 0.708333
vt 0.589855 0.541233
vt 0.589962 0.538194
vt 0.589840 0.687500
vt 0.589840 0.625000
vt 0.589840 0.562500
vt 0.589840 0.687500
vt 0.589840 0.562500
vt 0.589840 0.750000
vt 0.589840 0.750000
vt 0.589840 0.562500
vt 0.589840 0.500000
vt 0.589840 0.750000
vt 0.592268 0.732435
vt 0.591961 0.744896
vt 0.590450 0.744792
vt 0.590557 0.732422
vt 0.591154 0.749571
vt 0.590191 0.749349
vt 0.589916 0.744792
vt 0.589930 0.732422
vt 0.589884 0.749349
vt 0.595639 0.732526
vt 0.595213 0.745627
vt 0.593902 0.751861
vt 0.589840 0.749349
vt 0.589840 0.744792
vt 0.589840 0.732422
vt 0.589840 0.500312
vt 0.589840 0.502496
vt 0.589840 0.504340
vt 0.589840 0.500543
vt 0.589872 0.509345
vt 0.589855 0.515082
vt 0.589840 0.505100
vt 0.589840 0.500638
vt 0.589842 0.517266
vt 0.589840 0.517578
vt 0.589840 0.505208
vt 0.589840 0.500651
vt 0.187188 0.562188
vt 0.247504 0.561958
vt 0.245660 0.620660
vt 0.186957 0.622504
vt 0.303155 0.561863
vt 0.297418 0.619900
vt 0.244900 0.672418
vt 0.186863 0.678155
vt 0.295234 0.670234
vt 0.125000 0.500000
vt 0.187500 0.500000
vt 0.125000 0.562500
vt 0.250000 0.500000
vt 0.312500 0.500000
vt 0.345866 0.561849
vt 0.336806 0.619792
vt 0.333767 0.669922
vt 0.333333 0.708333
vt 0.294922 0.708767
vt 0.244792 0.711806
vt 0.186849 0.720920
vt 0.125000 0.687500
vt 0.125000 0.750000
vt 0.125000 0.625000
vt 0.374986 0.437500
vt 0.374892 0.437500
vt 0.374769 0.437500
vt 0.375000 0.312500
vt 0.375000 0.875000
vt 0.375000 0.937500
vt 0.375000 0.875000
vt 0.375000 0.937500
vt 0.375000 1.000000
vt 0.375000 1.000000
vt 0.375000 0.750000
vt 0.186863 0.740655
vt 0.244900 0.734918
vt 0.245660 0.745660
vt 0.186957 0.747504
vt 0.295234 0.732734
vt 0.297418 0.744900
vt 0.247504 0.749458
vt 0.187188 0.749688
vt 0.303155 0.749363
vt 0.125000 0.750000
vt 0.333767 0.732422
vt 0.336806 0.744792
vt 0.345920 0.749349
vt 0.312500 0.750000
vt 0.250000 0.750000
vt 0.187500 0.750000
vt 0.125000 0.750000
vt 0.357734 0.733046
vt 0.369900 0.737413
vt 0.370660 0.749132
vt 0.359918 0.745334
vt 0.374363 0.749688
vt 0.374458 0.759983
vt 0.372504 0.751845
vt 0.365655 0.749661
vt 0.374688 0.758708
vt 0.374349 0.723470
vt 0.375000 0.776096
vt 0.375000 0.783854
vt 0.375000 0.778537
vt 0.375000 0.821303
vt 0.375000 0.877387
vt 0.375000 0.878472
vt 0.375000 0.824978
vt 0.375000 0.937798
vt 0.375000 0.937934
vt 0.375000 0.877387
vt 0.375000 0.821520
vt 0.375000 0.937799
vt 0.625000 0.437527
vt 0.625000 0.375217
vt 0.625000 0.375000
vt 0.625000 0.437500
vt 0.625000 0.312961
vt 0.625000 0.312500
vt 0.625000 0.375000
vt 0.625000 0.437500
vt 0.625000 0.312500
vt 0.625000 0.500000
vt 0.625000 0.500000
vt 0.625000 0.376736
vt 0.625000 0.317708
vt 0.625000 0.250000
vt 0.625000 0.250000
vt 0.625000 0.437500
vt 0.624268 0.686251
vt 0.624771 0.624598
vt 0.624933 0.624702
vt 0.624801 0.686451
vt 0.624939 0.562450
vt 0.624976 0.562463
vt 0.624998 0.624808
vt 0.624997 0.686790
vt 0.624998 0.562476
vt 0.623513 0.684226
vt 0.623586 0.747394
vt 0.625000 0.562492
vt 0.625003 0.624935
vt 0.625008 0.687304
vt 0.625030 0.747824
vt 0.625000 0.750000
vt 0.624671 0.747271
vt 0.624234 0.923727
vt 0.623362 0.865871
vt 0.624803 0.865418
vt 0.625198 0.923431
vt 0.623200 0.807304
vt 0.624643 0.806834
vt 0.625299 0.865417
vt 0.625502 0.923366
vt 0.625136 0.807111
vt 0.621424 0.924862
vt 0.625727 0.981171
vt 0.620126 0.867517
vt 0.625182 0.807793
vt 0.625363 0.865585
vt 0.625545 0.923378
vt 0.625727 0.981171
vt 0.625727 0.981171
vt 0.625000 0.687500
vt 0.625000 0.625000
vt 0.625000 0.562500
vt 0.625000 0.625000
vt 0.625000 0.687500
vt 0.625000 0.562500
vt 0.625000 0.750000
vt 0.625000 0.687500
vt 0.625000 0.750000
vt 0.625000 0.562500
vt 0.625000 0.750000
vt 0.625027 0.686802
vt 0.625007 0.624812
vt 0.625010 0.624739
vt 0.625037 0.686552
vt 0.625001 0.562477
vt 0.625001 0.562467
vt 0.625007 0.624820
vt 0.625026 0.686820
vt 0.625001 0.562478
vt 0.625000 0.750000
vt 0.625008 0.687304
vt 0.625084 0.747838
vt 0.625000 0.562492
vt 0.625084 0.747889
vt 0.625101 0.747385
vt 0.625546 0.923356
vt 0.625370 0.865406
vt 0.625373 0.865324
vt 0.625546 0.923346
vt 0.625208 0.807112
vt 0.625218 0.806845
vt 0.625371 0.865498
vt 0.625546 0.923367
vt 0.625209 0.807308
vt 0.625545 0.923378
vt 0.625363 0.865586
vt 0.625182 0.807793
vt 0.625197 0.810005
vt 0.625368 0.866323
vt 0.625546 0.923470
vt 0.383031 0.562500
vt 0.387961 0.625000
vt 0.378730 0.625000
vt 0.377145 0.562500
vt 0.389838 0.687500
vt 0.379383 0.687500
vt 0.375466 0.625000
vt 0.375268 0.562500
vt 0.375548 0.687500
vt 0.400037 0.562500
vt 0.407823 0.625000
vt 0.410434 0.687500
vt 0.410807 0.750000
vt 0.390106 0.750000
vt 0.379476 0.750000
vt 0.375559 0.750000
vt 0.375000 0.500000
vt 0.375000 0.437500
vt 0.375000 0.500000
vt 0.389838 0.812500
vt 0.387961 0.875000
vt 0.378730 0.875000
vt 0.379383 0.812500
vt 0.383031 0.937500
vt 0.377145 0.937500
vt 0.375466 0.875000
vt 0.375548 0.812500
vt 0.375268 0.937500
vt 0.407823 0.875000
vt 0.687500 0.737167
vt 0.750000 0.724334
vt 0.750000 0.724334
vt 0.812500 0.711501
vt 0.812500 0.711501
vt 0.750000 0.724334
vt 0.812500 0.711501
vt 0.625000 0.750000
vt 0.687500 0.737167
vt 0.625000 0.750000
vt 0.750000 0.724334
vt 0.875000 0.698668
vt 0.875000 0.698668
vt 0.875000 0.698668
vt 0.875000 0.698668
vt 0.812500 0.711501
vt 0.625029 0.759154
vt 0.625009 0.752787
vt 0.625025 0.757849
vt 0.625057 0.768049
vt 0.625002 0.750587
vt 0.625009 0.752887
vt 0.625057 0.768049
vt 0.625093 0.779700
vt 0.625030 0.759367
vt 0.625086 0.777348
vt 0.625000 0.750100
vt 0.625003 0.750803
vt 0.625008 0.752408
vt 0.625000 0.750000
vt 0.625086 0.777352
vt 0.625121 0.788618
vt 0.625153 0.798549
vt 0.625153 0.798549
vt 0.625121 0.788618
vt 0.687500 0.559292
vt 0.750000 0.556084
vt 0.750000 0.612167
vt 0.687500 0.618584
vt 0.812500 0.552875
vt 0.812500 0.605750
vt 0.750000 0.668250
vt 0.687500 0.677875
vt 0.812500 0.658626
vt 0.687500 0.500000
vt 0.750000 0.500000
vt 0.812500 0.500000
vt 0.875000 0.500000
vt 0.875000 0.549667
vt 0.875000 0.599334
vt 0.875000 0.649001
vt 0.625000 0.438097
vt 0.625000 0.379774
vt 0.625000 0.381944
vt 0.625000 0.438368
vt 0.625000 0.330566
vt 0.625000 0.337674
vt 0.625000 0.379774
vt 0.625000 0.438097
vt 0.625000 0.307400
vt 0.625000 0.319444
vt 0.625000 0.307292
vt 0.625000 0.687500
vt 0.625000 0.625000
vt 0.625545 0.923378
vt 0.625545 0.923378
vt 0.625182 0.807793
vt 0.625545 0.923378
vt 0.625182 0.807793
vt 0.625363 0.865586
vt 0.625182 0.807793
vt 0.625000 0.750000
vt 0.625000 0.750000
vt 0.625727 0.981171
vt 0.625548 0.924192
vt 0.625384 0.872096
vt 0.625378 0.870223
vt 0.625547 0.923958
vt 0.625250 0.829353
vt 0.625232 0.823635
vt 0.625371 0.867971
vt 0.625546 0.923676
vt 0.625210 0.816671
vt 0.625548 0.924292
vt 0.625386 0.872899
vt 0.625259 0.832211
vt 0.625121 0.788618
vt 0.625000 0.750013
vt 0.625000 0.750100
vt 0.625000 0.750000
vt 0.625001 0.750213
vt 0.625546 0.923688
vt 0.625371 0.868063
vt 0.625378 0.870223
vt 0.625547 0.923958
vt 0.625211 0.816867
vt 0.625232 0.823634
vt 0.625384 0.872096
vt 0.625548 0.924192
vt 0.625250 0.829353
vt 0.625363 0.865585
vt 0.625182 0.807793
vt 0.625001 0.687483
vt 0.625000 0.624992
vt 0.625000 0.562499
vt 0.625000 0.624992
vt 0.625001 0.687483
vt 0.625000 0.562499
vt 0.625000 0.438124
vt 0.625000 0.379991
vt 0.625000 0.438368
vt 0.625000 0.331028
vt 0.625000 0.438124
vt 0.625000 0.331028
vt 0.589840 0.664520
vt 0.589840 0.666643
vt 0.589840 0.585480
vt 0.589840 0.583357
vt 0.589840 0.585480
vt 0.589840 0.687500
vt 0.589840 0.662081
vt 0.589840 0.696617
vt 0.589840 0.587919
vt 0.589840 0.553383
vt 0.589840 0.587919
vt 0.589840 0.696617
vt 0.589840 0.701196
vt 0.589840 0.579673
vt 0.589840 0.625000
vt 0.589840 0.625000
vt 0.589840 0.581392
vt 0.589840 0.670327
vt 0.589840 0.668608
vt 0.589840 0.585235
vt 0.589840 0.664765
vt 0.589840 0.707887
vt 0.589840 0.704765
vt 0.589840 0.697063
vt 0.589840 0.662081
vt 0.589840 0.731206
vt 0.589840 0.738981
vt 0.589840 0.734761
vt 0.589840 0.727250
vt 0.589840 0.731206
vt 0.589840 0.727250
vt 0.589840 0.723332
vt 0.589840 0.716689
vt 0.589840 0.704765
vt 0.589840 0.670327
vt 0.589840 0.625000
vt 0.589840 0.668608
vt 0.589840 0.664765
vt 0.589840 0.579544
vt 0.589840 0.625938
vt 0.589840 0.625625
vt 0.589840 0.579505
vt 0.589840 0.673434
vt 0.589840 0.672370
vt 0.589840 0.625938
vt 0.589840 0.579544
vt 0.589840 0.712803
vt 0.589840 0.710833
vt 0.589840 0.712803
vt 0.589840 0.625938
vt 0.589840 0.672370
vt 0.589840 0.579544
vt 0.589840 0.579505
vt 0.589840 0.673435
vt 0.589840 0.712803
vt 0.589840 0.712803
vt 0.589840 0.710833
vt 0.589840 0.744303
vt 0.589840 0.746589
vt 0.589840 0.748889
vt 0.589840 0.748225
vt 0.589840 0.744303
vt 0.589840 0.749861
vt 0.589840 0.749778
vt 0.589840 0.739231
vt 0.589840 0.746910
vt 0.589840 0.749614
vt 0.589840 0.750000
vt 0.589840 0.750000
vt 0.589840 0.750000
vt 0.589840 0.750000
vt 0.589840 0.750000
vt 0.589840 0.750000
vt 0.589840 0.750000
vt 0.589840 0.744303
vt 0.589840 0.739231
vt 0.589840 0.735514
vt 0.589840 0.734219
vt 0.589840 0.745417
vt 0.589840 0.745838
vt 0.589840 0.735514
vt 0.589840 0.749427
vt 0.589840 0.749480
vt 0.589840 0.712803
vt 0.589840 0.712803
vt 0.589840 0.750000
vt 0.589840 0.712803
vt 0.589840 0.750000
vt 0.589840 0.579427
vt 0.589840 0.625000
vt 0.589840 0.670573
vt 0.589840 0.579427
vt 0.589840 0.579427
vt 0.589840 0.625000
vt 0.589840 0.670573
vt 0.589840 0.708333
vt 0.589840 0.708333
vt 0.589840 0.708333
vt 0.589840 0.670573
vt 0.589840 0.625000
vt 0.589840 0.562500
vt 0.589840 0.562500
vt 0.589840 0.625000
vt 0.589840 0.687500
vt 0.589840 0.750000
vt 0.589840 0.732422
vt 0.589840 0.749349
vt 0.589840 0.744683
vt 0.589840 0.732408
vt 0.589840 0.749118
vt 0.589840 0.505208
vt 0.589840 0.500651
vt 0.589840 0.505317
vt 0.589840 0.500882
vt 0.589840 0.517592
vt 0.436447 0.812488
vt 0.439215 0.874984
vt 0.482913 0.874869
vt 0.482775 0.812406
vt 0.436259 0.937489
vt 0.482759 0.937410
vt 0.527475 0.874631
vt 0.529753 0.812406
vt 0.529908 0.937140
vt 0.399664 0.812500
vt 0.430870 0.749996
vt 0.404839 0.875000
vt 0.399617 0.937500
vt 0.564936 0.874528
vt 0.569206 0.814258
vt 0.534355 0.749962
vt 0.482543 0.749967
vt 0.592096 0.312500
vt 0.589523 0.375000
vt 0.605369 0.312500
vt 0.592096 0.437500
vt 0.614725 0.312500
vt 0.569252 0.312500
vt 0.564884 0.375000
vt 0.620964 0.437500
vt 0.620117 0.375000
vt 0.620971 0.312500
vt 0.616182 0.758370
vt 0.616214 0.749910
vt 0.607425 0.749869
vt 0.607345 0.761679
vt 0.616210 0.741254
vt 0.607421 0.737831
vt 0.598633 0.749910
vt 0.598474 0.758419
vt 0.598630 0.741254
vt 0.615817 0.777374
vt 0.625000 0.750000
vt 0.616210 0.721354
vt 0.607420 0.715278
vt 0.598630 0.721354
vt 0.596775 0.777861
vt 0.606724 0.783415
vt 0.375000 0.750000
vt 0.623697 0.437500
vt 0.624649 0.437500
vt 0.624512 0.375000
vt 0.624956 0.437500
vt 0.624939 0.375000
vt 0.624664 0.312500
vt 0.623730 0.312500
vt 0.624958 0.312500
vt 0.624634 0.500000
vt 0.620964 0.437500
vt 0.624985 0.500000
vt 0.620117 0.375000
vt 0.375000 0.312500
vt 0.375000 0.437500
vt 0.375000 0.625000
vt 0.375000 0.625000
vt 0.375000 0.687500
vt 0.375000 0.687500
vt 0.375000 0.500000
vt 0.375000 0.250000
vt 0.374702 0.562500
vt 0.372613 0.562500
vt 0.371528 0.625000
vt 0.374566 0.625000
vt 0.365967 0.562487
vt 0.362413 0.624892
vt 0.372613 0.687500
vt 0.374702 0.687500
vt 0.365967 0.687270
vt 0.346354 0.562392
vt 0.340278 0.624132
vt 0.346300 0.684896
vt 0.375000 0.750000
vt 0.428496 0.312500
vt 0.428398 0.375000
vt 0.480704 0.312500
vt 0.428486 0.437500
vt 0.480626 0.437500
vt 0.529638 0.312500
vt 0.529472 0.437500
vt 0.428632 0.500000
vt 0.481796 0.500000
vt 0.534258 0.500000
vt 0.428700 0.562500
vt 0.428710 0.625000
vt 0.482420 0.625000
vt 0.482342 0.562500
vt 0.428898 0.687500
vt 0.482435 0.687496
vt 0.536130 0.625000
vt 0.535964 0.562500
vt 0.535976 0.687491
vt 0.591997 0.819966
vt 0.589635 0.874590
vt 0.604623 0.873634
vt 0.605384 0.822259
vt 0.592246 0.933908
vt 0.605642 0.930857
vt 0.614387 0.870790
vt 0.614823 0.818139
vt 0.615120 0.927569
vt 0.596775 0.777860
vt 0.621463 0.924880
vt 0.620433 0.867663
vt 0.621120 0.810851
vt 0.615817 0.777374
vt 0.606724 0.783415
vt 0.598630 0.562202
vt 0.598630 0.622613
vt 0.607420 0.621528
vt 0.607420 0.562066
vt 0.598630 0.678467
vt 0.607420 0.674913
vt 0.616210 0.622613
vt 0.616210 0.562202
vt 0.616210 0.678467
vt 0.598630 0.721354
vt 0.607420 0.715278
vt 0.616210 0.721354
vt 0.625000 0.562500
vt 0.599858 0.500543
vt 0.600339 0.500651
vt 0.607420 0.503472
vt 0.607420 0.502387
vt 0.599858 0.500543
vt 0.607420 0.502387
vt 0.614501 0.512587
vt 0.614982 0.509033
vt 0.614981 0.509033
vt 0.593876 0.502713
vt 0.594723 0.501736
vt 0.593876 0.502713
vt 0.620971 0.528646
vt 0.620117 0.534722
vt 0.620971 0.528646
vt 0.589840 0.500882
vt 0.589840 0.505208
vt 0.589840 0.505317
vt 0.589840 0.517578
vt 0.589840 0.517592
vt 0.589840 0.503255
vt 0.589840 0.517687
vt 0.589840 0.541667
vt 0.623730 0.571533
vt 0.623230 0.575087
vt 0.624512 0.628472
vt 0.624664 0.627387
vt 0.624664 0.627387
vt 0.624939 0.687934
vt 0.624958 0.687798
vt 0.624958 0.687798
vt 0.589840 0.732708
vt 0.589840 0.741597
vt 0.589840 0.731888
vt 0.589840 0.739662
vt 0.589840 0.732708
vt 0.589840 0.708490
vt 0.589840 0.731771
vt 0.589840 0.739583
vt 0.589840 0.731771
vt 0.589840 0.708490
vt 0.589840 0.738844
vt 0.589840 0.743819
vt 0.589840 0.732521
vt 0.589840 0.733320
vt 0.589840 0.745104
vt 0.589840 0.744722
vt 0.589840 0.735402
vt 0.589840 0.745799
vt 0.589840 0.749388
vt 0.589840 0.749123
vt 0.589840 0.749475
vt 0.589840 0.732313
vt 0.589840 0.712646
vt 0.589840 0.749560
vt 0.589840 0.746745
vt 0.589840 0.579466
vt 0.589840 0.625312
vt 0.589840 0.625039
vt 0.589840 0.671471
vt 0.589840 0.670685
vt 0.589840 0.673322
vt 0.589840 0.579427
vt 0.589840 0.579583
vt 0.589840 0.670573
vt 0.589840 0.522750
vt 0.589840 0.515239
vt 0.589840 0.511020
vt 0.589840 0.518794
vt 0.589840 0.542113
vt 0.589840 0.518229
vt 0.589840 0.545235
vt 0.589840 0.548804
vt 0.589840 0.552937
vt 0.589840 0.542113
vt 0.589840 0.671471
vt 0.589840 0.625899
vt 0.589840 0.670685
vt 0.589840 0.625039
vt 0.589840 0.579539
vt 0.589840 0.579432
vt 0.589840 0.579427
vt 0.589840 0.541667
vt 0.589840 0.579583
vt 0.589840 0.518229
vt 0.589840 0.510417
vt 0.589840 0.671471
vt 0.589840 0.673322
vt 0.589840 0.674832
vt 0.589872 0.571533
vt 0.589855 0.577040
vt 0.589840 0.625000
vt 0.589842 0.579129
vt 0.589840 0.672960
vt 0.589840 0.678467
vt 0.589840 0.670871
vt 0.589855 0.541233
vt 0.589840 0.708767
vt 0.589840 0.711806
vt 0.589840 0.720920
vt 0.589840 0.678467
vt 0.589840 0.672960
vt 0.589872 0.571533
vt 0.589842 0.579129
vt 0.589840 0.720920
vt 0.589840 0.711806
vt 0.589840 0.708767
vt 0.589962 0.538195
vt 0.590206 0.529134
vt 0.589840 0.740343
vt 0.589840 0.734375
vt 0.589840 0.741320
vt 0.589840 0.745009
vt 0.589840 0.732096
vt 0.589840 0.739800
vt 0.589840 0.734375
vt 0.589840 0.740343
vt 0.591143 0.509901
vt 0.590191 0.515625
vt 0.590328 0.508681
vt 0.591610 0.505208
vt 0.589884 0.517904
vt 0.589901 0.510200
vt 0.590191 0.515625
vt 0.591143 0.509901
vt 0.589884 0.517904
vt 0.593876 0.502713
vt 0.187202 0.562202
vt 0.187066 0.622613
vt 0.246528 0.621528
vt 0.247613 0.562066
vt 0.187188 0.678467
vt 0.247504 0.674913
vt 0.299913 0.622504
vt 0.303467 0.562188
vt 0.303236 0.678236
vt 0.187392 0.721354
vt 0.249132 0.715278
vt 0.309896 0.721300
vt 0.346354 0.562392
vt 0.375000 0.821533
vt 0.375000 0.825087
vt 0.375000 0.877387
vt 0.375000 0.821533
vt 0.375000 0.778646
vt 0.375000 0.784722
vt 0.375000 0.778646
vt 0.187486 0.740967
vt 0.187500 0.747613
vt 0.250000 0.746528
vt 0.249892 0.737413
vt 0.187500 0.749702
vt 0.250000 0.749566
vt 0.312500 0.747613
vt 0.312269 0.740967
vt 0.312500 0.749702
vt 0.375000 0.750298
vt 0.375000 0.752387
vt 0.375000 0.753472
vt 0.375000 0.750434
vt 0.375000 0.759033
vt 0.375000 0.762587
vt 0.375000 0.750299
vt 0.375000 0.759033
vt 0.375000 0.778646
vt 0.625000 0.437500
vt 0.625000 0.437500
vt 0.625000 0.312500
vt 0.625000 0.312500
vt 0.625000 0.437500
vt 0.624994 0.686828
vt 0.625021 0.686556
vt 0.625010 0.624739
vt 0.625007 0.624820
vt 0.625024 0.686820
vt 0.624986 0.562467
vt 0.624968 0.562478
vt 0.624999 0.562478
vt 0.624714 0.747981
vt 0.624978 0.747418
vt 0.625068 0.747847
vt 0.624261 0.923741
vt 0.625207 0.923435
vt 0.624880 0.865455
vt 0.623582 0.865976
vt 0.625503 0.923367
vt 0.625309 0.865422
vt 0.624864 0.806939
vt 0.623894 0.807633
vt 0.625164 0.807124
vt 0.621463 0.924880
vt 0.621120 0.810851
vt 0.620433 0.867663
vt 0.625000 0.678155
vt 0.625000 0.672418
vt 0.625000 0.620660
vt 0.625000 0.622504
vt 0.625000 0.670234
vt 0.625000 0.619900
vt 0.625000 0.561957
vt 0.625000 0.562188
vt 0.625000 0.561863
vt 0.625000 0.720920
vt 0.625000 0.711806
vt 0.625000 0.708768
vt 0.625000 0.708333
vt 0.625000 0.669922
vt 0.625000 0.619792
vt 0.625000 0.561849
vt 0.625026 0.686820
vt 0.625037 0.686552
vt 0.625026 0.686820
vt 0.625007 0.624820
vt 0.625001 0.562478
vt 0.625001 0.562478
vt 0.625083 0.747843
vt 0.625083 0.747838
vt 0.625000 0.562500
vt 0.625546 0.923356
vt 0.625546 0.923345
vt 0.625370 0.865406
vt 0.625546 0.923355
vt 0.625371 0.865398
vt 0.625218 0.806845
vt 0.625208 0.807112
vt 0.625209 0.807095
vt 0.625545 0.923370
vt 0.625366 0.865520
vt 0.625189 0.807597
vt 0.382763 0.812500
vt 0.377051 0.812500
vt 0.377984 0.875000
vt 0.385817 0.875000
vt 0.375256 0.812500
vt 0.375373 0.875000
vt 0.377051 0.937500
vt 0.382763 0.937500
vt 0.375256 0.937500
vt 0.399664 0.812500
vt 0.399617 0.937500
vt 0.696533 0.735094
vt 0.700087 0.734574
vt 0.753472 0.723621
vt 0.752387 0.723844
vt 0.696534 0.735512
vt 0.752387 0.723844
vt 0.812934 0.711412
vt 0.812799 0.711440
vt 0.812799 0.711439
vt 0.653700 0.741603
vt 0.659725 0.742805
vt 0.653708 0.746407
vt 0.625000 0.740655
vt 0.625000 0.747504
vt 0.625000 0.745660
vt 0.625000 0.734918
vt 0.625000 0.749688
vt 0.625000 0.749458
vt 0.625000 0.745001
vt 0.625000 0.732746
vt 0.625001 0.749576
vt 0.625008 0.751757
vt 0.625003 0.745594
vt 0.625000 0.732522
vt 0.625000 0.708767
vt 0.625000 0.708333
vt 0.625000 0.375217
vt 0.625000 0.312961
vt 0.625000 0.437717
vt 0.687500 0.559292
vt 0.750000 0.612167
vt 0.687500 0.677875
vt 0.750000 0.668250
vt 0.812500 0.605750
vt 0.812500 0.552875
vt 0.625000 0.438368
vt 0.625000 0.381945
vt 0.625000 0.337674
vt 0.625000 0.500000
vt 0.625000 0.307400
vt 0.625014 0.670231
vt 0.625109 0.672395
vt 0.625000 0.620660
vt 0.625000 0.619900
vt 0.625231 0.678108
vt 0.625000 0.622504
vt 0.625000 0.561958
vt 0.625000 0.562188
vt 0.625109 0.708745
vt 0.625868 0.711627
vt 0.627604 0.720331
vt 0.625546 0.923654
vt 0.625546 0.923780
vt 0.625373 0.868796
vt 0.625370 0.867793
vt 0.625546 0.923654
vt 0.625370 0.867793
vt 0.625327 0.819409
vt 0.625222 0.816143
vt 0.625439 0.816098
vt 0.627688 0.776004
vt 0.625969 0.781929
vt 0.625192 0.776516
vt 0.625545 0.923378
vt 0.625313 0.732958
vt 0.625441 0.747119
vt 0.628482 0.748158
vt 0.627497 0.734806
vt 0.625339 0.757865
vt 0.627532 0.760584
vt 0.637594 0.747119
vt 0.634265 0.738811
vt 0.634291 0.756338
vt 0.625109 0.708745
vt 0.627688 0.776004
vt 0.625868 0.711627
vt 0.625545 0.923377
vt 0.625364 0.865577
vt 0.625182 0.807775
vt 0.625370 0.865406
vt 0.625218 0.806845
vt 0.625208 0.807112
vt 0.625101 0.747385
vt 0.625010 0.624739
vt 0.625001 0.562478
vt 0.625000 0.330566
vt 0.589840 0.664520
vt 0.589840 0.583357
vt 0.589840 0.662081
vt 0.589840 0.587919
vt 0.589840 0.553384
vt 0.589840 0.579673
vt 0.589840 0.585235
vt 0.589840 0.670327
vt 0.589840 0.662081
vt 0.589840 0.707887
vt 0.589840 0.731206
vt 0.589840 0.727250
vt 0.589840 0.734761
vt 0.589840 0.738981
vt 0.589840 0.723332
vt 0.589840 0.727250
vt 0.589840 0.696617
vt 0.589840 0.701196
vt 0.589840 0.704765
vt 0.589840 0.670327
vt 0.589840 0.664765
vt 0.589840 0.581392
vt 0.589840 0.579673
vt 0.589840 0.579505
vt 0.589840 0.625625
vt 0.589840 0.672370
vt 0.589840 0.673434
vt 0.589840 0.515734
vt 0.589840 0.507813
vt 0.589840 0.510308
vt 0.589840 0.518121
vt 0.589840 0.517904
vt 0.589840 0.518216
vt 0.589840 0.529134
vt 0.589840 0.538195
vt 0.589840 0.541233
vt 0.589840 0.678579
vt 0.589840 0.625039
vt 0.589840 0.577079
vt 0.589840 0.571538
vt 0.589840 0.721022
vt 0.589840 0.713055
vt 0.589840 0.713080
vt 0.589840 0.744303
vt 0.589840 0.748225
vt 0.589840 0.749778
vt 0.589840 0.749861
vt 0.589840 0.748225
vt 0.589840 0.749778
vt 0.589840 0.749614
vt 0.589840 0.749614
vt 0.589840 0.744516
vt 0.589840 0.748294
vt 0.589840 0.749444
vt 0.589840 0.748294
vt 0.589840 0.749787
vt 0.589840 0.749931
vt 0.589840 0.749822
vt 0.589840 0.749556
vt 0.589840 0.749978
vt 0.589840 0.749892
vt 0.589840 0.749132
vt 0.589840 0.747396
vt 0.589840 0.745838
vt 0.589840 0.749480
vt 0.589840 0.749427
vt 0.589840 0.745838
vt 0.589840 0.749480
vt 0.589840 0.710833
vt 0.589840 0.740537
vt 0.589840 0.747435
vt 0.589840 0.745972
vt 0.589840 0.735816
vt 0.589840 0.749679
vt 0.589840 0.749497
vt 0.589840 0.745907
vt 0.589840 0.735714
vt 0.589840 0.749488
vt 0.589840 0.713056
vt 0.589840 0.579427
vt 0.589840 0.579427
vt 0.589840 0.625000
vt 0.589840 0.708333
vt 0.589840 0.708333
vt 0.589840 0.625000
vt 0.589840 0.670871
vt 0.589840 0.672960
vt 0.589840 0.577040
vt 0.589840 0.579129
vt 0.589840 0.571533
vt 0.589840 0.711806
vt 0.589840 0.720866
vt 0.589840 0.529134
vt 0.589840 0.538194
vt 0.589840 0.731784
vt 0.589840 0.731879
vt 0.589840 0.740451
vt 0.589840 0.739692
vt 0.589840 0.742188
vt 0.589840 0.734267
vt 0.589840 0.732083
vt 0.589840 0.739773
vt 0.589840 0.708333
vt 0.589840 0.517917
vt 0.589840 0.515734
vt 0.589840 0.509549
vt 0.589840 0.510308
vt 0.589840 0.518216
s 1
f 1249/1/1249 1250/2/1250 1253/3/1253 1252/4/1252
f 1250/2/1250 1251/5/1251 1254/6/1254 1253/3/1253
f 1252/4/1252 1253/3/1253 1256/7/1256 1255/8/1255
f 1253/3/1253 1254/6/1254 1257/9/1257 1256/7/1256
f 5/10/5 297/11/297 1249/1/1249 210/12/210
f 297/11/297 296/13/296 1250/2/1250 1249/1/1249
f 296/13/296 295/14/295 1251/5/1251 1250/2/1250
f 295/14/295 21/15/21 301/16/301 1251/5/1251
f 1251/5/1251 301/16/301 302/17/302 1254/6/1254
f 1254/6/1254 302/17/302 303/18/303 1257/9/1257
f 1257/9/1257 303/18/303 23/19/23 198/20/198
f 1256/7/1256 1257/9/1257 198/20/198 197/21/197
f 1255/8/1255 1256/7/1256 197/21/197 196/22/196
f 208/23/208 1255/8/1255 196/22/196 1/24/1
f 209/25/209 1252/4/1252 1255/8/1255 208/23/208
f 210/12/210 1249/1/1249 1252/4/1252 209/25/209
f 1258/26/1258 1259/27/1259 1262/28/1262 1261/29/1261
f 1259/27/1259 1260/30/1260 1263/31/1263 1262/28/1262
f 1261/29/1261 1262/28/1262 1265/32/1265 1264/33/1264
f 1262/28/1262 1263/31/1263 1266/34/1266 1265/32/1265
f 22/35/22 189/36/189 1258/26/1258 298/37/298
f 189/36/189 188/38/188 1259/27/1259 1258/26/1258
f 188/38/188 187/39/187 1260/30/1260 1259/27/1259
f 187/39/187 4/40/4 193/41/193 1260/30/1260
f 1260/30/1260 193/41/193 194/42/194 1263/31/1263
f 1263/31/1263 194/42/194 195/43/195 1266/34/1266
f 1266/34/1266 195/43/195 8/44/8 304/45/304
f 1265/32/1265 1266/34/1266 304/45/304 305/46/305
f 1264/33/1264 1265/32/1265 305/46/305 306/47/306
f 300/48/300 1264/33/1264 306/47/306 24/49/24
f 299/50/299 1261/29/1261 1264/33/1264 300/48/300
f 298/37/298 1258/26/1258 1261/29/1261 299/50/299
f 1267/51/1267 1268/52/1268 1271/53/1271 1270/54/1270
f 1268/52/1268 1269/55/1269 1272/56/1272 1271/53/1271
f 1270/54/1270 1271/53/1271 1274/57/1274 1273/58/1273
f 1271/53/1271 1272/56/1272 1275/59/1275 1274/57/1274
f 6/60/6 205/61/205 1267/51/1267 324/62/324
f 205/61/205 206/63/206 1268/52/1268 1267/51/1267
f 206/63/206 207/64/207 1269/55/1269 1268/52/1268
f 207/64/207 21/15/21 319/65/319 1269/55/1269
f 1269/55/1269 319/65/319 320/66/320 1272/56/1272
f 1272/56/1272 320/66/320 321/67/321 1275/59/1275
f 1275/59/1275 321/67/321 26/68/26 315/69/315
f 1274/57/1274 1275/59/1275 315/69/315 314/70/314
f 1273/58/1273 1274/57/1274 314/70/314 313/71/313
f 322/72/322 1273/58/1273 313/71/313 28/73/28
f 323/74/323 1270/54/1270 1273/58/1273 322/72/322
f 324/62/324 1267/51/1267 1270/54/1270 323/74/323
f 1276/75/1276 1277/76/1277 1280/76/1280 1279/75/1279
f 1277/76/1277 1278/77/1278 1281/77/1281 1280/76/1280
f 1279/75/1279 1280/76/1280 1283/76/1283 1282/75/1282
f 1280/76/1280 1281/77/1281 1284/78/1284 1283/76/1283
f 62/79/62 537/80/537 1276/75/1276 522/79/522
f 537/80/537 536/76/536 1277/76/1277 1276/75/1276
f 536/76/536 535/77/535 1278/77/1278 1277/76/1277
f 535/77/535 61/81/61 226/82/226 1278/77/1278
f 1278/77/1278 226/82/226 227/82/227 1281/77/1281
f 1281/77/1281 227/82/227 228/82/228 1284/78/1284
f 1284/78/1284 228/82/228 9/24/9 223/78/223
f 1283/76/1283 1284/78/1284 223/78/223 224/76/224
f 1282/75/1282 1283/76/1283 224/76/224 225/75/225
f 520/83/520 1282/75/1282 225/75/225 11/79/11
f 521/83/521 1279/75/1279 1282/75/1282 520/83/520
f 522/79/522 1276/75/1276 1279/75/1279 521/83/521
f 1285/84/1285 1286/85/1286 1289/86/1289 1288/87/1288
f 1286/85/1286 1287/88/1287 1290/89/1290 1289/86/1289
f 1288/87/1288 1289/86/1289 1292/90/1292 1291/91/1291
f 1289/86/1289 1290/89/1290 1293/92/1293 1292/90/1292
f 8/44/8 195/93/195 1285/84/1285 492/94/492
f 195/93/195 194/95/194 1286/85/1286 1285/84/1285
f 194/95/194 193/96/193 1287/88/1287 1286/85/1286
f 193/96/193 4/40/4 487/97/487 1287/88/1287
f 1287/88/1287 487/97/487 488/97/488 1290/89/1290
f 1290/89/1290 488/97/488 489/97/489 1293/92/1293
f 1293/92/1293 489/97/489 54/40/54 478/98/478
f 1292/90/1292 1293/92/1293 478/98/478 479/99/479
f 1291/91/1291 1292/90/1292 479/99/479 480/100/480
f 490/101/490 1291/91/1291 480/100/480 55/102/55
f 491/103/491 1288/87/1288 1291/91/1291 490/101/490
f 492/94/492 1285/84/1285 1288/87/1288 491/103/491
f 1294/75/1294 1295/76/1295 1298/76/1298 1297/75/1297
f 1295/76/1295 1296/77/1296 1299/77/1299 1298/76/1298
f 1297/75/1297 1298/76/1298 1301/76/1301 1300/75/1300
f 1298/76/1298 1299/77/1299 1302/78/1302 1301/76/1301
f 11/79/11 225/75/225 1294/75/1294 255/104/255
f 225/75/225 224/76/224 1295/76/1295 1294/75/1294
f 224/76/224 223/78/223 1296/77/1296 1295/76/1295
f 223/78/223 9/24/9 250/82/250 1296/77/1296
f 1296/77/1296 250/82/250 251/82/251 1299/77/1299
f 1299/77/1299 251/82/251 252/82/252 1302/78/1302
f 1302/78/1302 252/82/252 13/81/13 247/77/247
f 1301/76/1301 1302/78/1302 247/77/247 248/105/248
f 1300/75/1300 1301/76/1301 248/105/248 249/106/249
f 253/107/253 1300/75/1300 249/106/249 15/83/15
f 254/104/254 1297/75/1297 1300/75/1300 253/107/253
f 255/104/255 1294/75/1294 1297/75/1297 254/104/254
f 1303/108/1303 1304/109/1304 1307/109/1307 1306/108/1306
f 1304/109/1304 1305/110/1305 1308/111/1308 1307/109/1307
f 1306/108/1306 1307/109/1307 1310/109/1310 1309/108/1309
f 1307/109/1307 1308/111/1308 1311/111/1311 1310/109/1310
f 64/112/64 534/113/534 1303/108/1303 528/114/528
f 534/113/534 533/115/533 1304/109/1304 1303/108/1303
f 533/115/533 532/116/532 1305/110/1305 1304/109/1304
f 532/116/532 63/117/63 232/117/232 1305/110/1305
f 1305/110/1305 232/117/232 233/117/233 1308/111/1308
f 1308/111/1308 233/117/233 234/117/234 1311/111/1311
f 1311/111/1311 234/117/234 12/118/12 217/111/217
f 1310/109/1310 1311/111/1311 217/111/217 218/109/218
f 1309/108/1309 1310/109/1310 218/109/218 219/108/219
f 526/114/526 1309/108/1309 219/108/219 10/119/10
f 527/114/527 1306/108/1306 1309/108/1309 526/114/526
f 528/114/528 1303/108/1303 1306/108/1306 527/114/527
f 1312/120/1312 1313/121/1313 1316/121/1316 1315/120/1315
f 1313/121/1313 1314/122/1314 1317/123/1317 1316/121/1316
f 1315/120/1315 1316/121/1316 1319/121/1319 1318/120/1318
f 1316/121/1316 1317/123/1317 1320/123/1320 1319/121/1319
f 63/117/63 531/120/531 1312/120/1312 232/117/232
f 531/120/531 530/121/530 1313/121/1313 1312/120/1312
f 530/121/530 529/123/529 1314/122/1314 1313/121/1313
f 529/123/529 62/124/62 522/79/522 1314/122/1314
f 1314/122/1314 522/79/522 521/83/521 1317/123/1317
f 1317/123/1317 521/83/521 520/83/520 1320/123/1320
f 1320/123/1320 520/83/520 11/125/11 220/123/220
f 1319/121/1319 1320/123/1320 220/123/220 221/126/221
f 1318/120/1318 1319/121/1319 221/126/221 222/120/222
f 234/117/234 1318/120/1318 222/120/222 12/118/12
f 233/117/233 1315/120/1315 1318/120/1318 234/117/234
f 232/117/232 1312/120/1312 1315/120/1315 233/117/233
f 1321/120/1321 1322/121/1322 1325/121/1325 1324/120/1324
f 1322/121/1322 1323/123/1323 1326/123/1326 1325/121/1325
f 1324/120/1324 1325/121/1325 1328/127/1328 1327/120/1327
f 1325/121/1325 1326/123/1326 1329/128/1329 1328/127/1328
f 50/129/50 474/120/474 1321/120/1321 456/117/456
f 474/120/474 473/126/473 1322/121/1322 1321/120/1321
f 473/126/473 472/123/472 1323/123/1323 1322/121/1322
f 472/123/472 49/79/49 274/104/274 1323/123/1323
f 1323/123/1323 274/104/274 275/130/275 1326/123/1326
f 1326/123/1326 275/130/275 276/131/276 1329/128/1329
f 1329/128/1329 276/131/276 20/125/20 268/132/268
f 1328/127/1328 1329/128/1329 268/132/268 269/133/269
f 1327/120/1327 1328/127/1328 269/133/269 270/134/270
f 454/118/454 1327/120/1327 270/134/270 19/118/19
f 455/117/455 1324/120/1324 1327/120/1327 454/118/454
f 456/117/456 1321/120/1321 1324/120/1324 455/117/455
f 1330/108/1330 1331/109/1331 1334/109/1334 1333/108/1333
f 1331/109/1331 1332/135/1332 1335/135/1335 1334/109/1334
f 1333/108/1333 1334/109/1334 1337/109/1337 1336/108/1336
f 1334/109/1334 1335/135/1335 1338/111/1338 1337/109/1337
f 10/119/10 219/108/219 1330/108/1330 261/114/261
f 219/108/219 218/109/218 1331/109/1331 1330/108/1330
f 218/109/218 217/111/217 1332/135/1332 1331/109/1331
f 217/111/217 12/118/12 256/117/256 1332/135/1332
f 1332/135/1332 256/117/256 257/117/257 1335/135/1335
f 1335/135/1335 257/117/257 258/117/258 1338/111/1338
f 1338/111/1338 258/117/258 16/118/16 241/111/241
f 1337/109/1337 1338/111/1338 241/111/241 242/109/242
f 1336/108/1336 1337/109/1337 242/109/242 243/108/243
f 259/136/259 1336/108/1336 243/108/243 14/137/14
f 260/114/260 1333/108/1333 1336/108/1336 259/136/259
f 261/114/261 1330/108/1330 1333/108/1333 260/114/260
f 1339/120/1339 1340/121/1340 1343/121/1343 1342/120/1342
f 1340/121/1340 1341/123/1341 1344/123/1344 1343/121/1343
f 1342/120/1342 1343/121/1343 1346/121/1346 1345/120/1345
f 1343/121/1343 1344/123/1344 1347/123/1347 1346/121/1346
f 12/129/12 222/120/222 1339/120/1339 256/117/256
f 222/120/222 221/126/221 1340/121/1340 1339/120/1339
f 221/126/221 220/123/220 1341/123/1341 1340/121/1340
f 220/123/220 11/79/11 255/104/255 1341/123/1341
f 1341/123/1341 255/104/255 254/104/254 1344/123/1344
f 1344/123/1344 254/104/254 253/107/253 1347/123/1347
f 1347/123/1347 253/107/253 15/83/15 244/128/244
f 1346/121/1346 1347/123/1347 244/128/244 245/133/245
f 1345/120/1345 1346/121/1346 245/133/245 246/120/246
f 258/117/258 1345/120/1345 246/120/246 16/129/16
f 257/117/257 1342/120/1342 1345/120/1345 258/117/258
f 256/117/256 1339/120/1339 1342/120/1342 257/117/257
f 1348/138/1348 1349/138/1349 1352/138/1352 1351/138/1351
f 1349/138/1349 1350/138/1350 1353/138/1353 1352/138/1352
f 1351/138/1351 1352/138/1352 1355/138/1355 1354/138/1354
f 1352/138/1352 1353/138/1353 1356/138/1356 1355/138/1355
f 9/138/9 216/138/216 1348/138/1348 250/138/250
f 216/138/216 215/138/215 1349/138/1349 1348/138/1348
f 215/138/215 214/138/214 1350/138/1350 1349/138/1349
f 214/138/214 10/138/10 261/138/261 1350/138/1350
f 1350/138/1350 261/138/261 260/138/260 1353/138/1353
f 1353/138/1353 260/138/260 259/138/259 1356/138/1356
f 1356/138/1356 259/138/259 14/138/14 238/138/238
f 1355/138/1355 1356/138/1356 238/138/238 239/138/239
f 1354/138/1354 1355/138/1355 239/138/239 240/138/240
f 252/138/252 1354/138/1354 240/138/240 13/138/13
f 251/138/251 1351/138/1351 1354/138/1354 252/138/252
f 250/138/250 1348/138/1348 1351/138/1351 251/138/251
f 1357/139/1357 1358/140/1358 1361/141/1361 1360/142/1360
f 1358/140/1358 1359/143/1359 1362/144/1362 1361/141/1361
f 1360/142/1360 1361/141/1361 1364/145/1364 1363/146/1363
f 1361/141/1361 1362/144/1362 1365/147/1365 1364/145/1364
f 19/148/19 270/134/270 1357/139/1357 420/149/420
f 270/134/270 269/133/269 1358/140/1358 1357/139/1357
f 269/133/269 268/132/268 1359/143/1359 1358/140/1358
f 268/132/268 20/125/20 415/150/415 1359/143/1359
f 1359/143/1359 415/150/415 416/151/416 1362/144/1362
f 1362/144/1362 416/151/416 417/152/417 1365/147/1365
f 1365/147/1365 417/152/417 44/153/44 409/154/409
f 1364/145/1364 1365/147/1365 409/154/409 410/155/410
f 1363/146/1363 1364/145/1364 410/155/410 411/156/411
f 418/157/418 1363/146/1363 411/156/411 43/118/43
f 419/158/419 1360/142/1360 1363/146/1363 418/157/418
f 420/149/420 1357/139/1357 1360/142/1360 419/158/419
f 1366/138/1366 1367/138/1367 1370/138/1370 1369/138/1369
f 1367/138/1367 1368/138/1368 1371/138/1371 1370/138/1370
f 1369/138/1369 1370/138/1370 1373/138/1373 1372/138/1372
f 1370/138/1370 1371/138/1371 1374/138/1374 1373/138/1373
f 52/138/52 471/138/471 1366/138/1366 462/138/462
f 471/138/471 470/138/470 1367/138/1367 1366/138/1366
f 470/138/470 469/138/469 1368/138/1368 1367/138/1367
f 469/138/469 51/138/51 280/138/280 1368/138/1368
f 1368/138/1368 280/138/280 281/138/281 1371/138/1371
f 1371/138/1371 281/138/281 282/138/282 1374/138/1374
f 1374/138/1374 282/138/282 17/138/17 262/138/262
f 1373/138/1373 1374/138/1374 262/138/262 263/138/263
f 1372/138/1372 1373/138/1373 263/138/263 264/138/264
f 460/138/460 1372/138/1372 264/138/264 18/138/18
f 461/138/461 1369/138/1369 1372/138/1372 460/138/460
f 462/138/462 1366/138/1366 1369/138/1369 461/138/461
f 1375/75/1375 1376/76/1376 1379/76/1379 1378/75/1378
f 1376/76/1376 1377/77/1377 1380/77/1380 1379/76/1379
f 1378/75/1378 1379/76/1379 1382/159/1382 1381/160/1381
f 1379/76/1379 1380/77/1380 1383/78/1383 1382/159/1382
f 49/79/49 468/161/468 1375/75/1375 274/104/274
f 468/161/468 467/76/467 1376/76/1376 1375/75/1375
f 467/76/467 466/77/466 1377/77/1377 1376/76/1376
f 466/77/466 52/81/52 462/82/462 1377/77/1377
f 1377/77/1377 462/82/462 461/82/461 1380/77/1380
f 1380/77/1380 461/82/461 460/82/460 1383/78/1383
f 1383/78/1383 460/82/460 18/81/18 271/162/271
f 1382/159/1382 1383/78/1383 271/162/271 272/163/272
f 1381/160/1381 1382/159/1382 272/163/272 273/164/273
f 276/131/276 1381/160/1381 273/164/273 20/125/20
f 275/130/275 1378/75/1378 1381/160/1381 276/131/276
f 274/104/274 1375/75/1375 1378/75/1378 275/130/275
f 1384/108/1384 1385/109/1385 1388/109/1388 1387/108/1387
f 1385/109/1385 1386/135/1386 1389/135/1389 1388/109/1388
f 1387/108/1387 1388/109/1388 1391/109/1391 1390/108/1390
f 1388/109/1388 1389/135/1389 1392/135/1392 1391/109/1391
f 51/165/51 465/108/465 1384/108/1384 280/166/280
f 465/108/465 464/109/464 1385/109/1385 1384/108/1384
f 464/109/464 463/111/463 1386/135/1386 1385/109/1385
f 463/111/463 50/118/50 456/117/456 1386/135/1386
f 1386/135/1386 456/117/456 455/117/455 1389/135/1389
f 1389/135/1389 455/117/455 454/118/454 1392/135/1392
f 1392/135/1392 454/118/454 19/148/19 265/135/265
f 1391/109/1391 1392/135/1392 265/135/265 266/109/266
f 1390/108/1390 1391/109/1391 266/109/266 267/108/267
f 282/114/282 1390/108/1390 267/108/267 17/119/17
f 281/114/281 1387/108/1387 1390/108/1390 282/114/282
f 280/166/280 1384/108/1384 1387/108/1387 281/114/281
f 1393/167/1393 1394/168/1394 1397/169/1397 1396/170/1396
f 1394/168/1394 1395/171/1395 1398/172/1398 1397/169/1397
f 1396/170/1396 1397/169/1397 1400/173/1400 1399/174/1399
f 1397/169/1397 1398/172/1398 1401/175/1401 1400/173/1400
f 3/112/3 291/176/291 1393/167/1393 192/108/192
f 291/176/291 290/177/290 1394/168/1394 1393/167/1393
f 290/177/290 289/178/289 1395/171/1395 1394/168/1394
f 289/178/289 22/35/22 298/37/298 1395/171/1395
f 1395/171/1395 298/37/298 299/50/299 1398/172/1398
f 1398/172/1398 299/50/299 300/48/300 1401/175/1401
f 1401/175/1401 300/48/300 24/49/24 292/179/292
f 1400/173/1400 1401/175/1401 292/179/292 293/180/293
f 1399/174/1399 1400/173/1400 293/180/293 294/181/294
f 190/111/190 1399/174/1399 294/181/294 7/118/7
f 191/109/191 1396/170/1396 1399/174/1399 190/111/190
f 192/108/192 1393/167/1393 1396/170/1396 191/109/191
f 1402/182/1402 1403/183/1403 1406/184/1406 1405/185/1405
f 1403/183/1403 1404/186/1404 1407/187/1407 1406/184/1406
f 1405/185/1405 1406/184/1406 1409/188/1409 1408/189/1408
f 1406/184/1406 1407/187/1407 1410/190/1410 1409/188/1409
f 7/118/7 294/181/294 1402/182/1402 201/191/201
f 294/181/294 293/180/293 1403/183/1403 1402/182/1402
f 293/180/293 292/179/292 1404/186/1404 1403/183/1403
f 292/179/292 24/49/24 181/192/181 1404/186/1404
f 1404/186/1404 181/192/181 182/193/182 1407/187/1407
f 1407/187/1407 182/193/182 183/194/183 1410/190/1410
f 1410/190/1410 183/194/183 21/15/21 295/14/295
f 1409/188/1409 1410/190/1410 295/14/295 296/13/296
f 1408/189/1408 1409/188/1409 296/13/296 297/11/297
f 199/195/199 1408/189/1408 297/11/297 5/10/5
f 200/196/200 1405/185/1405 1408/189/1408 199/195/199
f 201/191/201 1402/182/1402 1405/185/1405 200/196/200
f 1411/197/1411 1412/198/1412 1415/199/1415 1414/200/1414
f 1412/198/1412 1413/201/1413 1416/202/1416 1415/199/1415
f 1414/200/1414 1415/199/1415 1418/203/1418 1417/204/1417
f 1415/199/1415 1416/202/1416 1419/205/1419 1418/203/1418
f 21/15/21 207/206/207 1411/197/1411 301/16/301
f 207/206/207 206/63/206 1412/198/1412 1411/197/1411
f 206/63/206 205/207/205 1413/201/1413 1412/198/1412
f 205/207/205 6/60/6 211/208/211 1413/201/1413
f 1413/201/1413 211/208/211 212/209/212 1416/202/1416
f 1416/202/1416 212/209/212 213/210/213 1419/205/1419
f 1419/205/1419 213/210/213 2/211/2 288/212/288
f 1418/203/1418 1419/205/1419 288/212/288 287/213/287
f 1417/204/1417 1418/203/1418 287/213/287 286/214/286
f 303/18/303 1417/204/1417 286/214/286 23/19/23
f 302/17/302 1414/200/1414 1417/204/1417 303/18/303
f 301/16/301 1411/197/1411 1414/200/1414 302/17/302
f 1420/215/1420 1421/216/1421 1424/217/1424 1423/218/1423
f 1421/216/1421 1422/219/1422 1425/220/1425 1424/217/1424
f 1423/218/1423 1424/217/1424 1427/221/1427 1426/222/1426
f 1424/217/1424 1425/220/1425 1428/223/1428 1427/221/1427
f 25/224/25 318/225/318 1420/215/1420 307/226/307
f 318/225/318 317/227/317 1421/216/1421 1420/215/1420
f 317/227/317 316/228/316 1422/219/1422 1421/216/1421
f 316/228/316 27/229/27 310/230/310 1422/219/1422
f 1422/219/1422 310/230/310 311/231/311 1425/220/1425
f 1425/220/1425 311/231/311 312/232/312 1428/223/1428
f 1428/223/1428 312/232/312 28/73/28 313/233/313
f 1427/221/1427 1428/223/1428 313/233/313 314/234/314
f 1426/222/1426 1427/221/1427 314/234/314 315/235/315
f 309/236/309 1426/222/1426 315/235/315 26/68/26
f 308/237/308 1423/218/1423 1426/222/1426 309/236/309
f 307/226/307 1420/215/1420 1423/218/1423 308/237/308
f 1429/238/1429 1430/239/1430 1433/227/1433 1432/225/1432
f 1430/239/1430 1431/240/1431 1434/228/1434 1433/227/1433
f 1432/225/1432 1433/227/1433 1436/227/1436 1435/225/1435
f 1433/227/1433 1434/228/1434 1437/240/1437 1436/227/1436
f 24/241/24 306/47/306 1429/238/1429 330/242/330
f 306/47/306 305/46/305 1430/239/1430 1429/238/1429
f 305/46/305 304/45/304 1431/240/1431 1430/239/1430
f 304/45/304 8/243/8 325/102/325 1431/240/1431
f 1431/240/1431 325/102/325 326/102/326 1434/228/1434
f 1434/228/1434 326/102/326 327/102/327 1437/240/1437
f 1437/240/1437 327/102/327 27/243/27 316/228/316
f 1436/227/1436 1437/240/1437 316/228/316 317/227/317
f 1435/225/1435 1436/227/1436 317/227/317 318/225/318
f 328/49/328 1435/225/1435 318/225/318 25/244/25
f 329/49/329 1432/225/1432 1435/225/1435 328/49/328
f 330/242/330 1429/238/1429 1432/225/1432 329/49/329
f 1438/245/1438 1439/246/1439 1442/247/1442 1441/248/1441
f 1439/246/1439 1440/249/1440 1443/250/1443 1442/247/1442
f 1441/248/1441 1442/247/1442 1445/251/1445 1444/252/1444
f 1442/247/1442 1443/250/1443 1446/253/1446 1445/251/1445
f 100/254/100 747/255/747 1438/245/1438 732/256/732
f 747/255/747 746/257/746 1439/246/1439 1438/245/1438
f 746/257/746 745/258/745 1440/249/1440 1439/246/1439
f 745/258/745 98/259/98 343/260/343 1440/249/1440
f 1440/249/1440 343/260/343 344/259/344 1443/250/1443
f 1443/250/1443 344/259/344 345/260/345 1446/253/1446
f 1446/253/1446 345/260/345 31/259/31 340/261/340
f 1445/251/1445 1446/253/1446 340/261/340 341/262/341
f 1444/252/1444 1445/251/1445 341/262/341 342/263/342
f 730/264/730 1444/252/1444 342/263/342 29/259/29
f 731/265/731 1441/248/1441 1444/252/1444 730/264/730
f 732/256/732 1438/245/1438 1441/248/1441 731/265/731
f 1447/266/1447 1448/267/1448 1451/268/1451 1450/269/1450
f 1448/267/1448 1449/270/1449 1452/271/1452 1451/268/1451
f 1450/269/1450 1451/268/1451 1454/272/1454 1453/273/1453
f 1451/268/1451 1452/271/1452 1455/274/1455 1454/272/1454
f 8/44/8 202/275/202 1447/266/1447 325/102/325
f 202/275/202 203/276/203 1448/267/1448 1447/266/1447
f 203/276/203 204/277/204 1449/270/1449 1448/267/1448
f 204/277/204 6/60/6 324/62/324 1449/270/1449
f 1449/270/1449 324/62/324 323/74/323 1452/271/1452
f 1452/271/1452 323/74/323 322/72/322 1455/274/1455
f 1455/274/1455 322/72/322 28/73/28 312/278/312
f 1454/272/1454 1455/274/1455 312/278/312 311/279/311
f 1453/273/1453 1454/272/1454 311/279/311 310/280/310
f 327/102/327 1453/273/1453 310/280/310 27/229/27
f 326/102/326 1450/269/1450 1453/273/1453 327/102/327
f 325/102/325 1447/266/1447 1450/269/1450 326/102/326
f 1456/281/1456 1457/282/1457 1460/283/1460 1459/284/1459
f 1457/282/1457 1458/285/1458 1461/284/1461 1460/283/1460
f 1459/284/1459 1460/283/1460 1463/286/1463 1462/287/1462
f 1460/283/1460 1461/284/1461 1464/287/1464 1463/286/1463
f 87/288/87 675/289/675 1456/281/1456 657/290/657
f 675/289/675 674/291/674 1457/282/1457 1456/281/1456
f 674/291/674 673/292/673 1458/285/1458 1457/282/1457
f 673/292/673 86/293/86 367/290/367 1458/285/1458
f 1458/285/1458 367/290/367 368/294/368 1461/284/1461
f 1461/284/1461 368/294/368 369/295/369 1464/287/1464
f 1464/287/1464 369/295/369 34/296/34 361/297/361
f 1463/286/1463 1464/287/1464 361/297/361 362/298/362
f 1462/287/1462 1463/286/1463 362/298/362 363/297/363
f 655/299/655 1462/287/1462 363/297/363 36/296/36
f 656/294/656 1459/284/1459 1462/287/1462 655/299/655
f 657/290/657 1456/281/1456 1459/284/1459 656/294/656
f 1465/300/1465 1466/301/1466 1469/302/1469 1468/303/1468
f 1466/301/1466 1467/304/1467 1470/305/1470 1469/302/1469
f 1468/303/1468 1469/302/1469 1472/306/1472 1471/307/1471
f 1469/302/1469 1470/305/1470 1473/308/1473 1472/306/1472
f 101/296/101 744/309/744 1465/300/1465 735/299/735
f 744/309/744 743/310/743 1466/301/1466 1465/300/1465
f 743/310/743 742/311/742 1467/304/1467 1466/301/1466
f 742/311/742 99/312/99 349/313/349 1467/304/1467
f 1467/304/1467 349/313/349 350/314/350 1470/305/1470
f 1470/305/1470 350/314/350 351/315/351 1473/308/1473
f 1473/308/1473 351/315/351 30/316/30 337/317/337
f 1472/306/1472 1473/308/1473 337/317/337 338/318/338
f 1471/307/1471 1472/306/1472 338/318/338 339/319/339
f 733/320/733 1471/307/1471 339/319/339 32/321/32
f 734/322/734 1468/303/1468 1471/307/1471 733/320/733
f 735/299/735 1465/300/1465 1468/303/1468 734/322/734
f 1474/323/1474 1475/324/1475 1478/325/1478 1477/326/1477
f 1475/324/1475 1476/327/1476 1479/328/1479 1478/325/1478
f 1477/326/1477 1478/325/1478 1481/329/1481 1480/330/1480
f 1478/325/1478 1479/328/1479 1482/331/1482 1481/329/1481
f 99/312/99 741/332/741 1474/323/1474 349/313/349
f 741/332/741 740/333/740 1475/324/1475 1474/323/1474
f 740/333/740 739/334/739 1476/327/1476 1475/324/1475
f 739/334/739 100/254/100 732/256/732 1476/327/1476
f 1476/327/1476 732/256/732 731/265/731 1479/328/1479
f 1479/328/1479 731/265/731 730/264/730 1482/331/1482
f 1482/331/1482 730/264/730 29/259/29 331/335/331
f 1481/329/1481 1482/331/1482 331/335/331 332/336/332
f 1480/330/1480 1481/329/1481 332/336/332 333/337/333
f 351/315/351 1480/330/1480 333/337/333 30/316/30
f 350/314/350 1477/326/1477 1480/330/1480 351/315/351
f 349/313/349 1474/323/1474 1477/326/1477 350/314/350
f 1483/338/1483 1484/339/1484 1487/340/1487 1486/341/1486
f 1484/339/1484 1485/342/1485 1488/343/1488 1487/340/1487
f 1486/341/1486 1487/340/1487 1490/344/1490 1489/345/1489
f 1487/340/1487 1488/343/1488 1491/346/1491 1490/344/1490
f 98/259/98 738/347/738 1483/338/1483 343/260/343
f 738/347/738 737/333/737 1484/339/1484 1483/338/1483
f 737/333/737 736/348/736 1485/342/1485 1484/339/1484
f 736/348/736 101/296/101 735/299/735 1485/342/1485
f 1485/342/1485 735/299/735 734/322/734 1488/343/1488
f 1488/343/1488 734/322/734 733/320/733 1491/346/1491
f 1491/346/1491 733/320/733 32/321/32 336/349/336
f 1490/344/1490 1491/346/1491 336/349/336 335/336/335
f 1489/345/1489 1490/344/1490 335/336/335 334/350/334
f 345/260/345 1489/345/1489 334/350/334 31/259/31
f 344/259/344 1486/341/1486 1489/345/1489 345/260/345
f 343/260/343 1483/338/1483 1486/341/1486 344/259/344
f 1492/351/1492 1493/352/1493 1496/353/1496 1495/354/1495
f 1493/352/1493 1494/355/1494 1497/356/1497 1496/353/1496
f 1495/354/1495 1496/353/1496 1499/357/1499 1498/358/1498
f 1496/353/1496 1497/356/1497 1500/358/1500 1499/357/1499
f 33/259/33 366/263/366 1492/351/1492 645/359/645
f 366/263/366 365/262/365 1493/352/1493 1492/351/1492
f 365/262/365 364/261/364 1494/355/1494 1493/352/1493
f 364/261/364 35/259/35 640/359/640 1494/355/1494
f 1494/355/1494 640/359/640 641/360/641 1497/356/1497
f 1497/356/1497 641/360/641 642/361/642 1500/358/1500
f 1500/358/1500 642/361/642 84/334/84 637/362/637
f 1499/357/1499 1500/358/1500 637/362/637 638/363/638
f 1498/358/1498 1499/357/1499 638/363/638 639/362/639
f 643/361/643 1498/358/1498 639/362/639 82/364/82
f 644/365/644 1495/354/1495 1498/358/1498 643/361/643
f 645/359/645 1492/351/1492 1495/354/1495 644/365/644
f 1501/366/1501 1502/367/1502 1505/368/1505 1504/369/1504
f 1502/367/1502 1503/345/1503 1506/370/1506 1505/368/1505
f 1504/369/1504 1505/368/1505 1508/339/1508 1507/342/1507
f 1505/368/1505 1506/370/1506 1509/371/1509 1508/339/1508
f 86/293/86 672/337/672 1501/366/1501 367/290/367
f 672/337/672 671/336/671 1502/367/1502 1501/366/1501
f 671/336/671 670/335/670 1503/345/1503 1502/367/1502
f 670/335/670 88/259/88 373/260/373 1503/345/1503
f 1503/345/1503 373/260/373 374/259/374 1506/370/1506
f 1506/370/1506 374/259/374 375/260/375 1509/371/1509
f 1509/371/1509 375/260/375 33/259/33 355/347/355
f 1508/339/1508 1509/371/1509 355/347/355 356/333/356
f 1507/342/1507 1508/339/1508 356/333/356 357/348/357
f 369/295/369 1507/342/1507 357/348/357 34/296/34
f 368/294/368 1504/369/1504 1507/342/1507 369/295/369
f 367/290/367 1501/366/1501 1504/369/1504 368/294/368
f 1510/372/1510 1511/373/1511 1514/374/1514 1513/375/1513
f 1511/373/1511 1512/263/1512 1515/261/1515 1514/374/1514
f 1513/375/1513 1514/374/1514 1517/376/1517 1516/263/1516
f 1514/374/1514 1515/261/1515 1518/261/1518 1517/376/1517
f 88/377/88 669/378/669 1510/372/1510 373/377/373
f 669/378/669 668/379/668 1511/373/1511 1510/372/1510
f 668/379/668 667/378/667 1512/263/1512 1511/373/1511
f 667/378/667 89/259/89 376/380/376 1512/263/1512
f 1512/263/1512 376/380/376 377/381/377 1515/261/1515
f 1515/261/1515 377/381/377 378/259/378 1518/261/1518
f 1518/261/1518 378/259/378 35/259/35 364/378/364
f 1517/376/1517 1518/261/1518 364/378/364 365/376/365
f 1516/263/1516 1517/376/1517 365/376/365 366/378/366
f 375/259/375 1516/263/1516 366/378/366 33/377/33
f 374/381/374 1513/375/1513 1516/263/1516 375/259/375
f 373/377/373 1510/372/1510 1513/375/1513 374/381/374
f 1519/382/1519 1520/383/1520 1523/368/1523 1522/341/1522
f 1520/383/1520 1521/384/1521 1524/369/1524 1523/368/1523
f 1522/341/1522 1523/368/1523 1526/339/1526 1525/385/1525
f 1523/368/1523 1524/369/1524 1527/342/1527 1526/339/1526
f 89/259/89 666/350/666 1519/382/1519 376/260/376
f 666/350/666 665/386/665 1520/383/1520 1519/382/1519
f 665/386/665 664/387/664 1521/384/1521 1520/383/1520
f 664/387/664 87/288/87 657/290/657 1521/384/1521
f 1521/384/1521 657/290/657 656/294/656 1524/369/1524
f 1524/369/1524 656/294/656 655/299/655 1527/342/1527
f 1527/342/1527 655/299/655 36/296/36 360/348/360
f 1526/339/1526 1527/342/1527 360/348/360 359/333/359
f 1525/385/1525 1526/339/1526 359/333/359 358/347/358
f 378/260/378 1525/385/1525 358/347/358 35/259/35
f 377/259/377 1522/341/1522 1525/385/1525 378/260/378
f 376/260/376 1519/382/1519 1522/341/1522 377/259/377
f 1528/388/1528 1529/389/1529 1532/390/1532 1531/391/1531
f 1529/389/1529 1530/392/1530 1533/393/1533 1532/390/1532
f 1531/391/1531 1532/390/1532 1535/394/1535 1534/395/1534
f 1532/390/1532 1533/393/1533 1536/396/1536 1535/394/1535
f 25/224/25 307/226/307 1528/388/1528 379/397/379
f 307/226/307 308/398/308 1529/389/1529 1528/388/1528
f 308/398/308 309/399/309 1530/392/1530 1529/389/1529
f 309/399/309 26/68/26 354/400/354 1530/392/1530
f 1530/392/1530 354/400/354 353/401/353 1533/393/1533
f 1533/393/1533 353/401/353 352/402/352 1536/396/1536
f 1536/396/1536 352/402/352 40/296/40 391/348/391
f 1535/394/1535 1536/396/1536 391/348/391 392/333/392
f 1534/395/1534 1535/394/1535 392/333/392 393/347/393
f 381/403/381 1534/395/1534 393/347/393 37/259/37
f 380/404/380 1531/391/1531 1534/395/1534 381/403/381
f 379/397/379 1528/388/1528 1531/391/1531 380/404/380
f 1537/405/1537 1538/406/1538 1541/406/1541 1540/405/1540
f 1538/406/1538 1539/407/1539 1542/407/1542 1541/406/1541
f 1540/405/1540 1541/406/1541 1544/333/1544 1543/408/1543
f 1541/406/1541 1542/407/1542 1545/409/1545 1544/333/1544
f 21/410/21 183/194/183 1537/405/1537 385/411/385
f 183/194/183 182/193/182 1538/406/1538 1537/405/1537
f 182/193/182 181/412/181 1539/407/1539 1538/406/1538
f 181/412/181 24/241/24 348/242/348 1539/407/1539
f 1539/407/1539 348/242/348 347/49/347 1542/407/1542
f 1542/407/1542 347/49/347 346/49/346 1545/409/1545
f 1545/409/1545 346/49/346 38/413/38 394/409/394
f 1544/333/1544 1545/409/1545 394/409/394 395/333/395
f 1543/408/1543 1544/333/1544 395/333/395 396/408/396
f 387/411/387 1543/408/1543 396/408/396 39/414/39
f 386/411/386 1540/405/1540 1543/408/1543 387/411/387
f 385/411/385 1537/405/1537 1540/405/1540 386/411/386
f 1546/415/1546 1547/416/1547 1550/417/1550 1549/418/1549
f 1547/416/1547 1548/419/1548 1551/420/1551 1550/417/1550
f 1549/418/1549 1550/417/1550 1553/421/1553 1552/422/1552
f 1550/417/1550 1551/420/1551 1554/423/1554 1553/421/1553
f 26/68/26 321/424/321 1546/415/1546 354/400/354
f 321/424/321 320/425/320 1547/416/1547 1546/415/1546
f 320/425/320 319/426/319 1548/419/1548 1547/416/1547
f 319/426/319 21/15/21 385/411/385 1548/419/1548
f 1548/419/1548 385/411/385 386/411/386 1551/420/1551
f 1551/420/1551 386/411/386 387/411/387 1554/423/1554
f 1554/423/1554 387/411/387 39/414/39 397/427/397
f 1553/421/1553 1554/423/1554 397/427/397 398/428/398
f 1552/422/1552 1553/421/1553 398/428/398 399/429/399
f 352/402/352 1552/422/1552 399/429/399 40/296/40
f 353/401/353 1549/418/1549 1552/422/1552 352/402/352
f 354/400/354 1546/415/1546 1549/418/1549 353/401/353
f 1555/430/1555 1556/431/1556 1559/432/1559 1558/433/1558
f 1556/431/1556 1557/434/1557 1560/435/1560 1559/432/1559
f 1558/433/1558 1559/432/1559 1562/436/1562 1561/437/1561
f 1559/432/1559 1560/435/1560 1563/438/1563 1562/436/1562
f 24/241/24 330/242/330 1555/430/1555 348/242/348
f 330/242/330 329/49/329 1556/431/1556 1555/430/1555
f 329/49/329 328/49/328 1557/434/1557 1556/431/1556
f 328/49/328 25/224/25 379/397/379 1557/434/1557
f 1557/434/1557 379/397/379 380/404/380 1560/435/1560
f 1560/435/1560 380/404/380 381/403/381 1563/438/1563
f 1563/438/1563 381/403/381 37/259/37 400/439/400
f 1562/436/1562 1563/438/1563 400/439/400 401/440/401
f 1561/437/1561 1562/436/1562 401/440/401 402/441/402
f 346/49/346 1561/437/1561 402/441/402 38/413/38
f 347/49/347 1558/433/1558 1561/437/1561 346/49/346
f 348/242/348 1555/430/1555 1558/433/1558 347/49/347
f 1564/442/1564 1565/443/1565 1568/444/1568 1567/445/1567
f 1565/443/1565 1566/446/1566 1569/447/1569 1568/444/1568
f 1567/445/1567 1568/444/1568 1571/448/1571 1570/449/1570
f 1568/444/1568 1569/447/1569 1572/450/1572 1571/448/1571
f 41/451/41 408/452/408 1564/442/1564 403/453/403
f 408/452/408 407/454/407 1565/443/1565 1564/442/1564
f 407/454/407 406/455/406 1566/446/1566 1565/443/1565
f 406/455/406 43/118/43 411/456/411 1566/446/1566
f 1566/446/1566 411/456/411 410/457/410 1569/447/1569
f 1569/447/1569 410/457/410 409/458/409 1572/450/1572
f 1572/450/1572 409/458/409 44/459/44 414/460/414
f 1571/448/1571 1572/450/1572 414/460/414 413/461/413
f 1570/449/1570 1571/448/1571 413/461/413 412/462/412
f 405/463/405 1570/449/1570 412/462/412 42/464/42
f 404/465/404 1567/445/1567 1570/449/1570 405/463/405
f 403/453/403 1564/442/1564 1567/445/1567 404/465/404
f 1573/138/1573 1574/138/1574 1577/138/1577 1576/138/1576
f 1574/138/1574 1575/138/1575 1578/138/1578 1577/138/1577
f 1576/138/1576 1577/138/1577 1580/138/1580 1579/138/1579
f 1577/138/1577 1578/138/1578 1581/138/1581 1580/138/1580
f 18/138/18 264/138/264 1573/138/1573 426/138/426
f 264/138/264 263/138/263 1574/138/1574 1573/138/1573
f 263/138/263 262/138/262 1575/138/1575 1574/138/1574
f 262/138/262 17/138/17 421/138/421 1575/138/1575
f 1575/138/1575 421/138/421 422/138/422 1578/138/1578
f 1578/138/1578 422/138/422 423/138/423 1581/138/1581
f 1581/138/1581 423/138/423 41/138/41 403/138/403
f 1580/138/1580 1581/138/1581 403/138/403 404/138/404
f 1579/138/1579 1580/138/1580 404/138/404 405/138/405
f 424/138/424 1579/138/1579 405/138/405 42/138/42
f 425/138/425 1576/138/1576 1579/138/1579 424/138/424
f 426/138/426 1573/138/1573 1576/138/1576 425/138/425
f 1582/138/1582 1583/138/1583 1586/138/1586 1585/138/1585
f 1583/138/1583 1584/138/1584 1587/138/1587 1586/138/1586
f 1585/138/1585 1586/138/1586 1589/138/1589 1588/138/1588
f 1586/138/1586 1587/138/1587 1590/138/1590 1589/138/1589
f 18/138/18 426/138/426 1582/138/1582 444/138/444
f 426/138/426 425/138/425 1583/138/1583 1582/138/1582
f 425/138/425 424/138/424 1584/138/1584 1583/138/1583
f 424/138/424 42/138/42 439/138/439 1584/138/1584
f 1584/138/1584 439/138/439 440/138/440 1587/138/1587
f 1587/138/1587 440/138/440 441/138/441 1590/138/1590
f 1590/138/1590 441/138/441 47/138/47 436/138/436
f 1589/138/1589 1590/138/1590 436/138/436 437/138/437
f 1588/138/1588 1589/138/1589 437/138/437 438/138/438
f 442/138/442 1588/138/1588 438/138/438 45/138/45
f 443/138/443 1585/138/1585 1588/138/1588 442/138/442
f 444/138/444 1582/138/1582 1585/138/1585 443/138/443
f 1591/108/1591 1592/109/1592 1595/109/1595 1594/108/1594
f 1592/109/1592 1593/466/1593 1596/467/1596 1595/109/1595
f 1594/108/1594 1595/109/1595 1598/109/1598 1597/108/1597
f 1595/109/1595 1596/467/1596 1599/468/1599 1598/109/1598
f 17/119/17 267/108/267 1591/108/1591 421/114/421
f 267/108/267 266/109/266 1592/109/1592 1591/108/1591
f 266/109/266 265/135/265 1593/466/1593 1592/109/1592
f 265/135/265 19/148/19 420/149/420 1593/466/1593
f 1593/466/1593 420/149/420 419/158/419 1596/467/1596
f 1596/467/1596 419/158/419 418/157/418 1599/468/1599
f 1599/468/1599 418/157/418 43/118/43 406/111/406
f 1598/109/1598 1599/468/1599 406/111/406 407/109/407
f 1597/108/1597 1598/109/1598 407/109/407 408/469/408
f 423/119/423 1597/108/1597 408/469/408 41/119/41
f 422/114/422 1594/108/1594 1597/108/1597 423/119/423
f 421/114/421 1591/108/1591 1594/108/1594 422/114/422
f 1600/75/1600 1601/470/1601 1604/76/1604 1603/75/1603
f 1601/470/1601 1602/471/1602 1605/77/1605 1604/76/1604
f 1603/75/1603 1604/76/1604 1607/76/1607 1606/75/1606
f 1604/76/1604 1605/77/1605 1608/78/1608 1607/76/1607
f 46/125/46 429/161/429 1600/75/1600 433/83/433
f 429/161/429 428/472/428 1601/470/1601 1600/75/1600
f 428/472/428 427/473/427 1602/471/1602 1601/470/1601
f 427/473/427 45/474/45 438/475/438 1602/471/1602
f 1602/471/1602 438/475/438 437/81/437 1605/77/1605
f 1605/77/1605 437/81/437 436/82/436 1608/78/1608
f 1608/78/1608 436/82/436 47/81/47 430/77/430
f 1607/76/1607 1608/78/1608 430/77/430 431/105/431
f 1606/75/1606 1607/76/1607 431/105/431 432/106/432
f 435/125/435 1606/75/1606 432/106/432 48/476/48
f 434/125/434 1603/75/1603 1606/75/1606 435/125/435
f 433/83/433 1600/75/1600 1603/75/1603 434/125/434
f 1609/477/1609 1610/478/1610 1613/479/1613 1612/480/1612
f 1610/478/1610 1611/481/1611 1614/482/1614 1613/479/1613
f 1612/480/1612 1613/479/1613 1616/483/1616 1615/484/1615
f 1613/479/1613 1614/482/1614 1617/485/1617 1616/483/1616
f 42/464/42 412/462/412 1609/477/1609 439/486/439
f 412/462/412 413/461/413 1610/478/1610 1609/477/1609
f 413/461/413 414/460/414 1611/481/1611 1610/478/1610
f 414/460/414 44/459/44 445/487/445 1611/481/1611
f 1611/481/1611 445/487/445 446/488/446 1614/482/1614
f 1614/482/1614 446/488/446 447/489/447 1617/485/1617
f 1617/485/1617 447/489/447 48/83/48 432/490/432
f 1616/483/1616 1617/485/1617 432/490/432 431/491/431
f 1615/484/1615 1616/483/1616 431/491/431 430/492/430
f 441/486/441 1615/484/1615 430/492/430 47/493/47
f 440/486/440 1612/480/1612 1615/484/1615 441/486/441
f 439/486/439 1609/477/1609 1612/480/1612 440/486/440
f 1618/494/1618 1619/495/1619 1622/496/1622 1621/497/1621
f 1619/495/1619 1620/498/1620 1623/499/1623 1622/496/1622
f 1621/497/1621 1622/496/1622 1625/500/1625 1624/501/1624
f 1622/496/1622 1623/499/1623 1626/502/1626 1625/500/1625
f 44/459/44 417/152/417 1618/494/1618 445/487/445
f 417/152/417 416/151/416 1619/495/1619 1618/494/1618
f 416/151/416 415/503/415 1620/498/1620 1619/495/1619
f 415/503/415 20/125/20 448/504/448 1620/498/1620
f 1620/498/1620 448/504/448 449/505/449 1623/499/1623
f 1623/499/1623 449/505/449 450/506/450 1626/502/1626
f 1626/502/1626 450/506/450 46/79/46 433/83/433
f 1625/500/1625 1626/502/1626 433/83/433 434/125/434
f 1624/501/1624 1625/500/1625 434/125/434 435/125/435
f 447/489/447 1624/501/1624 435/125/435 48/83/48
f 446/488/446 1621/497/1621 1624/501/1624 447/489/447
f 445/487/445 1618/494/1618 1621/497/1621 446/488/446
f 1627/507/1627 1628/508/1628 1631/509/1631 1630/510/1630
f 1628/508/1628 1629/511/1629 1632/512/1632 1631/509/1631
f 1630/510/1630 1631/509/1631 1634/513/1634 1633/514/1633
f 1631/509/1631 1632/512/1632 1635/515/1635 1634/513/1634
f 20/125/20 273/164/273 1627/507/1627 448/504/448
f 273/164/273 272/163/272 1628/508/1628 1627/507/1627
f 272/163/272 271/162/271 1629/511/1629 1628/508/1628
f 271/162/271 18/81/18 444/82/444 1629/511/1629
f 1629/511/1629 444/82/444 443/81/443 1632/512/1632
f 1632/512/1632 443/81/443 442/475/442 1635/515/1635
f 1635/515/1635 442/475/442 45/474/45 427/473/427
f 1634/513/1634 1635/515/1635 427/473/427 428/472/428
f 1633/514/1633 1634/513/1634 428/472/428 429/161/429
f 450/506/450 1633/514/1633 429/161/429 46/79/46
f 449/505/449 1630/510/1630 1633/514/1633 450/506/450
f 448/504/448 1627/507/1627 1630/510/1630 449/505/449
f 1636/108/1636 1637/109/1637 1640/109/1640 1639/108/1639
f 1637/109/1637 1638/135/1638 1641/135/1641 1640/109/1640
f 1639/108/1639 1640/109/1640 1643/109/1643 1642/108/1642
f 1640/109/1640 1641/135/1641 1644/111/1644 1643/109/1643
f 14/137/14 243/108/243 1636/108/1636 457/136/457
f 243/108/243 242/109/242 1637/109/1637 1636/108/1636
f 242/109/242 241/111/241 1638/135/1638 1637/109/1637
f 241/111/241 16/118/16 279/117/279 1638/135/1638
f 1638/135/1638 279/117/279 278/117/278 1641/135/1641
f 1641/135/1641 278/117/278 277/117/277 1644/111/1644
f 1644/111/1644 277/117/277 50/118/50 463/111/463
f 1643/109/1643 1644/111/1644 463/111/463 464/109/464
f 1642/108/1642 1643/109/1643 464/109/464 465/108/465
f 459/166/459 1642/108/1642 465/108/465 51/165/51
f 458/114/458 1639/108/1639 1642/108/1642 459/166/459
f 457/136/457 1636/108/1636 1639/108/1639 458/114/458
f 1645/75/1645 1646/76/1646 1649/76/1649 1648/75/1648
f 1646/76/1646 1647/77/1647 1650/77/1650 1649/76/1649
f 1648/75/1648 1649/76/1649 1652/76/1652 1651/75/1651
f 1649/76/1649 1650/77/1650 1653/78/1653 1652/76/1652
f 15/83/15 249/106/249 1645/75/1645 451/104/451
f 249/106/249 248/105/248 1646/76/1646 1645/75/1645
f 248/105/248 247/77/247 1647/77/1647 1646/76/1646
f 247/77/247 13/81/13 285/82/285 1647/77/1647
f 1647/77/1647 285/82/285 284/82/284 1650/77/1650
f 1650/77/1650 284/82/284 283/82/283 1653/78/1653
f 1653/78/1653 283/82/283 52/81/52 466/77/466
f 1652/76/1652 1653/78/1653 466/77/466 467/76/467
f 1651/75/1651 1652/76/1652 467/76/467 468/161/468
f 453/107/453 1651/75/1651 468/161/468 49/79/49
f 452/104/452 1648/75/1648 1651/75/1651 453/107/453
f 451/104/451 1645/75/1645 1648/75/1648 452/104/452
f 1654/138/1654 1655/138/1655 1658/138/1658 1657/138/1657
f 1655/138/1655 1656/138/1656 1659/138/1659 1658/138/1658
f 1657/138/1657 1658/138/1658 1661/138/1661 1660/138/1660
f 1658/138/1658 1659/138/1659 1662/138/1662 1661/138/1661
f 13/138/13 240/138/240 1654/138/1654 285/138/285
f 240/138/240 239/138/239 1655/138/1655 1654/138/1654
f 239/138/239 238/138/238 1656/138/1656 1655/138/1655
f 238/138/238 14/138/14 457/138/457 1656/138/1656
f 1656/138/1656 457/138/457 458/138/458 1659/138/1659
f 1659/138/1659 458/138/458 459/138/459 1662/138/1662
f 1662/138/1662 459/138/459 51/138/51 469/138/469
f 1661/138/1661 1662/138/1662 469/138/469 470/138/470
f 1660/138/1660 1661/138/1661 470/138/470 471/138/471
f 283/138/283 1660/138/1660 471/138/471 52/138/52
f 284/138/284 1657/138/1657 1660/138/1660 283/138/283
f 285/138/285 1654/138/1654 1657/138/1657 284/138/284
f 1663/120/1663 1664/121/1664 1667/121/1667 1666/120/1666
f 1664/121/1664 1665/123/1665 1668/123/1668 1667/121/1667
f 1666/120/1666 1667/121/1667 1670/121/1670 1669/120/1669
f 1667/121/1667 1668/123/1668 1671/123/1671 1670/121/1670
f 16/118/16 246/120/246 1663/120/1663 279/117/279
f 246/120/246 245/133/245 1664/121/1664 1663/120/1663
f 245/133/245 244/128/244 1665/123/1665 1664/121/1664
f 244/128/244 15/83/15 451/104/451 1665/123/1665
f 1665/123/1665 451/104/451 452/104/452 1668/123/1668
f 1668/123/1668 452/104/452 453/107/453 1671/123/1671
f 1671/123/1671 453/107/453 49/79/49 472/123/472
f 1670/121/1670 1671/123/1671 472/123/472 473/126/473
f 1669/120/1669 1670/121/1670 473/126/473 474/120/474
f 277/117/277 1669/120/1669 474/120/474 50/118/50
f 278/117/278 1666/120/1666 1669/120/1669 277/117/277
f 279/117/279 1663/120/1663 1666/120/1666 278/117/278
f 1672/516/1672 1673/517/1673 1676/518/1676 1675/519/1675
f 1673/517/1673 1674/520/1674 1677/521/1677 1676/518/1676
f 1675/519/1675 1676/518/1676 1679/522/1679 1678/523/1678
f 1676/518/1676 1677/521/1677 1680/524/1680 1679/522/1679
f 80/525/80 627/100/627 1672/516/1672 615/526/615
f 627/100/627 626/527/626 1673/517/1673 1672/516/1672
f 626/527/626 625/528/625 1674/520/1674 1673/517/1673
f 625/528/625 79/529/79 508/530/508 1674/520/1674
f 1674/520/1674 508/530/508 509/97/509 1677/521/1677
f 1677/521/1677 509/97/509 510/97/510 1680/524/1680
f 1680/524/1680 510/97/510 58/97/58 499/521/499
f 1679/522/1679 1680/524/1680 499/521/499 500/522/500
f 1678/523/1678 1679/522/1679 500/522/500 501/531/501
f 613/525/613 1678/523/1678 501/531/501 59/525/59
f 614/525/614 1675/519/1675 1678/523/1678 613/525/613
f 615/526/615 1672/516/1672 1675/519/1675 614/525/614
f 1681/532/1681 1682/533/1682 1685/534/1685 1684/535/1684
f 1682/533/1682 1683/536/1683 1686/537/1686 1685/534/1685
f 1684/535/1684 1685/534/1685 1688/538/1688 1687/539/1687
f 1685/534/1685 1686/537/1686 1689/540/1689 1688/538/1688
f 6/60/6 204/541/204 1681/532/1681 495/542/495
f 204/541/204 203/276/203 1682/533/1682 1681/532/1681
f 203/276/203 202/275/202 1683/536/1683 1682/533/1682
f 202/275/202 8/44/8 492/94/492 1683/536/1683
f 1683/536/1683 492/94/492 491/103/491 1686/537/1686
f 1686/537/1686 491/103/491 490/101/490 1689/540/1689
f 1689/540/1689 490/101/490 55/102/55 481/543/481
f 1688/538/1688 1689/540/1689 481/543/481 482/544/482
f 1687/539/1687 1688/538/1688 482/544/482 483/545/483
f 493/546/493 1687/539/1687 483/545/483 56/547/56
f 494/548/494 1684/535/1684 1687/539/1687 493/546/493
f 495/542/495 1681/532/1681 1684/535/1684 494/548/494
f 1690/549/1690 1691/550/1691 1694/551/1694 1693/552/1693
f 1691/550/1691 1692/553/1692 1695/554/1695 1694/551/1694
f 1693/552/1693 1694/551/1694 1697/555/1697 1696/556/1696
f 1694/551/1694 1695/554/1695 1698/557/1698 1697/555/1697
f 2/211/2 213/558/213 1690/549/1690 186/559/186
f 213/558/213 212/560/212 1691/550/1691 1690/549/1690
f 212/560/212 211/208/211 1692/553/1692 1691/550/1691
f 211/208/211 6/60/6 495/542/495 1692/553/1692
f 1692/553/1692 495/542/495 494/548/494 1695/554/1695
f 1695/554/1695 494/548/494 493/546/493 1698/557/1698
f 1698/557/1698 493/546/493 56/547/56 484/561/484
f 1697/555/1697 1698/557/1698 484/561/484 485/562/485
f 1696/556/1696 1697/555/1697 485/562/485 486/563/486
f 184/564/184 1696/556/1696 486/563/486 53/565/53
f 185/559/185 1693/552/1693 1696/556/1696 184/564/184
f 186/559/186 1690/549/1690 1693/552/1693 185/559/185
f 1699/566/1699 1700/567/1700 1703/567/1703 1702/566/1702
f 1700/567/1700 1701/568/1701 1704/568/1704 1703/567/1703
f 1702/566/1702 1703/567/1703 1706/569/1706 1705/570/1705
f 1703/567/1703 1704/568/1704 1707/571/1707 1706/569/1706
f 60/572/60 504/573/504 1699/566/1699 555/574/555
f 504/573/504 503/567/503 1700/567/1700 1699/566/1699
f 503/567/503 502/575/502 1701/568/1701 1700/567/1700
f 502/575/502 59/525/59 550/525/550 1701/568/1701
f 1701/568/1701 550/525/550 551/102/551 1704/568/1704
f 1704/568/1704 551/102/551 552/525/552 1707/571/1707
f 1707/571/1707 552/525/552 67/243/67 544/571/544
f 1706/569/1706 1707/571/1707 544/571/544 545/569/545
f 1705/570/1705 1706/569/1706 545/569/545 546/570/546
f 553/574/553 1705/570/1705 546/570/546 68/576/68
f 554/574/554 1702/566/1702 1705/570/1705 553/574/553
f 555/574/555 1699/566/1699 1702/566/1702 554/574/554
f 1708/577/1708 1709/578/1709 1712/579/1712 1711/580/1711
f 1709/578/1709 1710/581/1710 1713/582/1713 1712/579/1712
f 1711/580/1711 1712/579/1712 1715/583/1715 1714/584/1714
f 1712/579/1712 1713/582/1713 1716/585/1716 1715/583/1715
f 81/586/81 624/587/624 1708/577/1708 618/588/618
f 624/587/624 623/544/623 1709/578/1709 1708/577/1708
f 623/544/623 622/589/622 1710/581/1710 1709/578/1709
f 622/589/622 80/525/80 615/526/615 1710/581/1710
f 1710/581/1710 615/526/615 614/525/614 1713/582/1713
f 1713/582/1713 614/525/614 613/525/613 1716/585/1716
f 1716/585/1716 613/525/613 59/525/59 502/575/502
f 1715/583/1715 1716/585/1716 502/575/502 503/567/503
f 1714/584/1714 1715/583/1715 503/567/503 504/573/504
f 616/590/616 1714/584/1714 504/573/504 60/576/60
f 617/591/617 1711/580/1711 1714/584/1714 616/590/616
f 618/588/618 1708/577/1708 1711/580/1711 617/591/617
f 1717/592/1717 1718/593/1718 1721/594/1721 1720/595/1720
f 1718/593/1718 1719/596/1719 1722/597/1722 1721/594/1721
f 1720/595/1720 1721/594/1721 1724/598/1724 1723/599/1723
f 1721/594/1721 1722/597/1722 1725/600/1725 1724/598/1724
f 65/564/65 621/601/621 1717/592/1717 609/559/609
f 621/601/621 620/602/620 1718/593/1718 1717/592/1717
f 620/602/620 619/603/619 1719/596/1719 1718/593/1718
f 619/603/619 81/586/81 618/588/618 1719/596/1719
f 1719/596/1719 618/588/618 617/591/617 1722/597/1722
f 1722/597/1722 617/591/617 616/590/616 1725/600/1725
f 1725/600/1725 616/590/616 60/576/60 505/604/505
f 1724/598/1724 1725/600/1725 505/604/505 506/605/506
f 1723/599/1723 1724/598/1724 506/605/506 507/606/507
f 607/559/607 1723/599/1723 507/606/507 57/211/57
f 608/559/608 1720/595/1720 1723/599/1723 607/559/607
f 609/559/609 1717/592/1717 1720/595/1720 608/559/608
f 1726/607/1726 1727/608/1727 1730/609/1730 1729/610/1729
f 1727/608/1727 1728/611/1728 1731/612/1731 1730/609/1730
f 1729/610/1729 1730/609/1730 1733/613/1733 1732/614/1732
f 1730/609/1730 1731/612/1731 1734/615/1734 1733/613/1733
f 7/118/7 201/616/201 1726/607/1726 523/117/523
f 201/616/201 200/617/200 1727/608/1727 1726/607/1726
f 200/617/200 199/618/199 1728/611/1728 1727/608/1727
f 199/618/199 5/619/5 231/620/231 1728/611/1728
f 1728/611/1728 231/620/231 230/621/230 1731/612/1731
f 1731/612/1731 230/621/230 229/622/229 1734/615/1734
f 1734/615/1734 229/622/229 62/124/62 529/123/529
f 1733/613/1733 1734/615/1734 529/123/529 530/121/530
f 1732/614/1732 1733/613/1733 530/121/530 531/120/531
f 525/623/525 1732/614/1732 531/120/531 63/117/63
f 524/129/524 1729/610/1729 1732/614/1732 525/623/525
f 523/117/523 1726/607/1726 1729/610/1729 524/129/524
f 1735/108/1735 1736/109/1736 1739/109/1739 1738/108/1738
f 1736/109/1736 1737/135/1737 1740/110/1740 1739/109/1739
f 1738/108/1738 1739/109/1739 1742/109/1742 1741/108/1741
f 1739/109/1739 1740/110/1740 1743/624/1743 1742/109/1742
f 3/112/3 192/108/192 1735/108/1735 237/114/237
f 192/108/192 191/109/191 1736/109/1736 1735/108/1735
f 191/109/191 190/111/190 1737/135/1737 1736/109/1736
f 190/111/190 7/129/7 523/117/523 1737/135/1737
f 1737/135/1737 523/117/523 524/129/524 1740/110/1740
f 1740/110/1740 524/129/524 525/623/525 1743/624/1743
f 1743/624/1743 525/623/525 63/625/63 532/116/532
f 1742/109/1742 1743/624/1743 532/116/532 533/115/533
f 1741/108/1741 1742/109/1742 533/115/533 534/113/534
f 235/114/235 1741/108/1741 534/113/534 64/112/64
f 236/114/236 1738/108/1738 1741/108/1741 235/114/235
f 237/114/237 1735/108/1735 1738/108/1738 236/114/236
f 1744/626/1744 1745/627/1745 1748/628/1748 1747/629/1747
f 1745/627/1745 1746/630/1746 1749/631/1749 1748/628/1748
f 1747/629/1747 1748/628/1748 1751/632/1751 1750/633/1750
f 1748/628/1748 1749/631/1749 1752/634/1752 1751/632/1751
f 5/619/5 210/12/210 1744/626/1744 231/620/231
f 210/12/210 209/635/209 1745/627/1745 1744/626/1744
f 209/635/209 208/23/208 1746/630/1746 1745/627/1745
f 208/23/208 1/24/1 517/82/517 1746/630/1746
f 1746/630/1746 517/82/517 518/82/518 1749/631/1749
f 1749/631/1749 518/82/518 519/82/519 1752/634/1752
f 1752/634/1752 519/82/519 61/81/61 535/77/535
f 1751/632/1751 1752/634/1752 535/77/535 536/76/536
f 1750/633/1750 1751/632/1751 536/76/536 537/80/537
f 229/622/229 1750/633/1750 537/80/537 62/124/62
f 230/621/230 1747/629/1747 1750/633/1750 229/622/229
f 231/620/231 1744/626/1744 1747/629/1747 230/621/230
f 1753/636/1753 1754/637/1754 1757/638/1757 1756/636/1756
f 1754/637/1754 1755/639/1755 1758/640/1758 1757/638/1757
f 1756/636/1756 1757/638/1757 1760/641/1760 1759/636/1759
f 1757/638/1757 1758/640/1758 1761/642/1761 1760/641/1760
f 72/643/72 568/644/568 1753/636/1753 606/645/606
f 568/644/568 569/646/569 1754/637/1754 1753/636/1753
f 569/646/569 570/640/570 1755/639/1755 1754/637/1754
f 570/640/570 69/647/69 574/647/574 1755/639/1755
f 1755/639/1755 574/647/574 575/648/575 1758/640/1758
f 1758/640/1758 575/648/575 576/649/576 1761/642/1761
f 1761/642/1761 576/649/576 78/650/78 594/651/594
f 1760/641/1760 1761/642/1761 594/651/594 593/638/593
f 1759/636/1759 1760/641/1760 593/638/593 592/636/592
f 604/645/604 1759/636/1759 592/636/592 77/574/77
f 605/645/605 1756/636/1756 1759/636/1759 604/645/604
f 606/645/606 1753/636/1753 1756/636/1756 605/645/605
f 1762/652/1762 1763/653/1763 1766/654/1766 1765/655/1765
f 1763/653/1763 1764/656/1764 1767/657/1767 1766/654/1766
f 1765/655/1765 1766/654/1766 1769/658/1769 1768/659/1768
f 1766/654/1766 1767/657/1767 1770/660/1770 1769/658/1769
f 60/576/60 555/574/555 1762/652/1762 603/661/603
f 555/574/555 554/574/554 1763/653/1763 1762/652/1762
f 554/574/554 553/574/553 1764/656/1764 1763/653/1763
f 553/574/553 68/576/68 547/662/547 1764/656/1764
f 1764/656/1764 547/662/547 548/663/548 1767/657/1767
f 1767/657/1767 548/663/548 549/664/549 1770/660/1770
f 1770/660/1770 549/664/549 76/665/76 589/666/589
f 1769/658/1769 1770/660/1770 589/666/589 590/667/590
f 1768/659/1768 1769/658/1769 590/667/590 591/668/591
f 601/669/601 1768/659/1768 591/668/591 75/603/75
f 602/670/602 1765/655/1765 1768/659/1768 601/669/601
f 603/661/603 1762/652/1762 1765/655/1765 602/670/602
f 1771/519/1771 1772/522/1772 1775/518/1775 1774/519/1774
f 1772/522/1772 1773/521/1773 1776/521/1776 1775/518/1775
f 1774/519/1774 1775/518/1775 1778/518/1778 1777/519/1777
f 1775/518/1775 1776/521/1776 1779/524/1779 1778/518/1778
f 59/525/59 501/531/501 1771/519/1771 550/525/550
f 501/531/501 500/522/500 1772/522/1772 1771/519/1771
f 500/522/500 499/521/499 1773/521/1773 1772/522/1772
f 499/521/499 58/97/58 556/97/556 1773/521/1773
f 1773/521/1773 556/97/556 557/97/557 1776/521/1776
f 1776/521/1776 557/97/557 558/97/558 1779/524/1779
f 1779/524/1779 558/97/558 66/97/66 541/521/541
f 1778/518/1778 1779/524/1779 541/521/541 542/518/542
f 1777/519/1777 1778/518/1778 542/518/542 543/519/543
f 552/525/552 1777/519/1777 543/519/543 67/243/67
f 551/102/551 1774/519/1774 1777/519/1777 552/525/552
f 550/525/550 1771/519/1771 1774/519/1774 551/102/551
f 1780/671/1780 1781/672/1781 1784/673/1784 1783/674/1783
f 1781/672/1781 1782/675/1782 1785/676/1785 1784/673/1784
f 1783/674/1783 1784/673/1784 1787/677/1787 1786/678/1786
f 1784/673/1784 1785/676/1785 1788/679/1788 1787/677/1787
f 71/102/71 564/680/564 1780/671/1780 565/571/565
f 564/680/564 563/681/563 1781/672/1781 1780/671/1780
f 563/681/563 562/682/562 1782/675/1782 1781/672/1781
f 562/682/562 70/683/70 561/684/561 1782/675/1782
f 1782/675/1782 561/684/561 560/685/560 1785/676/1785
f 1785/676/1785 560/685/560 559/686/559 1788/679/1788
f 1788/679/1788 559/686/559 69/647/69 570/640/570
f 1787/677/1787 1788/679/1788 570/640/570 569/646/569
f 1786/678/1786 1787/677/1787 569/646/569 568/644/568
f 567/570/567 1786/678/1786 568/644/568 72/643/72
f 566/567/566 1783/674/1783 1786/678/1786 567/570/567
f 565/571/565 1780/671/1780 1783/674/1783 566/567/566
f 1789/687/1789 1790/688/1790 1793/689/1793 1792/690/1792
f 1790/688/1790 1791/691/1791 1794/692/1794 1793/689/1793
f 1792/690/1792 1793/689/1793 1796/693/1796 1795/694/1795
f 1793/689/1793 1794/692/1794 1797/691/1797 1796/693/1796
f 67/525/67 543/519/543 1789/687/1789 582/525/582
f 543/519/543 542/518/542 1790/688/1790 1789/687/1789
f 542/518/542 541/521/541 1791/691/1791 1790/688/1790
f 541/521/541 66/40/66 577/695/577 1791/691/1791
f 1791/691/1791 577/695/577 578/696/578 1794/692/1794
f 1794/692/1794 578/696/578 579/697/579 1797/691/1797
f 1797/691/1797 579/697/579 70/40/70 562/521/562
f 1796/693/1796 1797/691/1797 562/521/562 563/518/563
f 1795/694/1795 1796/693/1796 563/518/563 564/519/564
f 580/102/580 1795/694/1795 564/519/564 71/102/71
f 581/525/581 1792/690/1792 1795/694/1795 580/102/580
f 582/525/582 1789/687/1789 1792/690/1792 581/525/581
f 1798/570/1798 1799/569/1799 1802/569/1802 1801/570/1801
f 1799/569/1799 1800/571/1800 1803/571/1803 1802/569/1802
f 1801/570/1801 1802/569/1802 1805/569/1805 1804/698/1804
f 1802/569/1802 1803/571/1803 1806/571/1806 1805/569/1805
f 68/576/68 546/570/546 1798/570/1798 571/574/571
f 546/570/546 545/569/545 1799/569/1799 1798/570/1798
f 545/569/545 544/571/544 1800/571/1800 1799/569/1799
f 544/571/544 67/243/67 582/525/582 1800/571/1800
f 1800/571/1800 582/525/582 581/525/581 1803/571/1803
f 1803/571/1803 581/525/581 580/102/580 1806/571/1806
f 1806/571/1806 580/102/580 71/102/71 565/571/565
f 1805/569/1805 1806/571/1806 565/571/565 566/699/566
f 1804/698/1804 1805/569/1805 566/699/566 567/570/567
f 573/645/573 1804/698/1804 567/570/567 72/643/72
f 572/574/572 1801/570/1801 1804/698/1804 573/645/573
f 571/574/571 1798/570/1798 1801/570/1801 572/574/572
f 1807/700/1807 1808/562/1808 1811/602/1811 1810/701/1810
f 1808/562/1808 1809/603/1809 1812/702/1812 1811/602/1811
f 1810/701/1810 1811/602/1811 1814/602/1814 1813/703/1813
f 1811/602/1811 1812/702/1812 1815/704/1815 1814/602/1814
f 73/559/73 588/601/588 1807/700/1807 600/559/600
f 588/601/588 587/705/587 1808/562/1808 1807/700/1807
f 587/705/587 586/706/586 1809/603/1809 1808/562/1808
f 586/706/586 76/707/76 595/708/595 1809/603/1809
f 1809/603/1809 595/708/595 596/645/596 1812/702/1812
f 1812/702/1812 596/645/596 597/645/597 1815/704/1815
f 1815/704/1815 597/645/597 77/574/77 592/603/592
f 1814/602/1814 1815/704/1815 592/603/592 593/602/593
f 1813/703/1813 1814/602/1814 593/602/593 594/703/594
f 598/709/598 1813/703/1813 594/703/594 78/564/78
f 599/559/599 1810/701/1810 1813/703/1813 598/709/598
f 600/559/600 1807/700/1807 1810/701/1810 599/559/599
f 1816/710/1816 1817/711/1817 1820/712/1820 1819/713/1819
f 1817/711/1817 1818/714/1818 1821/715/1821 1820/712/1820
f 1819/713/1819 1820/712/1820 1823/716/1823 1822/717/1822
f 1820/712/1820 1821/715/1821 1824/718/1824 1823/716/1823
f 74/211/74 585/719/585 1816/710/1816 540/559/540
f 585/719/585 584/720/584 1817/711/1817 1816/710/1816
f 584/720/584 583/721/583 1818/714/1818 1817/711/1817
f 583/721/583 75/603/75 591/668/591 1818/714/1818
f 1818/714/1818 591/668/591 590/722/590 1821/715/1821
f 1821/715/1821 590/722/590 589/666/589 1824/718/1824
f 1824/718/1824 589/666/589 76/665/76 586/706/586
f 1823/716/1823 1824/718/1824 586/706/586 587/705/587
f 1822/717/1822 1823/716/1823 587/705/587 588/601/588
f 538/559/538 1822/717/1822 588/601/588 73/559/73
f 539/559/539 1819/713/1819 1822/717/1822 538/559/538
f 540/559/540 1816/710/1816 1819/713/1819 539/559/539
f 1825/723/1825 1826/645/1826 1829/645/1829 1828/724/1828
f 1826/645/1826 1827/725/1827 1830/645/1830 1829/645/1829
f 1828/724/1828 1829/645/1829 1832/645/1832 1831/726/1831
f 1829/645/1829 1830/645/1830 1833/645/1833 1832/645/1832
f 68/576/68 571/574/571 1825/723/1825 547/662/547
f 571/574/571 572/574/572 1826/645/1826 1825/723/1825
f 572/574/572 573/645/573 1827/725/1827 1826/645/1826
f 573/645/573 72/643/72 606/645/606 1827/725/1827
f 1827/725/1827 606/645/606 605/645/605 1830/645/1830
f 1830/645/1830 605/645/605 604/645/604 1833/645/1833
f 1833/645/1833 604/645/604 77/574/77 597/645/597
f 1832/645/1832 1833/645/1833 597/645/597 596/645/596
f 1831/726/1831 1832/645/1832 596/645/596 595/708/595
f 549/664/549 1831/726/1831 595/708/595 76/665/76
f 548/663/548 1828/724/1828 1831/726/1831 549/664/549
f 547/662/547 1825/723/1825 1828/724/1828 548/663/548
f 1834/727/1834 1835/728/1835 1838/729/1838 1837/730/1837
f 1835/728/1835 1836/731/1836 1839/732/1839 1838/729/1838
f 1837/730/1837 1838/729/1838 1841/733/1841 1840/734/1840
f 1838/729/1838 1839/732/1839 1842/735/1842 1841/733/1841
f 57/211/57 507/606/507 1834/727/1834 498/559/498
f 507/606/507 506/605/506 1835/728/1835 1834/727/1834
f 506/605/506 505/604/505 1836/731/1836 1835/728/1835
f 505/604/505 60/576/60 603/661/603 1836/731/1836
f 1836/731/1836 603/661/603 602/670/602 1839/732/1839
f 1839/732/1839 602/670/602 601/669/601 1842/735/1842
f 1842/735/1842 601/669/601 75/603/75 583/721/583
f 1841/733/1841 1842/735/1842 583/721/583 584/720/584
f 1840/734/1840 1841/733/1841 584/720/584 585/719/585
f 496/559/496 1840/734/1840 585/719/585 74/211/74
f 497/559/497 1837/730/1837 1840/734/1840 496/559/496
f 498/559/498 1834/727/1834 1837/730/1837 497/559/497
f 1843/700/1843 1844/736/1844 1847/736/1847 1846/700/1846
f 1844/736/1844 1845/737/1845 1848/737/1848 1847/736/1847
f 1846/700/1846 1847/736/1847 1850/562/1850 1849/700/1849
f 1847/736/1847 1848/737/1848 1851/704/1851 1850/562/1850
f 53/565/53 486/563/486 1843/700/1843 477/559/477
f 486/563/486 485/562/485 1844/736/1844 1843/700/1843
f 485/562/485 484/561/484 1845/737/1845 1844/736/1844
f 484/561/484 56/574/56 516/645/516 1845/737/1845
f 1845/737/1845 516/645/516 515/645/515 1848/737/1848
f 1848/737/1848 515/645/515 514/645/514 1851/704/1851
f 1851/704/1851 514/645/514 81/643/81 619/603/619
f 1850/562/1850 1851/704/1851 619/603/619 620/602/620
f 1849/700/1849 1850/562/1850 620/602/620 621/601/621
f 475/559/475 1849/700/1849 621/601/621 65/564/65
f 476/559/476 1846/700/1846 1849/700/1849 475/559/475
f 477/559/477 1843/700/1843 1846/700/1846 476/559/476
f 1852/738/1852 1853/739/1853 1856/699/1856 1855/570/1855
f 1853/739/1853 1854/740/1854 1857/571/1857 1856/699/1856
f 1855/570/1855 1856/699/1856 1859/741/1859 1858/742/1858
f 1856/699/1856 1857/571/1857 1860/743/1860 1859/741/1859
f 56/547/56 483/545/483 1852/738/1852 516/645/516
f 483/545/483 482/544/482 1853/739/1853 1852/738/1852
f 482/544/482 481/543/481 1854/740/1854 1853/739/1853
f 481/543/481 55/102/55 513/526/513 1854/740/1854
f 1854/740/1854 513/526/513 512/102/512 1857/571/1857
f 1857/571/1857 512/102/512 511/526/511 1860/743/1860
f 1860/743/1860 511/526/511 80/525/80 622/589/622
f 1859/741/1859 1860/743/1860 622/589/622 623/544/623
f 1858/742/1858 1859/741/1859 623/544/623 624/587/624
f 514/645/514 1858/742/1858 624/587/624 81/586/81
f 515/645/515 1855/570/1855 1858/742/1858 514/645/514
f 516/645/516 1852/738/1852 1855/570/1855 515/645/515
f 1861/744/1861 1862/745/1862 1865/689/1865 1864/746/1864
f 1862/745/1862 1863/747/1863 1866/692/1866 1865/689/1865
f 1864/746/1864 1865/689/1865 1868/745/1868 1867/748/1867
f 1865/689/1865 1866/692/1866 1869/749/1869 1868/745/1868
f 55/102/55 480/100/480 1861/744/1861 513/526/513
f 480/100/480 479/99/479 1862/745/1862 1861/744/1861
f 479/99/479 478/98/478 1863/747/1863 1862/745/1862
f 478/98/478 54/40/54 610/695/610 1863/747/1863
f 1863/747/1863 610/695/610 611/696/611 1866/692/1866
f 1866/692/1866 611/696/611 612/695/612 1869/749/1869
f 1869/749/1869 612/695/612 79/529/79 625/528/625
f 1868/745/1868 1869/749/1869 625/528/625 626/527/626
f 1867/748/1867 1868/745/1868 626/527/626 627/100/627
f 511/526/511 1867/748/1867 627/100/627 80/525/80
f 512/102/512 1864/746/1864 1867/748/1867 511/526/511
f 513/526/513 1861/744/1861 1864/746/1864 512/102/512
f 1870/750/1870 1871/406/1871 1874/406/1874 1873/751/1873
f 1871/406/1871 1872/752/1872 1875/753/1875 1874/406/1874
f 1873/751/1873 1874/406/1874 1877/333/1877 1876/750/1876
f 1874/406/1874 1875/753/1875 1878/754/1878 1877/333/1877
f 83/755/83 630/756/630 1870/750/1870 634/757/634
f 630/756/630 629/406/629 1871/406/1871 1870/750/1870
f 629/406/629 628/758/628 1872/752/1872 1871/406/1871
f 628/758/628 82/364/82 639/759/639 1872/752/1872
f 1872/752/1872 639/759/639 638/363/638 1875/753/1875
f 1875/753/1875 638/363/638 637/362/637 1878/754/1878
f 1878/754/1878 637/362/637 84/334/84 631/760/631
f 1877/333/1877 1878/754/1878 631/760/631 632/406/632
f 1876/750/1876 1877/333/1877 632/406/632 633/756/633
f 636/761/636 1876/750/1876 633/756/633 85/755/85
f 635/762/635 1873/751/1873 1876/750/1876 636/761/636
f 634/757/634 1870/750/1870 1873/751/1873 635/762/635
f 1879/763/1879 1880/764/1880 1883/765/1883 1882/766/1882
f 1880/764/1880 1881/767/1881 1884/768/1884 1883/765/1883
f 1882/766/1882 1883/765/1883 1886/765/1886 1885/769/1885
f 1883/765/1883 1884/768/1884 1887/770/1887 1886/765/1886
f 35/259/35 358/347/358 1879/763/1879 640/359/640
f 358/347/358 359/333/359 1880/764/1880 1879/763/1879
f 359/333/359 360/348/360 1881/767/1881 1880/764/1880
f 360/348/360 36/296/36 646/771/646 1881/767/1881
f 1881/767/1881 646/771/646 647/772/647 1884/768/1884
f 1884/768/1884 647/772/647 648/773/648 1887/770/1887
f 1887/770/1887 648/773/648 85/755/85 633/774/633
f 1886/765/1886 1887/770/1887 633/774/633 632/765/632
f 1885/769/1885 1886/765/1886 632/765/632 631/760/631
f 642/361/642 1885/769/1885 631/760/631 84/334/84
f 641/360/641 1882/766/1882 1885/769/1885 642/361/642
f 640/359/640 1879/763/1879 1882/766/1882 641/360/641
f 1888/775/1888 1889/776/1889 1892/777/1892 1891/778/1891
f 1889/776/1889 1890/779/1890 1893/780/1893 1892/777/1892
f 1891/778/1891 1892/777/1892 1895/781/1895 1894/782/1894
f 1892/777/1892 1893/780/1893 1896/782/1896 1895/781/1895
f 36/296/36 363/297/363 1888/775/1888 646/771/646
f 363/297/363 362/298/362 1889/776/1889 1888/775/1888
f 362/298/362 361/297/361 1890/779/1890 1889/776/1889
f 361/297/361 34/296/34 649/771/649 1890/779/1890
f 1890/779/1890 649/771/649 650/783/650 1893/780/1893
f 1893/780/1893 650/783/650 651/773/651 1896/782/1896
f 1896/782/1896 651/773/651 83/755/83 634/761/634
f 1895/781/1895 1896/782/1896 634/761/634 635/762/635
f 1894/782/1894 1895/781/1895 635/762/635 636/757/636
f 648/773/648 1894/782/1894 636/757/636 85/755/85
f 647/772/647 1891/778/1891 1894/782/1894 648/773/648
f 646/771/646 1888/775/1888 1891/778/1891 647/772/647
f 1897/784/1897 1898/785/1898 1901/406/1901 1900/786/1900
f 1898/785/1898 1899/763/1899 1902/766/1902 1901/406/1901
f 1900/786/1900 1901/406/1901 1904/406/1904 1903/787/1903
f 1901/406/1901 1902/766/1902 1905/769/1905 1904/406/1904
f 34/296/34 357/348/357 1897/784/1897 649/771/649
f 357/348/357 356/333/356 1898/785/1898 1897/784/1897
f 356/333/356 355/347/355 1899/763/1899 1898/785/1898
f 355/347/355 33/259/33 645/359/645 1899/763/1899
f 1899/763/1899 645/359/645 644/365/644 1902/766/1902
f 1902/766/1902 644/365/644 643/361/643 1905/769/1905
f 1905/769/1905 643/361/643 82/364/82 628/758/628
f 1904/406/1904 1905/769/1905 628/758/628 629/406/629
f 1903/787/1903 1904/406/1904 629/406/629 630/756/630
f 651/773/651 1903/787/1903 630/756/630 83/755/83
f 650/783/650 1900/786/1900 1903/787/1903 651/773/651
f 649/771/649 1897/784/1897 1900/786/1900 650/783/650
f 1906/788/1906 1907/789/1907 1910/790/1910 1909/791/1909
f 1907/789/1907 1908/792/1908 1911/793/1911 1910/790/1910
f 1909/791/1909 1910/790/1910 1913/794/1913 1912/795/1912
f 1910/790/1910 1911/793/1911 1914/792/1914 1913/794/1913
f 31/259/31 334/350/334 1906/788/1906 661/260/661
f 334/350/334 335/336/335 1907/789/1907 1906/788/1906
f 335/336/335 336/349/336 1908/792/1908 1907/789/1907
f 336/349/336 32/321/32 372/796/372 1908/792/1908
f 1908/792/1908 372/796/372 371/797/371 1911/793/1911
f 1911/793/1911 371/797/371 370/798/370 1914/792/1914
f 1914/792/1914 370/798/370 87/288/87 664/387/664
f 1913/794/1913 1914/792/1914 664/387/664 665/386/665
f 1912/795/1912 1913/794/1913 665/386/665 666/350/666
f 663/260/663 1912/795/1912 666/350/666 89/259/89
f 662/259/662 1909/791/1909 1912/795/1912 663/260/663
f 661/260/661 1906/788/1906 1909/791/1909 662/259/662
f 1915/372/1915 1916/373/1916 1919/374/1919 1918/375/1918
f 1916/373/1916 1917/263/1917 1920/261/1920 1919/374/1919
f 1918/375/1918 1919/374/1919 1922/379/1922 1921/261/1921
f 1919/374/1919 1920/261/1920 1923/261/1923 1922/379/1922
f 29/259/29 342/378/342 1915/372/1915 658/259/658
f 342/378/342 341/379/341 1916/373/1916 1915/372/1915
f 341/379/341 340/378/340 1917/263/1917 1916/373/1916
f 340/378/340 31/259/31 661/259/661 1917/263/1917
f 1917/263/1917 661/259/661 662/381/662 1920/261/1920
f 1920/261/1920 662/381/662 663/259/663 1923/261/1923
f 1923/261/1923 663/259/663 89/259/89 667/378/667
f 1922/379/1922 1923/261/1923 667/378/667 668/379/668
f 1921/261/1921 1922/379/1922 668/379/668 669/378/669
f 660/259/660 1921/261/1921 669/378/669 88/377/88
f 659/381/659 1918/375/1918 1921/261/1921 660/259/660
f 658/259/658 1915/372/1915 1918/375/1918 659/381/659
f 1924/792/1924 1925/799/1925 1928/790/1928 1927/800/1927
f 1925/799/1925 1926/801/1926 1929/802/1929 1928/790/1928
f 1927/800/1927 1928/790/1928 1931/799/1931 1930/803/1930
f 1928/790/1928 1929/802/1929 1932/801/1932 1931/799/1931
f 30/316/30 333/337/333 1924/792/1924 652/804/652
f 333/337/333 332/336/332 1925/799/1925 1924/792/1924
f 332/336/332 331/335/331 1926/801/1926 1925/799/1925
f 331/335/331 29/259/29 658/381/658 1926/801/1926
f 1926/801/1926 658/381/658 659/259/659 1929/802/1929
f 1929/802/1929 659/259/659 660/260/660 1932/801/1932
f 1932/801/1932 660/260/660 88/259/88 670/335/670
f 1931/799/1931 1932/801/1932 670/335/670 671/336/671
f 1930/803/1930 1931/799/1931 671/336/671 672/337/672
f 654/805/654 1930/803/1930 672/337/672 86/293/86
f 653/806/653 1927/800/1927 1930/803/1930 654/805/654
f 652/804/652 1924/792/1924 1927/800/1927 653/806/653
f 1933/807/1933 1934/808/1934 1937/809/1937 1936/810/1936
f 1934/808/1934 1935/811/1935 1938/810/1938 1937/809/1937
f 1936/810/1936 1937/809/1937 1940/812/1940 1939/813/1939
f 1937/809/1937 1938/810/1938 1941/813/1941 1940/812/1940
f 86/293/86 673/289/673 1933/807/1933 693/814/693
f 673/289/673 674/291/674 1934/808/1934 1933/807/1933
f 674/291/674 675/317/675 1935/811/1935 1934/808/1934
f 675/317/675 87/288/87 688/814/688 1935/811/1935
f 1935/811/1935 688/814/688 689/815/689 1938/810/1938
f 1938/810/1938 689/815/689 690/816/690 1941/813/1941
f 1941/813/1941 690/816/690 92/817/92 687/411/687
f 1940/812/1940 1941/813/1941 687/411/687 686/817/686
f 1939/813/1939 1940/812/1940 686/817/686 685/411/685
f 691/816/691 1939/813/1939 685/411/685 93/817/93
f 692/815/692 1936/810/1936 1939/813/1939 691/816/691
f 693/814/693 1933/807/1933 1936/810/1936 692/815/692
f 1942/818/1942 1943/819/1943 1946/820/1946 1945/821/1945
f 1943/819/1943 1944/822/1944 1947/823/1947 1946/820/1946
f 1945/821/1945 1946/820/1946 1949/823/1949 1948/823/1948
f 1946/820/1946 1947/823/1947 1950/817/1950 1949/823/1949
f 90/817/90 682/411/682 1942/818/1942 717/819/717
f 682/411/682 683/817/683 1943/819/1943 1942/818/1942
f 683/817/683 684/411/684 1944/822/1944 1943/819/1943
f 684/411/684 93/817/93 712/819/712 1944/822/1944
f 1944/822/1944 712/819/712 713/817/713 1947/823/1947
f 1947/823/1947 713/817/713 714/817/714 1950/817/1950
f 1950/817/1950 714/817/714 97/822/97 708/817/708
f 1949/823/1949 1950/817/1950 708/817/708 707/817/707
f 1948/823/1948 1949/823/1949 707/817/707 706/817/706
f 715/817/715 1948/823/1948 706/817/706 94/822/94
f 716/817/716 1945/821/1945 1948/823/1948 715/817/715
f 717/819/717 1942/818/1942 1945/821/1945 716/817/716
f 1951/824/1951 1952/808/1952 1955/809/1955 1954/810/1954
f 1952/808/1952 1953/811/1953 1956/810/1956 1955/809/1955
f 1954/810/1954 1955/809/1955 1958/812/1958 1957/813/1957
f 1955/809/1955 1956/810/1956 1959/813/1959 1958/812/1958
f 32/321/32 339/319/339 1951/824/1951 699/825/699
f 339/319/339 338/318/338 1952/808/1952 1951/824/1951
f 338/318/338 337/317/337 1953/811/1953 1952/808/1952
f 337/317/337 30/316/30 694/814/694 1953/811/1953
f 1953/811/1953 694/814/694 695/815/695 1956/810/1956
f 1956/810/1956 695/815/695 696/816/696 1959/813/1959
f 1959/813/1959 696/816/696 90/817/90 676/411/676
f 1958/812/1958 1959/813/1959 676/411/676 677/817/677
f 1957/813/1957 1958/812/1958 677/817/677 678/411/678
f 697/816/697 1957/813/1957 678/411/678 91/817/91
f 698/815/698 1954/810/1954 1957/813/1957 697/816/697
f 699/825/699 1951/824/1951 1954/810/1954 698/815/698
f 1960/826/1960 1961/827/1961 1964/828/1964 1963/829/1963
f 1961/827/1961 1962/830/1962 1965/829/1965 1964/828/1964
f 1963/829/1963 1964/828/1964 1967/831/1967 1966/832/1966
f 1964/828/1964 1965/829/1965 1968/832/1968 1967/831/1967
f 87/288/87 370/833/370 1960/826/1960 688/814/688
f 370/833/370 371/797/371 1961/827/1961 1960/826/1960
f 371/797/371 372/834/372 1962/830/1962 1961/827/1961
f 372/834/372 32/321/32 699/825/699 1962/830/1962
f 1962/830/1962 699/825/699 698/815/698 1965/829/1965
f 1965/829/1965 698/815/698 697/816/697 1968/832/1968
f 1968/832/1968 697/816/697 91/817/91 681/835/681
f 1967/831/1967 1968/832/1968 681/835/681 680/817/680
f 1966/832/1966 1967/831/1967 680/817/680 679/411/679
f 690/816/690 1966/832/1966 679/411/679 92/817/92
f 689/815/689 1963/829/1963 1966/832/1966 690/816/690
f 688/814/688 1960/826/1960 1963/829/1963 689/815/689
f 1969/826/1969 1970/827/1970 1973/828/1973 1972/829/1972
f 1970/827/1970 1971/830/1971 1974/829/1974 1973/828/1973
f 1972/829/1972 1973/828/1973 1976/831/1976 1975/832/1975
f 1973/828/1973 1974/829/1974 1977/832/1977 1976/831/1976
f 30/316/30 652/836/652 1969/826/1969 694/814/694
f 652/836/652 653/797/653 1970/827/1970 1969/826/1969
f 653/797/653 654/805/654 1971/830/1971 1970/827/1970
f 654/805/654 86/293/86 693/814/693 1971/830/1971
f 1971/830/1971 693/814/693 692/815/692 1974/829/1974
f 1974/829/1974 692/815/692 691/816/691 1977/832/1977
f 1977/832/1977 691/816/691 93/817/93 684/411/684
f 1976/831/1976 1977/832/1977 684/411/684 683/817/683
f 1975/832/1975 1976/831/1976 683/817/683 682/411/682
f 696/816/696 1975/832/1975 682/411/682 90/817/90
f 695/815/695 1972/829/1972 1975/832/1975 696/816/696
f 694/814/694 1969/826/1969 1972/829/1972 695/815/695
f 1978/817/1978 1979/817/1979 1982/414/1982 1981/817/1981
f 1979/817/1979 1980/823/1980 1983/823/1983 1982/414/1982
f 1981/817/1981 1982/414/1982 1985/823/1985 1984/823/1984
f 1982/414/1982 1983/823/1983 1986/817/1986 1985/823/1985
f 95/822/95 702/817/702 1978/817/1978 705/817/705
f 702/817/702 701/817/701 1979/817/1979 1978/817/1978
f 701/817/701 700/817/700 1980/823/1980 1979/817/1979
f 700/817/700 94/822/94 706/817/706 1980/823/1980
f 1980/823/1980 706/817/706 707/817/707 1983/823/1983
f 1983/823/1983 707/817/707 708/817/708 1986/817/1986
f 1986/817/1986 708/817/708 97/822/97 709/817/709
f 1985/823/1985 1986/817/1986 709/817/709 710/817/710
f 1984/823/1984 1985/823/1985 710/817/710 711/817/711
f 703/817/703 1984/823/1984 711/817/711 96/822/96
f 704/817/704 1981/817/1981 1984/823/1984 703/817/703
f 705/817/705 1978/817/1978 1981/817/1981 704/817/704
f 1987/822/1987 1988/819/1988 1991/820/1991 1990/822/1990
f 1988/819/1988 1989/822/1989 1992/817/1992 1991/820/1991
f 1990/822/1990 1991/820/1991 1994/817/1994 1993/817/1993
f 1991/820/1991 1992/817/1992 1995/817/1995 1994/817/1994
f 91/817/91 678/411/678 1987/822/1987 720/819/720
f 678/411/678 677/817/677 1988/819/1988 1987/822/1987
f 677/817/677 676/411/676 1989/822/1989 1988/819/1988
f 676/411/676 90/817/90 717/819/717 1989/822/1989
f 1989/822/1989 717/819/717 716/817/716 1992/817/1992
f 1992/817/1992 716/817/716 715/817/715 1995/817/1995
f 1995/817/1995 715/817/715 94/822/94 700/817/700
f 1994/817/1994 1995/817/1995 700/817/700 701/817/701
f 1993/817/1993 1994/817/1994 701/817/701 702/817/702
f 718/817/718 1993/817/1993 702/817/702 95/822/95
f 719/817/719 1990/822/1990 1993/817/1993 718/817/718
f 720/819/720 1987/822/1987 1990/822/1990 719/817/719
f 1996/822/1996 1997/819/1997 2000/820/2000 1999/822/1999
f 1997/819/1997 1998/822/1998 2001/823/2001 2000/820/2000
f 1999/822/1999 2000/820/2000 2003/823/2003 2002/817/2002
f 2000/820/2000 2001/823/2001 2004/817/2004 2003/823/2003
f 93/817/93 685/411/685 1996/822/1996 712/819/712
f 685/411/685 686/817/686 1997/819/1997 1996/822/1996
f 686/817/686 687/411/687 1998/822/1998 1997/819/1997
f 687/411/687 92/817/92 721/819/721 1998/822/1998
f 1998/822/1998 721/819/721 722/817/722 2001/823/2001
f 2001/823/2001 722/817/722 723/817/723 2004/817/2004
f 2004/817/2004 723/817/723 96/822/96 711/822/711
f 2003/823/2003 2004/817/2004 711/822/711 710/817/710
f 2002/817/2002 2003/823/2003 710/817/710 709/817/709
f 714/817/714 2002/817/2002 709/817/709 97/822/97
f 713/817/713 1999/822/1999 2002/817/2002 714/817/714
f 712/819/712 1996/822/1996 1999/822/1999 713/817/713
f 2005/818/2005 2006/837/2006 2009/823/2009 2008/817/2008
f 2006/837/2006 2007/822/2007 2010/817/2010 2009/823/2009
f 2008/817/2008 2009/823/2009 2012/817/2012 2011/817/2011
f 2009/823/2009 2010/817/2010 2013/817/2013 2012/817/2012
f 92/817/92 679/411/679 2005/818/2005 721/819/721
f 679/411/679 680/817/680 2006/837/2006 2005/818/2005
f 680/817/680 681/835/681 2007/822/2007 2006/837/2006
f 681/835/681 91/817/91 720/819/720 2007/822/2007
f 2007/822/2007 720/819/720 719/817/719 2010/817/2010
f 2010/817/2010 719/817/719 718/817/718 2013/817/2013
f 2013/817/2013 718/817/718 95/822/95 705/817/705
f 2012/817/2012 2013/817/2013 705/817/705 704/817/704
f 2011/817/2011 2012/817/2012 704/817/704 703/817/703
f 723/817/723 2011/817/2011 703/817/703 96/822/96
f 722/817/722 2008/817/2008 2011/817/2011 723/817/723
f 721/819/721 2005/818/2005 2008/817/2008 722/817/722
f 2014/838/2014 2015/406/2015 2018/839/2018 2017/347/2017
f 2015/406/2015 2016/348/2016 2019/840/2019 2018/839/2018
f 2017/347/2017 2018/839/2018 2021/839/2021 2020/841/2020
f 2018/839/2018 2019/840/2019 2022/348/2022 2021/839/2021
f 37/259/37 393/842/393 2014/838/2014 724/259/724
f 393/842/393 392/843/392 2015/406/2015 2014/838/2014
f 392/843/392 391/844/391 2016/348/2016 2015/406/2015
f 391/844/391 40/845/40 390/846/390 2016/348/2016
f 2016/348/2016 390/846/390 389/847/389 2019/840/2019
f 2019/840/2019 389/847/389 388/296/388 2022/348/2022
f 2022/348/2022 388/296/388 101/845/101 736/848/736
f 2021/839/2021 2022/348/2022 736/848/736 737/849/737
f 2020/841/2020 2021/839/2021 737/849/737 738/842/738
f 726/259/726 2020/841/2020 738/842/738 98/259/98
f 725/381/725 2017/347/2017 2020/841/2020 726/259/726
f 724/259/724 2014/838/2014 2017/347/2017 725/381/725
f 2023/408/2023 2024/333/2024 2027/333/2027 2026/408/2026
f 2024/333/2024 2025/850/2025 2028/851/2028 2027/333/2027
f 2026/408/2026 2027/333/2027 2030/852/2030 2029/853/2029
f 2027/333/2027 2028/851/2028 2031/851/2031 2030/852/2030
f 39/414/39 396/408/396 2023/408/2023 727/822/727
f 396/408/396 395/333/395 2024/333/2024 2023/408/2023
f 395/333/395 394/409/394 2025/850/2025 2024/333/2024
f 394/409/394 38/413/38 384/49/384 2025/850/2025
f 2025/850/2025 384/49/384 383/244/383 2028/851/2028
f 2028/851/2028 383/244/383 382/244/382 2031/851/2031
f 2031/851/2031 382/244/382 100/244/100 739/334/739
f 2030/852/2030 2031/851/2031 739/334/739 740/333/740
f 2029/853/2029 2030/852/2030 740/333/740 741/332/741
f 729/414/729 2029/853/2029 741/332/741 99/854/99
f 728/817/728 2026/408/2026 2029/853/2029 729/414/729
f 727/822/727 2023/408/2023 2026/408/2026 728/817/728
f 2032/855/2032 2033/428/2033 2036/428/2036 2035/429/2035
f 2033/428/2033 2034/856/2034 2037/856/2037 2036/428/2036
f 2035/429/2035 2036/428/2036 2039/857/2039 2038/858/2038
f 2036/428/2036 2037/856/2037 2040/859/2040 2039/857/2039
f 40/296/40 399/429/399 2032/855/2032 390/847/390
f 399/429/399 398/428/398 2033/428/2033 2032/855/2032
f 398/428/398 397/427/397 2034/856/2034 2033/428/2033
f 397/427/397 39/414/39 727/822/727 2034/856/2034
f 2034/856/2034 727/822/727 728/817/728 2037/856/2037
f 2037/856/2037 728/817/728 729/414/729 2040/859/2040
f 2040/859/2040 729/414/729 99/312/99 742/311/742
f 2039/857/2039 2040/859/2040 742/311/742 743/310/743
f 2038/858/2038 2039/857/2039 743/310/743 744/309/744
f 388/847/388 2038/858/2038 744/309/744 101/296/101
f 389/296/389 2035/429/2035 2038/858/2038 388/847/388
f 390/847/390 2032/855/2032 2035/429/2035 389/296/389
f 2041/441/2041 2042/860/2042 2045/440/2045 2044/861/2044
f 2042/860/2042 2043/439/2043 2046/439/2046 2045/440/2045
f 2044/861/2044 2045/440/2045 2048/862/2048 2047/863/2047
f 2045/440/2045 2046/439/2046 2049/864/2049 2048/862/2048
f 38/413/38 402/441/402 2041/441/2041 384/49/384
f 402/441/402 401/440/401 2042/860/2042 2041/441/2041
f 401/440/401 400/439/400 2043/439/2043 2042/860/2042
f 400/439/400 37/259/37 724/260/724 2043/439/2043
f 2043/439/2043 724/260/724 725/259/725 2046/439/2046
f 2046/439/2046 725/259/725 726/260/726 2049/864/2049
f 2049/864/2049 726/260/726 98/259/98 745/258/745
f 2048/862/2048 2049/864/2049 745/258/745 746/257/746
f 2047/863/2047 2048/862/2048 746/257/746 747/255/747
f 382/244/382 2047/863/2047 747/255/747 100/254/100
f 383/244/383 2044/861/2044 2047/863/2047 382/244/382
f 384/49/384 2041/441/2041 2044/861/2044 383/244/383
f 2050/865/2050 2051/866/2051 2054/867/2054 2053/868/2053
f 2051/866/2051 2052/869/2052 2055/870/2055 2054/867/2054
f 2053/868/2053 2054/867/2054 2057/871/2057 2056/872/2056
f 2054/867/2054 2055/870/2055 2058/873/2058 2057/871/2057
f 102/79/102 768/874/768 2050/865/2050 840/875/840
f 768/874/768 767/876/767 2051/866/2051 2050/865/2050
f 767/876/767 766/877/766 2052/869/2052 2051/866/2051
f 766/877/766 1/24/1 196/22/196 2052/869/2052
f 2052/869/2052 196/22/196 197/21/197 2055/870/2055
f 2055/870/2055 197/21/197 198/20/198 2058/873/2058
f 2058/873/2058 198/20/198 23/19/23 846/18/846
f 2057/871/2057 2058/873/2058 846/18/846 845/878/845
f 2056/872/2056 2057/871/2057 845/878/845 844/879/844
f 838/880/838 2056/872/2056 844/879/844 116/15/116
f 839/881/839 2053/868/2053 2056/872/2056 838/880/838
f 840/875/840 2050/865/2050 2053/868/2053 839/881/839
f 2059/882/2059 2060/883/2060 2063/28/2063 2062/884/2062
f 2060/883/2060 2061/885/2061 2064/32/2064 2063/28/2063
f 2062/884/2062 2063/28/2063 2066/31/2066 2065/886/2065
f 2063/28/2063 2064/32/2064 2067/34/2067 2066/31/2066
f 22/35/22 841/887/841 2059/882/2059 189/36/189
f 841/887/841 842/888/842 2060/883/2060 2059/882/2059
f 842/888/842 843/48/843 2061/885/2061 2060/883/2060
f 843/48/843 117/49/117 849/47/849 2061/885/2061
f 2061/885/2061 849/47/849 848/46/848 2064/32/2064
f 2064/32/2064 848/46/848 847/45/847 2067/34/2067
f 2067/34/2067 847/45/847 105/44/105 756/889/756
f 2066/31/2066 2067/34/2067 756/889/756 755/890/755
f 2065/886/2065 2066/31/2066 755/890/755 754/891/754
f 187/39/187 2065/886/2065 754/891/754 4/40/4
f 188/38/188 2062/884/2062 2065/886/2065 187/39/187
f 189/36/189 2059/882/2059 2062/884/2062 188/38/188
f 2068/892/2068 2069/893/2069 2072/894/2072 2071/895/2071
f 2069/893/2069 2070/896/2070 2073/897/2073 2072/894/2072
f 2071/895/2071 2072/894/2072 2075/898/2075 2074/899/2074
f 2072/894/2072 2073/897/2073 2076/900/2076 2075/898/2075
f 103/586/103 867/645/867 2068/892/2068 763/901/763
f 867/645/867 866/645/866 2069/893/2069 2068/892/2068
f 866/645/866 865/665/865 2070/896/2070 2069/893/2069
f 865/665/865 121/902/121 856/903/856 2070/896/2070
f 2070/896/2070 856/903/856 857/904/857 2073/897/2073
f 2073/897/2073 857/904/857 858/905/858 2076/900/2076
f 2076/900/2076 858/905/858 119/414/119 864/411/864
f 2075/898/2075 2076/900/2076 864/411/864 863/411/863
f 2074/899/2074 2075/898/2075 863/411/863 862/411/862
f 765/906/765 2074/899/2074 862/411/862 116/15/116
f 764/907/764 2071/895/2071 2074/899/2074 765/906/765
f 763/901/763 2068/892/2068 2071/895/2071 764/907/764
f 2077/161/2077 2078/160/2078 2081/76/2081 2080/76/2080
f 2078/160/2078 2079/161/2079 2082/76/2082 2081/76/2081
f 2080/76/2080 2081/76/2081 2084/78/2084 2083/78/2083
f 2081/76/2081 2082/76/2082 2085/78/2085 2084/78/2084
f 150/124/150 1050/104/1050 2077/161/2077 1062/80/1062
f 1050/104/1050 1049/130/1049 2078/160/2078 2077/161/2077
f 1049/130/1049 1048/908/1048 2079/161/2079 2078/160/2078
f 1048/908/1048 106/130/106 780/160/780 2079/161/2079
f 2079/161/2079 780/160/780 779/76/779 2082/76/2082
f 2082/76/2082 779/76/779 778/78/778 2085/78/2085
f 2085/78/2085 778/78/778 9/24/9 228/82/228
f 2084/78/2084 2085/78/2085 228/82/228 227/82/227
f 2083/78/2083 2084/78/2084 227/82/227 226/82/226
f 1060/77/1060 2083/78/2083 226/82/226 61/81/61
f 1061/76/1061 2080/76/2080 2083/78/2083 1060/77/1060
f 1062/80/1062 2077/161/2077 2080/76/2080 1061/76/1061
f 2086/909/2086 2087/910/2087 2090/911/2090 2089/85/2089
f 2087/910/2087 2088/912/2088 2091/913/2091 2090/911/2090
f 2089/85/2089 2090/911/2090 2093/914/2093 2092/915/2092
f 2090/911/2090 2091/913/2091 2094/916/2094 2093/914/2093
f 105/44/105 1029/917/1029 2086/909/2086 756/918/756
f 1029/917/1029 1028/103/1028 2087/910/2087 2086/909/2086
f 1028/103/1028 1027/919/1027 2088/912/2088 2087/910/2087
f 1027/919/1027 146/243/146 1020/519/1020 2088/912/2088
f 2088/912/2088 1020/519/1020 1019/518/1019 2091/913/2091
f 2091/913/2091 1019/518/1019 1018/521/1018 2094/916/2094
f 2094/916/2094 1018/521/1018 54/97/54 489/97/489
f 2093/914/2093 2094/916/2094 489/97/489 488/97/488
f 2092/915/2092 2093/914/2093 488/97/488 487/97/487
f 754/96/754 2092/915/2092 487/97/487 4/40/4
f 755/920/755 2089/85/2089 2092/915/2092 754/96/754
f 756/918/756 2086/909/2086 2089/85/2089 755/920/755
f 2095/161/2095 2096/161/2096 2099/76/2099 2098/76/2098
f 2096/161/2096 2097/161/2097 2100/470/2100 2099/76/2099
f 2098/76/2098 2099/76/2099 2102/78/2102 2101/78/2101
f 2099/76/2099 2100/470/2100 2103/78/2103 2102/78/2102
f 106/130/106 804/908/804 2095/161/2095 780/160/780
f 804/908/804 803/104/803 2096/161/2096 2095/161/2095
f 803/104/803 802/130/802 2097/161/2097 2096/161/2096
f 802/130/802 110/83/110 798/106/798 2097/161/2097
f 2097/161/2097 798/106/798 797/105/797 2100/470/2100
f 2100/470/2100 797/105/797 796/77/796 2103/78/2103
f 2103/78/2103 796/77/796 108/81/108 801/82/801
f 2102/78/2102 2103/78/2103 801/82/801 800/82/800
f 2101/78/2101 2102/78/2102 800/82/800 799/82/799
f 778/78/778 2101/78/2101 799/82/799 9/24/9
f 779/76/779 2098/76/2098 2101/78/2101 778/78/778
f 780/160/780 2095/161/2095 2098/76/2098 779/76/779
f 2104/921/2104 2105/921/2105 2108/109/2108 2107/109/2107
f 2105/921/2105 2106/921/2106 2109/109/2109 2108/109/2108
f 2107/109/2107 2108/109/2108 2111/110/2111 2110/922/2110
f 2108/109/2108 2109/109/2109 2112/111/2112 2111/110/2111
f 64/112/64 528/114/528 2104/921/2104 1059/113/1059
f 528/114/528 527/114/527 2105/921/2105 2104/921/2104
f 527/114/527 526/114/526 2106/921/2106 2105/921/2105
f 526/114/526 10/112/10 774/108/774 2106/921/2106
f 2106/921/2106 774/108/774 773/109/773 2109/109/2109
f 2109/109/2109 773/109/773 772/111/772 2112/111/2112
f 2112/111/2112 772/111/772 107/129/107 786/117/786
f 2111/110/2111 2112/111/2112 786/117/786 785/129/785
f 2110/922/2110 2111/110/2111 785/129/785 784/623/784
f 1057/116/1057 2110/922/2110 784/623/784 151/625/151
f 1058/115/1058 2107/109/2107 2110/922/2110 1057/116/1057
f 1059/113/1059 2104/921/2104 2107/109/2107 1058/115/1058
f 2113/120/2113 2114/120/2114 2117/923/2117 2116/121/2116
f 2114/120/2114 2115/120/2115 2118/924/2118 2117/923/2117
f 2116/121/2116 2117/923/2117 2120/925/2120 2119/123/2119
f 2117/923/2117 2118/924/2118 2121/926/2121 2120/925/2120
f 151/117/151 784/623/784 2113/120/2113 1056/120/1056
f 784/623/784 785/129/785 2114/120/2114 2113/120/2113
f 785/129/785 786/117/786 2115/120/2115 2114/120/2114
f 786/117/786 107/118/107 777/120/777 2115/120/2115
f 2115/120/2115 777/120/777 776/923/776 2118/924/2118
f 2118/924/2118 776/923/776 775/925/775 2121/926/2121
f 2121/926/2121 775/925/775 106/130/106 1048/908/1048
f 2120/925/2120 2121/926/2121 1048/908/1048 1049/130/1049
f 2119/123/2119 2120/925/2120 1049/130/1049 1050/104/1050
f 1054/123/1054 2119/123/2119 1050/104/1050 150/124/150
f 1055/121/1055 2116/121/2116 2119/123/2119 1054/123/1054
f 1056/120/1056 2113/120/2113 2116/121/2116 1055/121/1055
f 2122/120/2122 2123/120/2123 2126/121/2126 2125/121/2125
f 2123/120/2123 2124/120/2124 2127/121/2127 2126/121/2126
f 2125/121/2125 2126/121/2126 2129/123/2129 2128/123/2128
f 2126/121/2126 2127/121/2127 2130/926/2130 2129/123/2129
f 143/118/143 999/117/999 2122/120/2122 1017/120/1017
f 999/117/999 998/117/998 2123/120/2123 2122/120/2122
f 998/117/998 997/927/997 2124/120/2124 2123/120/2123
f 997/927/997 114/148/114 819/134/819 2124/120/2124
f 2124/120/2124 819/134/819 818/133/818 2127/121/2127
f 2127/121/2127 818/133/818 817/132/817 2130/926/2130
f 2130/926/2130 817/132/817 115/125/115 825/130/825
f 2129/123/2129 2130/926/2130 825/130/825 824/104/824
f 2128/123/2128 2129/123/2129 824/104/824 823/104/823
f 1015/123/1015 2128/123/2128 823/104/823 142/79/142
f 1016/126/1016 2125/121/2125 2128/123/2128 1015/123/1015
f 1017/120/1017 2122/120/2122 2125/121/2125 1016/126/1016
f 2131/921/2131 2132/921/2132 2135/109/2135 2134/109/2134
f 2132/921/2132 2133/921/2133 2136/109/2136 2135/109/2135
f 2134/109/2134 2135/109/2135 2138/111/2138 2137/111/2137
f 2135/109/2135 2136/109/2136 2139/111/2139 2138/111/2138
f 10/112/10 810/114/810 2131/921/2131 774/108/774
f 810/114/810 809/114/809 2132/921/2132 2131/921/2131
f 809/114/809 808/136/808 2133/921/2133 2132/921/2132
f 808/136/808 109/928/109 792/108/792 2133/921/2133
f 2133/921/2133 792/108/792 791/109/791 2136/109/2136
f 2136/109/2136 791/109/791 790/111/790 2139/111/2139
f 2139/111/2139 790/111/790 111/118/111 807/927/807
f 2138/111/2138 2139/111/2139 807/927/807 806/117/806
f 2137/111/2137 2138/111/2138 806/117/806 805/117/805
f 772/111/772 2137/111/2137 805/117/805 107/118/107
f 773/109/773 2134/109/2134 2137/111/2137 772/111/772
f 774/108/774 2131/921/2131 2134/109/2134 773/109/773
f 2140/120/2140 2141/120/2141 2144/121/2144 2143/924/2143
f 2141/120/2141 2142/120/2142 2145/121/2145 2144/121/2144
f 2143/924/2143 2144/121/2144 2147/123/2147 2146/926/2146
f 2144/121/2144 2145/121/2145 2148/123/2148 2147/123/2147
f 107/118/107 805/117/805 2140/120/2140 777/120/777
f 805/117/805 806/117/806 2141/120/2141 2140/120/2140
f 806/117/806 807/927/807 2142/120/2142 2141/120/2141
f 807/927/807 111/118/111 795/120/795 2142/120/2142
f 2142/120/2142 795/120/795 794/133/794 2145/121/2145
f 2145/121/2145 794/133/794 793/128/793 2148/123/2148
f 2148/123/2148 793/128/793 110/83/110 802/130/802
f 2147/123/2147 2148/123/2148 802/130/802 803/104/803
f 2146/926/2146 2147/123/2147 803/104/803 804/908/804
f 775/925/775 2146/926/2146 804/908/804 106/130/106
f 776/923/776 2143/924/2143 2146/926/2146 775/925/775
f 777/120/777 2140/120/2140 2143/924/2143 776/923/776
f 2149/138/2149 2150/138/2150 2153/138/2153 2152/138/2152
f 2150/138/2150 2151/138/2151 2154/138/2154 2153/138/2153
f 2152/138/2152 2153/138/2153 2156/138/2156 2155/138/2155
f 2153/138/2153 2154/138/2154 2157/138/2157 2156/138/2156
f 9/138/9 799/138/799 2149/138/2149 216/138/216
f 799/138/799 800/138/800 2150/138/2150 2149/138/2149
f 800/138/800 801/138/801 2151/138/2151 2150/138/2150
f 801/138/801 108/138/108 789/138/789 2151/138/2151
f 2151/138/2151 789/138/789 788/138/788 2154/138/2154
f 2154/138/2154 788/138/788 787/138/787 2157/138/2157
f 2157/138/2157 787/138/787 109/138/109 808/138/808
f 2156/138/2156 2157/138/2157 808/138/808 809/138/809
f 2155/138/2155 2156/138/2156 809/138/809 810/138/810
f 214/138/214 2155/138/2155 810/138/810 10/138/10
f 215/138/215 2152/138/2152 2155/138/2155 214/138/214
f 216/138/216 2149/138/2149 2152/138/2152 215/138/215
f 2158/929/2158 2159/930/2159 2162/931/2162 2161/932/2161
f 2159/930/2159 2160/933/2160 2163/934/2163 2162/931/2162
f 2161/932/2161 2162/931/2162 2165/935/2165 2164/936/2164
f 2162/931/2162 2163/934/2163 2166/937/2166 2165/935/2165
f 114/118/114 963/118/963 2158/929/2158 819/134/819
f 963/118/963 962/117/962 2159/930/2159 2158/929/2158
f 962/117/962 961/117/961 2160/933/2160 2159/930/2159
f 961/117/961 136/118/136 954/938/954 2160/933/2160
f 2160/933/2160 954/938/954 953/939/953 2163/934/2163
f 2163/934/2163 953/939/953 952/940/952 2166/937/2166
f 2166/937/2166 952/940/952 137/79/137 960/125/960
f 2165/935/2165 2166/937/2166 960/125/960 959/125/959
f 2164/936/2164 2165/935/2165 959/125/959 958/125/958
f 817/132/817 2164/936/2164 958/125/958 115/941/115
f 818/133/818 2161/932/2161 2164/936/2164 817/132/817
f 819/134/819 2158/929/2158 2161/932/2161 818/133/818
f 2167/138/2167 2168/138/2168 2171/138/2171 2170/138/2170
f 2168/138/2168 2169/138/2169 2172/138/2172 2171/138/2171
f 2170/138/2170 2171/138/2171 2174/138/2174 2173/138/2173
f 2171/138/2171 2172/138/2172 2175/138/2175 2174/138/2174
f 145/138/145 1005/138/1005 2167/138/2167 1014/138/1014
f 1005/138/1005 1004/138/1004 2168/138/2168 2167/138/2167
f 1004/138/1004 1003/138/1003 2169/138/2169 2168/138/2168
f 1003/138/1003 113/138/113 813/138/813 2169/138/2169
f 2169/138/2169 813/138/813 812/138/812 2172/138/2172
f 2172/138/2172 812/138/812 811/138/811 2175/138/2175
f 2175/138/2175 811/138/811 112/138/112 831/138/831
f 2174/138/2174 2175/138/2175 831/138/831 830/138/830
f 2173/138/2173 2174/138/2174 830/138/830 829/138/829
f 1012/138/1012 2173/138/2173 829/138/829 144/138/144
f 1013/138/1013 2170/138/2170 2173/138/2173 1012/138/1012
f 1014/138/1014 2167/138/2167 2170/138/2170 1013/138/1013
f 2176/161/2176 2177/161/2177 2180/470/2180 2179/470/2179
f 2177/161/2177 2178/161/2178 2181/159/2181 2180/470/2180
f 2179/470/2179 2180/470/2180 2183/78/2183 2182/78/2182
f 2180/470/2180 2181/159/2181 2184/78/2184 2183/78/2183
f 142/79/142 823/104/823 2176/161/2176 1011/161/1011
f 823/104/823 824/104/824 2177/161/2177 2176/161/2176
f 824/104/824 825/130/825 2178/161/2178 2177/161/2177
f 825/130/825 115/125/115 822/164/822 2178/161/2178
f 2178/161/2178 822/164/822 821/163/821 2181/159/2181
f 2181/159/2181 821/163/821 820/162/820 2184/78/2184
f 2184/78/2184 820/162/820 113/81/113 1003/82/1003
f 2183/78/2183 2184/78/2184 1003/82/1003 1004/82/1004
f 2182/78/2182 2183/78/2183 1004/82/1004 1005/82/1005
f 1009/77/1009 2182/78/2182 1005/82/1005 145/81/145
f 1010/76/1010 2179/470/2179 2182/78/2182 1009/77/1009
f 1011/161/1011 2176/161/2176 2179/470/2179 1010/76/1010
f 2185/921/2185 2186/921/2186 2189/109/2189 2188/109/2188
f 2186/921/2186 2187/921/2187 2190/109/2190 2189/109/2189
f 2188/109/2188 2189/109/2189 2192/111/2192 2191/111/2191
f 2189/109/2189 2190/109/2190 2193/111/2193 2192/111/2192
f 144/166/144 829/166/829 2185/921/2185 1008/469/1008
f 829/166/829 830/114/830 2186/921/2186 2185/921/2185
f 830/114/830 831/114/831 2187/921/2187 2186/921/2186
f 831/114/831 112/119/112 816/921/816 2187/921/2187
f 2187/921/2187 816/921/816 815/109/815 2190/109/2190
f 2190/109/2190 815/109/815 814/111/814 2193/111/2193
f 2193/111/2193 814/111/814 114/148/114 997/927/997
f 2192/111/2192 2193/111/2193 997/927/997 998/117/998
f 2191/111/2191 2192/111/2192 998/117/998 999/117/999
f 1006/111/1006 2191/111/2191 999/117/999 143/118/143
f 1007/109/1007 2188/109/2188 2191/111/2191 1006/111/1006
f 1008/469/1008 2185/921/2185 2188/109/2188 1007/109/1007
f 2194/942/2194 2195/943/2195 2198/169/2198 2197/944/2197
f 2195/943/2195 2196/945/2196 2199/946/2199 2198/169/2198
f 2197/944/2197 2198/169/2198 2201/172/2201 2200/947/2200
f 2198/169/2198 2199/946/2199 2202/948/2202 2201/172/2201
f 3/112/3 753/108/753 2194/942/2194 291/176/291
f 753/108/753 752/109/752 2195/943/2195 2194/942/2194
f 752/109/752 751/111/751 2196/945/2196 2195/943/2195
f 751/111/751 104/118/104 837/949/837 2196/945/2196
f 2196/945/2196 837/949/837 836/950/836 2199/946/2199
f 2199/946/2199 836/950/836 835/951/835 2202/948/2202
f 2202/948/2202 835/951/835 117/49/117 843/48/843
f 2201/172/2201 2202/948/2202 843/48/843 842/888/842
f 2200/947/2200 2201/172/2201 842/888/842 841/887/841
f 289/178/289 2200/947/2200 841/887/841 22/35/22
f 290/177/290 2197/944/2197 2200/947/2200 289/178/289
f 291/176/291 2194/942/2194 2197/944/2197 290/177/290
f 2203/952/2203 2204/953/2204 2207/954/2207 2206/955/2206
f 2204/953/2204 2205/956/2205 2208/957/2208 2207/954/2207
f 2206/955/2206 2207/954/2207 2210/958/2210 2209/959/2209
f 2207/954/2207 2208/957/2208 2211/960/2211 2210/958/2210
f 104/118/104 759/120/759 2203/952/2203 837/949/837
f 759/120/759 758/126/758 2204/953/2204 2203/952/2203
f 758/126/758 757/123/757 2205/956/2205 2204/953/2204
f 757/123/757 102/79/102 840/875/840 2205/956/2205
f 2205/956/2205 840/875/840 839/881/839 2208/957/2208
f 2208/957/2208 839/881/839 838/880/838 2211/960/2211
f 2211/960/2211 838/880/838 116/15/116 750/194/750
f 2210/958/2210 2211/960/2211 750/194/750 749/193/749
f 2209/959/2209 2210/958/2210 749/193/749 748/192/748
f 835/951/835 2209/959/2209 748/192/748 117/49/117
f 836/950/836 2206/955/2206 2209/959/2209 835/951/835
f 837/949/837 2203/952/2203 2206/955/2206 836/950/836
f 2212/961/2212 2213/962/2213 2216/963/2216 2215/964/2215
f 2213/962/2213 2214/965/2214 2217/966/2217 2216/963/2216
f 2215/964/2215 2216/963/2216 2219/967/2219 2218/968/2218
f 2216/963/2216 2217/966/2217 2220/969/2220 2219/967/2219
f 116/15/116 844/879/844 2212/961/2212 765/970/765
f 844/879/844 845/878/845 2213/962/2213 2212/961/2212
f 845/878/845 846/18/846 2214/965/2214 2213/962/2213
f 846/18/846 23/19/23 286/214/286 2214/965/2214
f 2214/965/2214 286/214/286 287/213/287 2217/966/2217
f 2217/966/2217 287/213/287 288/212/288 2220/969/2220
f 2220/969/2220 288/212/288 2/211/2 771/971/771
f 2219/967/2219 2220/969/2220 771/971/771 770/972/770
f 2218/968/2218 2219/967/2219 770/972/770 769/973/769
f 763/974/763 2218/968/2218 769/973/769 103/586/103
f 764/975/764 2215/964/2215 2218/968/2218 763/974/763
f 765/970/765 2212/961/2212 2215/964/2215 764/975/764
f 2221/976/2221 2222/977/2222 2225/978/2225 2224/979/2224
f 2222/977/2222 2223/980/2223 2226/981/2226 2225/978/2225
f 2224/979/2224 2225/978/2225 2228/982/2228 2227/983/2227
f 2225/978/2225 2226/981/2226 2229/984/2229 2228/982/2228
f 118/244/118 850/364/850 2221/976/2221 861/225/861
f 850/364/850 851/843/851 2222/977/2222 2221/976/2221
f 851/843/851 852/755/852 2223/980/2223 2222/977/2222
f 852/755/852 119/414/119 858/985/858 2223/980/2223
f 2223/980/2223 858/985/858 857/986/857 2226/981/2226
f 2226/981/2226 857/986/857 856/987/856 2229/984/2229
f 2229/984/2229 856/987/856 121/902/121 855/570/855
f 2228/982/2228 2229/984/2229 855/570/855 854/569/854
f 2227/983/2227 2228/982/2228 854/569/854 853/988/853
f 859/228/859 2227/983/2227 853/988/853 120/243/120
f 860/227/860 2224/979/2224 2227/983/2227 859/228/859
f 861/225/861 2221/976/2221 2224/979/2224 860/227/860
f 2230/989/2230 2231/990/2231 2234/991/2234 2233/992/2233
f 2231/990/2231 2232/993/2232 2235/994/2235 2234/991/2234
f 2233/992/2233 2234/991/2234 2237/995/2237 2236/996/2236
f 2234/991/2234 2235/994/2235 2238/997/2238 2237/995/2237
f 117/49/117 873/998/873 2230/989/2230 849/47/849
f 873/998/873 872/999/872 2231/990/2231 2230/989/2230
f 872/999/872 871/1000/871 2232/993/2232 2231/990/2231
f 871/1000/871 118/224/118 861/225/861 2232/993/2232
f 2232/993/2232 861/225/861 860/227/860 2235/994/2235
f 2235/994/2235 860/227/860 859/228/859 2238/997/2238
f 2238/997/2238 859/228/859 120/229/120 870/1001/870
f 2237/995/2237 2238/997/2238 870/1001/870 869/1002/869
f 2236/996/2236 2237/995/2237 869/1002/869 868/1003/868
f 847/45/847 2236/996/2236 868/1003/868 105/44/105
f 848/46/848 2233/992/2233 2236/996/2236 847/45/847
f 849/47/849 2230/989/2230 2233/992/2233 848/46/848
f 2239/1004/2239 2240/441/2240 2243/1005/2243 2242/1006/2242
f 2240/441/2240 2241/1004/2241 2244/1006/2244 2243/1005/2243
f 2242/1006/2242 2243/1005/2243 2246/1007/2246 2245/1008/2245
f 2243/1005/2243 2244/1006/2244 2247/1008/2247 2246/1007/2246
f 179/254/179 1233/244/1233 2239/1004/2239 1248/1009/1248
f 1233/244/1233 1232/244/1232 2240/441/2240 2239/1004/2239
f 1232/244/1232 1231/244/1231 2241/1004/2241 2240/441/2240
f 1231/244/1231 122/254/122 885/255/885 2241/1004/2241
f 2241/1004/2241 885/255/885 884/257/884 2244/1006/2244
f 2244/1006/2244 884/257/884 883/1010/883 2247/1008/2247
f 2247/1008/2247 883/1010/883 124/259/124 888/1011/888
f 2246/1007/2246 2247/1008/2247 888/1011/888 887/259/887
f 2245/1008/2245 2246/1007/2246 887/259/887 886/1011/886
f 1246/1010/1246 2245/1008/2245 886/1011/886 177/259/177
f 1247/257/1247 2242/1006/2242 2245/1008/2245 1246/1010/1246
f 1248/1009/1248 2239/1004/2239 2242/1006/2242 1247/257/1247
f 2248/1012/2248 2249/1013/2249 2252/1014/2252 2251/1015/2251
f 2249/1013/2249 2250/1012/2250 2253/1016/2253 2252/1014/2252
f 2251/1015/2251 2252/1014/2252 2255/1017/2255 2254/1018/2254
f 2252/1014/2252 2253/1016/2253 2256/1019/2256 2255/1017/2255
f 105/44/105 868/1003/868 2248/1012/2248 760/571/760
f 868/1003/868 869/1002/869 2249/1013/2249 2248/1012/2248
f 869/1002/869 870/1001/870 2250/1012/2250 2249/1013/2249
f 870/1001/870 120/229/120 853/988/853 2250/1012/2250
f 2250/1012/2250 853/988/853 854/569/854 2253/1016/2253
f 2253/1016/2253 854/569/854 855/570/855 2256/1019/2256
f 2256/1019/2256 855/570/855 121/547/121 865/665/865
f 2255/1017/2255 2256/1019/2256 865/665/865 866/645/866
f 2254/1018/2254 2255/1017/2255 866/645/866 867/645/867
f 762/570/762 2254/1018/2254 867/645/867 103/643/103
f 761/567/761 2251/1015/2251 2254/1018/2254 762/570/762
f 760/571/760 2248/1012/2248 2251/1015/2251 761/567/761
f 2257/285/2257 2258/1020/2258 2261/283/1460 2260/1021/2260
f 2258/1020/2258 2259/1022/2259 2262/1023/2261 2261/283/1460
f 2260/1021/2260 2261/283/1460 2264/1024/2263 2263/285/2262
f 2261/283/1460 2262/1023/2261 2265/1022/2264 2264/1024/2263
f 166/288/166 1158/290/1158 2257/285/2257 1176/319/1176
f 1158/290/1158 1157/294/1157 2258/1020/2258 2257/285/2257
f 1157/294/1157 1156/1025/1156 2259/1022/2259 2258/1020/2258
f 1156/1025/1156 129/296/129 906/1026/906 2259/1022/2259
f 2259/1022/2259 906/1026/906 905/1027/905 2262/1023/2261
f 2262/1023/2261 905/1027/905 904/1028/904 2265/1022/2264
f 2265/1022/2264 904/1028/904 127/296/127 912/1029/912
f 2264/1024/2263 2265/1022/2264 912/1029/912 911/294/911
f 2263/285/2262 2264/1024/2263 911/294/911 910/290/910
f 1174/1030/1174 2263/285/2262 910/290/910 165/288/165
f 1175/1031/1175 2260/1021/2260 2263/285/2262 1174/1030/1174
f 1176/319/1176 2257/285/2257 2260/1021/2260 1175/1031/1175
f 2266/1032/2265 2267/1033/2266 2270/1034/2269 2269/1035/2268
f 2267/1033/2266 2268/1036/2267 2271/1037/2270 2270/1034/2269
f 2269/1035/2268 2270/1034/2269 2273/1038/2272 2272/1039/2271
f 2270/1034/2269 2271/1037/2270 2274/1040/2273 2273/1038/2272
f 180/296/180 1236/1029/1236 2266/1032/2265 1245/1041/1245
f 1236/1029/1236 1235/294/1235 2267/1033/2266 2266/1032/2265
f 1235/294/1235 1234/1042/1234 2268/1036/2267 2267/1033/2266
f 1234/1042/1234 125/321/125 882/814/882 2268/1036/2267
f 2268/1036/2267 882/814/882 881/815/881 2271/1037/2270
f 2271/1037/2270 881/815/881 880/1043/880 2274/1040/2273
f 2274/1040/2273 880/1043/880 123/414/123 894/822/894
f 2273/1038/2272 2274/1040/2273 894/822/894 893/817/893
f 2272/1039/2271 2273/1038/2272 893/817/893 892/854/892
f 1243/1044/1243 2272/1039/2271 892/854/892 178/312/178
f 1244/310/1244 2269/1035/2268 2272/1039/2271 1243/1044/1243
f 1245/1041/1245 2266/1032/2265 2269/1035/2268 1244/310/1244
f 2275/853/2274 2276/408/2275 2279/333/2278 2278/333/2277
f 2276/408/2275 2277/408/2276 2280/333/2279 2279/333/2278
f 2278/333/2277 2279/333/2278 2282/850/2281 2281/851/2280
f 2279/333/2278 2280/333/2279 2283/851/2282 2282/850/2281
f 178/854/178 892/854/892 2275/853/2274 1242/332/1242
f 892/854/892 893/817/893 2276/408/2275 2275/853/2274
f 893/817/893 894/822/894 2277/408/2276 2276/408/2275
f 894/822/894 123/411/123 876/755/876 2277/408/2276
f 2277/408/2276 876/755/876 875/839/875 2280/333/2279
f 2280/333/2279 875/839/875 874/334/874 2283/851/2282
f 2283/851/2282 874/334/874 122/244/122 1231/244/1231
f 2282/850/2281 2283/851/2282 1231/244/1231 1232/244/1232
f 2281/851/2280 2282/850/2281 1232/244/1232 1233/244/1233
f 1240/334/1240 2281/851/2280 1233/244/1233 179/244/179
f 1241/333/1241 2278/333/2277 2281/851/2280 1240/334/1240
f 1242/332/1242 2275/853/2274 2278/333/2277 1241/333/1241
f 2284/385/2283 2285/1045/2284 2288/1046/2287 2287/1047/2286
f 2285/1045/2284 2286/345/2285 2289/383/2288 2288/1046/2287
f 2287/1047/2286 2288/1046/2287 2291/1048/2290 2290/1049/2289
f 2288/1046/2287 2289/383/2288 2292/1050/2291 2291/1048/2290
f 177/259/177 886/1011/886 2284/385/2283 1239/1051/1239
f 886/1011/886 887/259/887 2285/1045/2284 2284/385/2283
f 887/259/887 888/1011/888 2286/345/2285 2285/1045/2284
f 888/1011/888 124/259/124 877/1052/877 2286/345/2285
f 2286/345/2285 877/1052/877 878/386/878 2289/383/2288
f 2289/383/2288 878/386/878 879/349/879 2292/1050/2291
f 2292/1050/2291 879/349/879 125/321/125 1234/1042/1234
f 2291/1048/2290 2292/1050/2291 1234/1042/1234 1235/294/1235
f 2290/1049/2289 2291/1048/2290 1235/294/1235 1236/1029/1236
f 1237/1053/1237 2290/1049/2289 1236/1029/1236 180/296/180
f 1238/765/1238 2287/1047/2286 2290/1049/2289 1237/1053/1237
f 1239/1051/1239 2284/385/2283 2287/1047/2286 1238/765/1238
f 2293/351/2292 2294/1054/2293 2297/1055/2296 2296/1056/2295
f 2294/1054/2293 2295/358/2294 2298/357/2297 2297/1055/2296
f 2296/1056/2295 2297/1055/2296 2300/356/2299 2299/1057/2298
f 2297/1055/2296 2298/357/2297 2301/358/2300 2300/356/2299
f 126/377/126 1146/1058/1146 2293/351/2292 909/1059/909
f 1146/1058/1146 1145/1060/1145 2294/1054/2293 2293/351/2292
f 1145/1060/1145 1144/361/1144 2295/358/2294 2294/1054/2293
f 1144/361/1144 161/364/161 1140/362/1140 2295/358/2294
f 2295/358/2294 1140/362/1140 1139/1061/1139 2298/357/2297
f 2298/357/2297 1139/1061/1139 1138/362/1138 2301/358/2300
f 2301/358/2300 1138/362/1138 163/334/163 1143/1062/1143
f 2300/356/2299 2301/358/2300 1143/1062/1143 1142/365/1142
f 2299/1057/2298 2300/356/2299 1142/365/1142 1141/1063/1141
f 907/1059/907 2299/1057/2298 1141/1063/1141 128/259/128
f 908/262/908 2296/1056/2295 2299/1057/2298 907/1059/907
f 909/1059/909 2293/351/2292 2296/1056/2295 908/262/908
f 2302/384/2301 2303/1064/2302 2306/325/2305 2305/1065/2304
f 2303/1064/2302 2304/1066/2303 2307/1067/2306 2306/325/2305
f 2305/1065/2304 2306/325/2305 2309/1045/2308 2308/1068/2307
f 2306/325/2305 2307/1067/2306 2310/1069/2309 2309/1045/2308
f 165/288/165 910/290/910 2302/384/2301 1173/337/1173
f 910/290/910 911/294/911 2303/1064/2302 2302/384/2301
f 911/294/911 912/1029/912 2304/1066/2303 2303/1064/2302
f 912/1029/912 127/296/127 900/1053/900 2304/1066/2303
f 2304/1066/2303 900/1053/900 899/333/899 2307/1067/2306
f 2307/1067/2306 899/333/899 898/1070/898 2310/1069/2309
f 2310/1069/2309 898/1070/898 126/377/126 918/1071/918
f 2309/1045/2308 2310/1069/2309 918/1071/918 917/377/917
f 2308/1068/2307 2309/1045/2308 917/377/917 916/1071/916
f 1171/1072/1171 2308/1068/2307 916/1071/916 167/377/167
f 1172/336/1172 2305/1065/2304 2308/1068/2307 1171/1072/1171
f 1173/337/1173 2302/384/2301 2305/1065/2304 1172/336/1172
f 2311/372/2310 2312/378/2311 2315/379/2314 2314/376/2313
f 2312/378/2311 2313/375/2312 2316/376/2315 2315/379/2314
f 2314/376/2313 2315/379/2314 2318/261/2317 2317/261/2316
f 2315/379/2314 2316/376/2315 2319/261/2318 2318/261/2317
f 167/259/167 916/377/916 2311/372/2310 1170/1073/1170
f 916/377/916 917/1071/917 2312/378/2311 2311/372/2310
f 917/1071/917 918/259/918 2313/375/2312 2312/378/2311
f 918/259/918 126/377/126 909/378/909 2313/375/2312
f 2313/375/2312 909/378/909 908/1074/908 2316/376/2315
f 2316/376/2315 908/1074/908 907/378/907 2319/261/2318
f 2319/261/2318 907/378/907 128/259/128 921/259/921
f 2318/261/2317 2319/261/2318 921/259/921 920/1011/920
f 2317/261/2316 2318/261/2317 920/1011/920 919/380/919
f 1168/378/1168 2317/261/2316 919/380/919 168/259/168
f 1169/1074/1169 2314/376/2313 2317/261/2316 1168/378/1168
f 1170/1073/1170 2311/372/2310 2314/376/2313 1169/1074/1169
f 2320/345/2319 2321/1045/2320 2324/368/2323 2323/383/2322
f 2321/1045/2320 2322/385/2321 2325/1047/2324 2324/368/2323
f 2323/383/2322 2324/368/2323 2327/1075/2326 2326/1076/2325
f 2324/368/2323 2325/1047/2324 2328/1049/2327 2327/1075/2326
f 168/259/168 919/1011/919 2320/345/2319 1167/1052/1167
f 919/1011/919 920/259/920 2321/1045/2320 2320/345/2319
f 920/259/920 921/1011/921 2322/385/2321 2321/1045/2320
f 921/1011/921 128/259/128 901/1051/901 2322/385/2321
f 2322/385/2321 901/1051/901 902/765/902 2325/1047/2324
f 2325/1047/2324 902/765/902 903/1053/903 2328/1049/2327
f 2328/1049/2327 903/1053/903 129/296/129 1156/1025/1156
f 2327/1075/2326 2328/1049/2327 1156/1025/1156 1157/294/1157
f 2326/1076/2325 2327/1075/2326 1157/294/1157 1158/290/1158
f 1165/1077/1165 2326/1076/2325 1158/290/1158 166/288/166
f 1166/386/1166 2323/383/2322 2326/1076/2325 1165/1077/1165
f 1167/1052/1167 2320/345/2319 2323/383/2322 1166/386/1166
f 2329/1078/2328 2330/1079/2329 2333/333/2332 2332/1080/2331
f 2330/1079/2329 2331/1081/2330 2334/839/2333 2333/333/2332
f 2332/1080/2331 2333/333/2332 2336/1082/2335 2335/1083/2334
f 2333/333/2332 2334/839/2333 2337/1084/2336 2336/1082/2335
f 118/224/118 922/397/922 2329/1078/2328 850/364/850
f 922/397/922 923/404/923 2330/1079/2329 2329/1078/2328
f 923/404/923 924/1085/924 2331/1081/2330 2330/1079/2329
f 924/1085/924 130/259/130 936/1051/936 2331/1081/2330
f 2331/1081/2330 936/1051/936 935/765/935 2334/839/2333
f 2334/839/2333 935/765/935 934/1053/934 2337/1084/2336
f 2337/1084/2336 934/1053/934 133/296/133 895/1086/895
f 2336/1082/2335 2337/1084/2336 895/1086/895 896/1087/896
f 2335/1083/2334 2336/1082/2335 896/1087/896 897/1088/897
f 852/755/852 2335/1083/2334 897/1088/897 119/414/119
f 851/843/851 2332/1080/2331 2335/1083/2334 852/755/852
f 850/364/850 2329/1078/2328 2332/1080/2331 851/843/851
f 2338/1089/2337 2339/1090/2338 2342/765/2341 2341/849/2340
f 2339/1090/2338 2340/1084/2339 2343/843/2342 2342/765/2341
f 2341/849/2340 2342/765/2341 2345/1079/2344 2344/1091/2343
f 2342/765/2341 2343/843/2342 2346/1092/2345 2345/1079/2344
f 116/15/116 928/1093/928 2338/1089/2337 750/194/750
f 928/1093/928 929/1094/929 2339/1090/2338 2338/1089/2337
f 929/1094/929 930/1095/930 2340/1084/2339 2339/1090/2338
f 930/1095/930 132/296/132 939/1053/939 2340/1084/2339
f 2340/1084/2339 939/1053/939 938/333/938 2343/843/2342
f 2343/843/2342 938/333/938 937/1070/937 2346/1092/2345
f 2346/1092/2345 937/1070/937 131/377/131 889/1085/889
f 2345/1079/2344 2346/1092/2345 889/1085/889 890/1096/890
f 2344/1091/2343 2345/1079/2344 890/1096/890 891/1097/891
f 748/412/748 2344/1091/2343 891/1097/891 117/49/117
f 749/193/749 2341/849/2340 2344/1091/2343 748/412/748
f 750/194/750 2338/1089/2337 2341/849/2340 749/193/749
f 2347/1098/2346 2348/1099/2347 2351/1100/2350 2350/1101/2349
f 2348/1099/2347 2349/1102/2348 2352/1103/2351 2351/1100/2350
f 2350/1101/2349 2351/1100/2350 2354/1104/2353 2353/1105/2352
f 2351/1100/2350 2352/1103/2351 2355/1102/2354 2354/1104/2353
f 119/414/119 897/1088/897 2347/1098/2346 864/411/864
f 897/1088/897 896/1087/896 2348/1099/2347 2347/1098/2346
f 896/1087/896 895/1086/895 2349/1102/2348 2348/1099/2347
f 895/1086/895 133/296/133 942/1026/942 2349/1102/2348
f 2349/1102/2348 942/1026/942 941/1027/941 2352/1103/2351
f 2352/1103/2351 941/1027/941 940/1028/940 2355/1102/2354
f 2355/1102/2354 940/1028/940 132/296/132 930/1095/930
f 2354/1104/2353 2355/1102/2354 930/1095/930 929/1094/929
f 2353/1105/2352 2354/1104/2353 929/1094/929 928/1093/928
f 862/411/862 2353/1105/2352 928/1093/928 116/15/116
f 863/411/863 2350/1101/2349 2353/1105/2352 862/411/862
f 864/411/864 2347/1098/2346 2350/1101/2349 863/411/863
f 2356/1106/2355 2357/1107/2356 2360/1108/2359 2359/1109/2358
f 2357/1107/2356 2358/1110/2357 2361/1111/2360 2360/1108/2359
f 2359/1109/2358 2360/1108/2359 2363/1112/2362 2362/1113/2361
f 2360/1108/2359 2361/1111/2360 2364/1114/2363 2363/1112/2362
f 117/49/117 891/1097/891 2356/1106/2355 873/1115/873
f 891/1097/891 890/1096/890 2357/1107/2356 2356/1106/2355
f 890/1096/890 889/1085/889 2358/1110/2357 2357/1107/2356
f 889/1085/889 131/377/131 945/1059/945 2358/1110/2357
f 2358/1110/2357 945/1059/945 944/262/944 2361/1111/2360
f 2361/1111/2360 944/262/944 943/1059/943 2364/1114/2363
f 2364/1114/2363 943/1059/943 130/259/130 924/1085/924
f 2363/1112/2362 2364/1114/2363 924/1085/924 923/404/923
f 2362/1113/2361 2363/1112/2362 923/404/923 922/397/922
f 871/998/871 2362/1113/2361 922/397/922 118/224/118
f 872/999/872 2359/1109/2358 2362/1113/2361 871/998/871
f 873/1115/873 2356/1106/2355 2359/1109/2358 872/999/872
f 2365/1116/2364 2366/1117/2365 2369/1118/2368 2368/1119/2367
f 2366/1117/2365 2367/1120/2366 2370/1121/2369 2369/1118/2368
f 2368/1119/2367 2369/1118/2368 2372/1122/2371 2371/1123/2370
f 2369/1118/2368 2370/1121/2369 2373/1124/2372 2372/1122/2371
f 134/451/134 946/453/946 2365/1116/2364 951/452/951
f 946/453/946 947/465/947 2366/1117/2365 2365/1116/2364
f 947/465/947 948/463/948 2367/1120/2366 2366/1117/2365
f 948/463/948 135/464/135 955/1125/955 2367/1120/2366
f 2367/1120/2366 955/1125/955 956/1126/956 2370/1121/2369
f 2370/1121/2369 956/1126/956 957/1127/957 2373/1124/2372
f 2373/1124/2372 957/1127/957 137/79/137 952/940/952
f 2372/1122/2371 2373/1124/2372 952/940/952 953/939/953
f 2371/1123/2370 2372/1122/2371 953/939/953 954/1128/954
f 949/455/949 2371/1123/2370 954/1128/954 136/118/136
f 950/454/950 2368/1119/2367 2371/1123/2370 949/455/949
f 951/452/951 2365/1116/2364 2368/1119/2367 950/454/950
f 2374/138/2373 2375/138/2374 2378/138/2377 2377/138/2376
f 2375/138/2374 2376/138/2375 2379/138/2378 2378/138/2377
f 2377/138/2376 2378/138/2377 2381/138/2380 2380/138/2379
f 2378/138/2377 2379/138/2378 2382/138/2381 2381/138/2380
f 113/138/113 969/138/969 2374/138/2373 813/138/813
f 969/138/969 968/138/968 2375/138/2374 2374/138/2373
f 968/138/968 967/138/967 2376/138/2375 2375/138/2374
f 967/138/967 135/138/135 948/138/948 2376/138/2375
f 2376/138/2375 948/138/948 947/138/947 2379/138/2378
f 2379/138/2378 947/138/947 946/138/946 2382/138/2381
f 2382/138/2381 946/138/946 134/138/134 966/138/966
f 2381/138/2380 2382/138/2381 966/138/966 965/138/965
f 2380/138/2379 2381/138/2380 965/138/965 964/138/964
f 811/138/811 2380/138/2379 964/138/964 112/138/112
f 812/138/812 2377/138/2376 2380/138/2379 811/138/811
f 813/138/813 2374/138/2373 2377/138/2376 812/138/812
f 2383/138/2382 2384/138/2383 2387/138/2386 2386/138/2385
f 2384/138/2383 2385/138/2384 2388/138/2387 2387/138/2386
f 2386/138/2385 2387/138/2386 2390/138/2389 2389/138/2388
f 2387/138/2386 2388/138/2387 2391/138/2390 2390/138/2389
f 113/138/113 987/138/987 2383/138/2382 969/138/969
f 987/138/987 986/138/986 2384/138/2383 2383/138/2382
f 986/138/986 985/138/985 2385/138/2384 2384/138/2383
f 985/138/985 138/138/138 981/138/981 2385/138/2384
f 2385/138/2384 981/138/981 980/138/980 2388/138/2387
f 2388/138/2387 980/138/980 979/138/979 2391/138/2390
f 2391/138/2390 979/138/979 140/138/140 984/138/984
f 2390/138/2389 2391/138/2390 984/138/984 983/138/983
f 2389/138/2388 2390/138/2389 983/138/983 982/138/982
f 967/138/967 2389/138/2388 982/138/982 135/138/135
f 968/138/968 2386/138/2385 2389/138/2388 967/138/967
f 969/138/969 2383/138/2382 2386/138/2385 968/138/968
f 2392/921/2391 2393/921/2392 2396/109/2395 2395/109/2394
f 2393/921/2392 2394/921/2393 2397/109/2396 2396/109/2395
f 2395/109/2394 2396/109/2395 2399/111/2398 2398/111/2397
f 2396/109/2395 2397/109/2396 2400/111/2399 2399/111/2398
f 112/119/112 964/114/964 2392/921/2391 816/921/816
f 964/114/964 965/114/965 2393/921/2392 2392/921/2391
f 965/114/965 966/119/966 2394/921/2393 2393/921/2392
f 966/119/966 134/119/134 951/469/951 2394/921/2393
f 2394/921/2393 951/469/951 950/109/950 2397/109/2396
f 2397/109/2396 950/109/950 949/111/949 2400/111/2399
f 2400/111/2399 949/111/949 136/129/136 961/117/961
f 2399/111/2398 2400/111/2399 961/117/961 962/117/962
f 2398/111/2397 2399/111/2398 962/117/962 963/118/963
f 814/111/814 2398/111/2397 963/118/963 114/148/114
f 815/109/815 2395/109/2394 2398/111/2397 814/111/814
f 816/921/816 2392/921/2391 2395/109/2394 815/109/815
f 2401/1129/2400 2402/1130/2401 2405/509/2404 2404/1131/2403
f 2402/1130/2401 2403/1132/2402 2406/513/2405 2405/509/2404
f 2404/1131/2403 2405/509/2404 2408/512/2407 2407/515/2406
f 2405/509/2404 2406/513/2405 2409/511/2408 2408/512/2407
f 139/79/139 976/1133/976 2401/1129/2400 972/161/972
f 976/1133/976 977/1134/977 2402/1130/2401 2401/1129/2400
f 977/1134/977 978/1135/978 2403/1132/2402 2402/1130/2401
f 978/1135/978 141/83/141 975/106/975 2403/1132/2402
f 2403/1132/2402 975/106/975 974/105/974 2406/513/2405
f 2406/513/2405 974/105/974 973/77/973 2409/511/2408
f 2409/511/2408 973/77/973 140/81/140 979/82/979
f 2408/512/2407 2409/511/2408 979/82/979 980/81/980
f 2407/515/2406 2408/512/2407 980/81/980 981/475/981
f 970/473/970 2407/515/2406 981/475/981 138/474/138
f 971/472/971 2404/1131/2403 2407/515/2406 970/473/970
f 972/161/972 2401/1129/2400 2404/1131/2403 971/472/971
f 2410/1136/2409 2411/1137/2410 2414/1138/2413 2413/1139/2412
f 2411/1137/2410 2412/1140/2411 2415/1141/2414 2414/1138/2413
f 2413/1139/2412 2414/1138/2413 2417/1142/2416 2416/1143/2415
f 2414/1138/2413 2415/1141/2414 2418/1144/2417 2417/1142/2416
f 135/464/135 982/486/982 2410/1136/2409 955/1125/955
f 982/486/982 983/486/983 2411/1137/2410 2410/1136/2409
f 983/486/983 984/486/984 2412/1140/2411 2411/1137/2410
f 984/486/984 140/493/140 973/492/973 2412/1140/2411
f 2412/1140/2411 973/492/973 974/491/974 2415/1141/2414
f 2415/1141/2414 974/491/974 975/490/975 2418/1144/2417
f 2418/1144/2417 975/490/975 141/476/141 990/125/990
f 2417/1142/2416 2418/1144/2417 990/125/990 989/125/989
f 2416/1143/2415 2417/1142/2416 989/125/989 988/83/988
f 957/1127/957 2416/1143/2415 988/83/988 137/79/137
f 956/1126/956 2413/1139/2412 2416/1143/2415 957/1127/957
f 955/1125/955 2410/1136/2409 2413/1139/2412 956/1126/956
f 2419/1145/2418 2420/1146/2419 2423/1147/2422 2422/1148/2421
f 2420/1146/2419 2421/1149/2420 2424/1150/2423 2423/1147/2422
f 2422/1148/2421 2423/1147/2422 2426/1146/2425 2425/1151/2424
f 2423/1147/2422 2424/1150/2423 2427/1152/2426 2426/1146/2425
f 137/125/137 988/83/988 2419/1145/2418 960/125/960
f 988/83/988 989/125/989 2420/1146/2419 2419/1145/2418
f 989/125/989 990/125/990 2421/1149/2420 2420/1146/2419
f 990/125/990 141/83/141 978/1153/978 2421/1149/2420
f 2421/1149/2420 978/1153/978 977/1134/977 2424/1150/2423
f 2424/1150/2423 977/1134/977 976/1133/976 2427/1152/2426
f 2427/1152/2426 976/1133/976 139/79/139 993/125/993
f 2426/1146/2425 2427/1152/2426 993/125/993 992/125/992
f 2425/1151/2424 2426/1146/2425 992/125/992 991/125/991
f 958/125/958 2425/1151/2424 991/125/991 115/941/115
f 959/125/959 2422/1148/2421 2425/1151/2424 958/125/958
f 960/125/960 2419/1145/2418 2422/1148/2421 959/125/959
f 2428/161/2427 2429/161/2428 2432/159/2431 2431/159/2430
f 2429/161/2428 2430/161/2429 2433/159/2432 2432/159/2431
f 2431/159/2430 2432/159/2431 2435/77/2434 2434/77/2433
f 2432/159/2431 2433/159/2432 2436/77/2435 2435/77/2434
f 115/941/115 991/125/991 2428/161/2427 822/164/822
f 991/125/991 992/125/992 2429/161/2428 2428/161/2427
f 992/125/992 993/125/993 2430/161/2429 2429/161/2428
f 993/125/993 139/125/139 972/161/972 2430/161/2429
f 2430/161/2429 972/161/972 971/472/971 2433/159/2432
f 2433/159/2432 971/472/971 970/473/970 2436/77/2435
f 2436/77/2435 970/473/970 138/474/138 985/475/985
f 2435/77/2434 2436/77/2435 985/475/985 986/81/986
f 2434/77/2433 2435/77/2434 986/81/986 987/82/987
f 820/162/820 2434/77/2433 987/82/987 113/81/113
f 821/163/821 2431/159/2430 2434/77/2433 820/162/820
f 822/164/822 2428/161/2427 2431/159/2430 821/163/821
f 2437/921/2436 2438/921/2437 2441/109/2440 2440/109/2439
f 2438/921/2437 2439/921/2438 2442/109/2441 2441/109/2440
f 2440/109/2439 2441/109/2440 2444/111/2443 2443/111/2442
f 2441/109/2440 2442/109/2441 2445/111/2444 2444/111/2443
f 109/928/109 1000/136/1000 2437/921/2436 792/108/792
f 1000/136/1000 1001/114/1001 2438/921/2437 2437/921/2436
f 1001/114/1001 1002/166/1002 2439/921/2438 2438/921/2437
f 1002/166/1002 144/166/144 1008/469/1008 2439/921/2438
f 2439/921/2438 1008/469/1008 1007/109/1007 2442/109/2441
f 2442/109/2441 1007/109/1007 1006/111/1006 2445/111/2444
f 2445/111/2444 1006/111/1006 143/118/143 826/927/826
f 2444/111/2443 2445/111/2444 826/927/826 827/117/827
f 2443/111/2442 2444/111/2443 827/117/827 828/117/828
f 790/111/790 2443/111/2442 828/117/828 111/118/111
f 791/109/791 2440/109/2439 2443/111/2442 790/111/790
f 792/108/792 2437/921/2436 2440/109/2439 791/109/791
f 2446/161/2445 2447/161/2446 2450/76/2449 2449/76/2448
f 2447/161/2446 2448/161/2447 2451/76/2450 2450/76/2449
f 2449/76/2448 2450/76/2449 2453/78/2452 2452/78/2451
f 2450/76/2449 2451/76/2450 2454/78/2453 2453/78/2452
f 110/83/110 994/104/994 2446/161/2445 798/106/798
f 994/104/994 995/104/995 2447/161/2446 2446/161/2445
f 995/104/995 996/130/996 2448/161/2447 2447/161/2446
f 996/130/996 142/79/142 1011/161/1011 2448/161/2447
f 2448/161/2447 1011/161/1011 1010/76/1010 2451/76/2450
f 2451/76/2450 1010/76/1010 1009/77/1009 2454/78/2453
f 2454/78/2453 1009/77/1009 145/81/145 832/82/832
f 2453/78/2452 2454/78/2453 832/82/832 833/82/833
f 2452/78/2451 2453/78/2452 833/82/833 834/82/834
f 796/77/796 2452/78/2451 834/82/834 108/81/108
f 797/105/797 2449/76/2448 2452/78/2451 796/77/796
f 798/106/798 2446/161/2445 2449/76/2448 797/105/797
f 2455/138/2454 2456/138/2455 2459/138/2458 2458/138/2457
f 2456/138/2455 2457/138/2456 2460/138/2459 2459/138/2458
f 2458/138/2457 2459/138/2458 2462/138/2461 2461/138/2460
f 2459/138/2458 2460/138/2459 2463/138/2462 2462/138/2461
f 108/138/108 834/138/834 2455/138/2454 789/138/789
f 834/138/834 833/138/833 2456/138/2455 2455/138/2454
f 833/138/833 832/138/832 2457/138/2456 2456/138/2455
f 832/138/832 145/138/145 1014/138/1014 2457/138/2456
f 2457/138/2456 1014/138/1014 1013/138/1013 2460/138/2459
f 2460/138/2459 1013/138/1013 1012/138/1012 2463/138/2462
f 2463/138/2462 1012/138/1012 144/138/144 1002/138/1002
f 2462/138/2461 2463/138/2462 1002/138/1002 1001/138/1001
f 2461/138/2460 2462/138/2461 1001/138/1001 1000/138/1000
f 787/138/787 2461/138/2460 1000/138/1000 109/138/109
f 788/138/788 2458/138/2457 2461/138/2460 787/138/787
f 789/138/789 2455/138/2454 2458/138/2457 788/138/788
f 2464/120/2463 2465/120/2464 2468/121/2467 2467/121/2466
f 2465/120/2464 2466/120/2465 2469/121/2468 2468/121/2467
f 2467/121/2466 2468/121/2467 2471/123/2470 2470/123/2469
f 2468/121/2467 2469/121/2468 2472/123/2471 2471/123/2470
f 111/118/111 828/117/828 2464/120/2463 795/120/795
f 828/117/828 827/117/827 2465/120/2464 2464/120/2463
f 827/117/827 826/927/826 2466/120/2465 2465/120/2464
f 826/927/826 143/118/143 1017/120/1017 2466/120/2465
f 2466/120/2465 1017/120/1017 1016/126/1016 2469/121/2468
f 2469/121/2468 1016/126/1016 1015/123/1015 2472/123/2471
f 2472/123/2471 1015/123/1015 142/79/142 996/130/996
f 2471/123/2470 2472/123/2471 996/130/996 995/104/995
f 2470/123/2469 2471/123/2470 995/104/995 994/104/994
f 793/128/793 2470/123/2469 994/104/994 110/83/110
f 794/133/794 2467/121/2466 2470/123/2469 793/128/793
f 795/120/795 2464/120/2463 2467/121/2466 794/133/794
f 2473/1154/2472 2474/519/2473 2477/518/2476 2476/518/2475
f 2474/519/2473 2475/1155/2474 2478/518/2477 2477/518/2476
f 2476/518/2475 2477/518/2476 2480/1156/2479 2479/1157/2478
f 2477/518/2476 2478/518/2477 2481/524/2480 2480/1156/2479
f 159/102/159 1116/102/1116 2473/1154/2472 1128/1158/1128
f 1116/102/1116 1115/525/1115 2474/519/2473 2473/1154/2472
f 1115/525/1115 1114/525/1114 2475/1155/2474 2474/519/2473
f 1114/525/1114 148/525/148 1035/531/1035 2475/1155/2474
f 2475/1155/2474 1035/531/1035 1034/522/1034 2478/518/2477
f 2478/518/2477 1034/522/1034 1033/521/1033 2481/524/2480
f 2481/524/2480 1033/521/1033 58/97/58 510/97/510
f 2480/1156/2479 2481/524/2480 510/97/510 509/97/509
f 2479/1157/2478 2480/1156/2479 509/97/509 508/530/508
f 1126/521/1126 2479/1157/2478 508/530/508 79/40/79
f 1127/518/1127 2476/518/2475 2479/1157/2478 1126/521/1126
f 1128/1158/1128 2473/1154/2472 2476/518/2475 1127/518/1127
f 2482/1159/2481 2483/1160/2482 2486/1161/2485 2485/1162/2484
f 2483/1160/2482 2484/1163/2483 2487/583/2486 2486/1161/2485
f 2485/1162/2484 2486/1161/2485 2489/1164/2488 2488/1165/2487
f 2486/1161/2485 2487/583/2486 2490/1166/2489 2489/1164/2488
f 103/586/103 1032/1167/1032 2482/1159/2481 762/570/762
f 1032/1167/1032 1031/1168/1031 2483/1160/2482 2482/1159/2481
f 1031/1168/1031 1030/1169/1030 2484/1163/2483 2483/1160/2482
f 1030/1169/1030 147/547/147 1023/570/1023 2484/1163/2483
f 2484/1163/2483 1023/570/1023 1022/699/1022 2487/583/2486
f 2487/583/2486 1022/699/1022 1021/571/1021 2490/1166/2489
f 2490/1166/2489 1021/571/1021 146/243/146 1027/919/1027
f 2489/1164/2488 2490/1166/2489 1027/919/1027 1028/103/1028
f 2488/1165/2487 2489/1164/2488 1028/103/1028 1029/917/1029
f 760/571/760 2488/1165/2487 1029/917/1029 105/44/105
f 761/699/761 2485/1162/2484 2488/1165/2487 760/571/760
f 762/570/762 2482/1159/2481 2485/1162/2484 761/699/761
f 2491/1170/2490 2492/1171/2491 2495/1172/2494 2494/1173/2493
f 2492/1171/2491 2493/1174/2492 2496/1175/2495 2495/1172/2494
f 2494/1173/2493 2495/1172/2494 2498/1176/2497 2497/1177/2496
f 2495/1172/2494 2496/1175/2495 2499/1178/2498 2498/1176/2497
f 2/211/2 186/559/186 2491/1170/2490 771/1179/771
f 186/559/186 185/559/185 2492/1171/2491 2491/1170/2490
f 185/559/185 184/564/184 2493/1174/2492 2492/1171/2491
f 184/564/184 53/565/53 1026/563/1026 2493/1174/2492
f 2493/1174/2492 1026/563/1026 1025/562/1025 2496/1175/2495
f 2496/1175/2495 1025/562/1025 1024/561/1024 2499/1178/2498
f 2499/1178/2498 1024/561/1024 147/547/147 1030/1169/1030
f 2498/1176/2497 2499/1178/2498 1030/1169/1030 1031/1168/1031
f 2497/1177/2496 2498/1176/2497 1031/1168/1031 1032/1167/1032
f 769/1180/769 2497/1177/2496 1032/1167/1032 103/586/103
f 770/1181/770 2494/1173/2493 2497/1177/2496 769/1180/769
f 771/1179/771 2491/1170/2490 2494/1173/2493 770/1181/770
f 2500/1182/2499 2501/1183/2500 2504/1184/2503 2503/1185/2502
f 2501/1183/2500 2502/1186/2501 2505/1187/2504 2504/1184/2503
f 2503/1185/2502 2504/1184/2503 2507/1188/2506 2506/1189/2505
f 2504/1184/2503 2505/1187/2504 2508/1190/2507 2507/1188/2506
f 149/576/149 1077/1191/1077 2500/1182/2499 1038/573/1038
f 1077/1191/1077 1076/1192/1076 2501/1183/2500 2500/1182/2499
f 1076/1192/1076 1075/1193/1075 2502/1186/2501 2501/1183/2500
f 1075/1193/1075 153/1194/153 1068/1195/1068 2502/1186/2501
f 2502/1186/2501 1068/1195/1068 1067/1196/1067 2505/1187/2504
f 2505/1187/2504 1067/1196/1067 1066/1197/1066 2508/1190/2507
f 2508/1190/2507 1066/1197/1066 152/525/152 1074/525/1074
f 2507/1188/2506 2508/1190/2507 1074/525/1074 1073/525/1073
f 2506/1189/2505 2507/1188/2506 1073/525/1073 1072/525/1072
f 1036/575/1036 2506/1189/2505 1072/525/1072 148/525/148
f 1037/567/1037 2503/1185/2502 2506/1189/2505 1036/575/1036
f 1038/573/1038 2500/1182/2499 2503/1185/2502 1037/567/1037
f 2509/1198/2508 2510/1199/2509 2513/1161/2512 2512/583/2511
f 2510/1199/2509 2511/1200/2510 2514/1201/2513 2513/1161/2512
f 2512/583/2511 2513/1161/2512 2516/582/2515 2515/1202/2514
f 2513/1161/2512 2514/1201/2513 2517/1203/2516 2516/582/2515
f 160/586/160 1119/1204/1119 2509/1198/2508 1125/570/1125
f 1119/1204/1119 1118/591/1118 2510/1199/2509 2509/1198/2508
f 1118/591/1118 1117/1205/1117 2511/1200/2510 2510/1199/2509
f 1117/1205/1117 149/576/149 1038/573/1038 2511/1200/2510
f 2511/1200/2510 1038/573/1038 1037/567/1037 2514/1201/2513
f 2514/1201/2513 1037/567/1037 1036/575/1036 2517/1203/2516
f 2517/1203/2516 1036/575/1036 148/525/148 1114/525/1114
f 2516/582/2515 2517/1203/2516 1114/525/1114 1115/525/1115
f 2515/1202/2514 2516/582/2515 1115/525/1115 1116/102/1116
f 1123/1206/1123 2515/1202/2514 1116/102/1116 159/102/159
f 1124/699/1124 2512/583/2511 2515/1202/2514 1123/1206/1123
f 1125/570/1125 2509/1198/2508 2512/583/2511 1124/699/1124
f 2518/1207/2517 2519/1208/2518 2522/594/2521 2521/1209/2520
f 2519/1208/2518 2520/1210/2519 2523/1211/2522 2522/594/2521
f 2521/1209/2520 2522/594/2521 2525/1212/2524 2524/1213/2523
f 2522/594/2521 2523/1211/2522 2526/1214/2525 2525/1212/2524
f 65/564/65 609/559/609 2518/1207/2517 1122/601/1122
f 609/559/609 608/559/608 2519/1208/2518 2518/1207/2517
f 608/559/608 607/559/607 2520/1210/2519 2519/1208/2518
f 607/559/607 57/211/57 1041/1215/1041 2520/1210/2519
f 2520/1210/2519 1041/1215/1041 1040/1216/1040 2523/1211/2522
f 2523/1211/2522 1040/1216/1040 1039/1217/1039 2526/1214/2525
f 2526/1214/2525 1039/1217/1039 149/576/149 1117/1205/1117
f 2525/1212/2524 2526/1214/2525 1117/1205/1117 1118/591/1118
f 2524/1213/2523 2525/1212/2524 1118/591/1118 1119/1204/1119
f 1120/603/1120 2524/1213/2523 1119/1204/1119 160/586/160
f 1121/602/1121 2521/1209/2520 2524/1213/2523 1120/603/1120
f 1122/601/1122 2518/1207/2517 2521/1209/2520 1121/602/1121
f 2527/120/2526 2528/120/2527 2531/121/2530 2530/121/2529
f 2528/120/2527 2529/120/2528 2532/121/2531 2531/121/2530
f 2530/121/2529 2531/121/2530 2534/123/2533 2533/123/2532
f 2531/121/2530 2532/121/2531 2535/123/2534 2534/123/2533
f 104/118/104 1051/117/1051 2527/120/2526 759/120/759
f 1051/117/1051 1052/117/1052 2528/120/2527 2527/120/2526
f 1052/117/1052 1053/927/1053 2529/120/2528 2528/120/2527
f 1053/927/1053 151/117/151 1056/120/1056 2529/120/2528
f 2529/120/2528 1056/120/1056 1055/121/1055 2532/121/2531
f 2532/121/2531 1055/121/1055 1054/123/1054 2535/123/2534
f 2535/123/2534 1054/123/1054 150/124/150 781/79/781
f 2534/123/2533 2535/123/2534 781/79/781 782/83/782
f 2533/123/2532 2534/123/2533 782/83/782 783/83/783
f 757/123/757 2533/123/2532 783/83/783 102/125/102
f 758/126/758 2530/121/2529 2533/123/2532 757/123/757
f 759/120/759 2527/120/2526 2530/121/2529 758/126/758
f 2536/921/2535 2537/921/2536 2540/109/2539 2539/109/2538
f 2537/921/2536 2538/921/2537 2541/109/2540 2540/109/2539
f 2539/109/2538 2540/109/2539 2543/111/2542 2542/111/2541
f 2540/109/2539 2541/109/2540 2544/624/2543 2543/111/2542
f 3/112/3 237/114/237 2536/921/2535 753/108/753
f 237/114/237 236/114/236 2537/921/2536 2536/921/2535
f 236/114/236 235/114/235 2538/921/2537 2537/921/2536
f 235/114/235 64/112/64 1059/113/1059 2538/921/2537
f 2538/921/2537 1059/113/1059 1058/115/1058 2541/109/2540
f 2541/109/2540 1058/115/1058 1057/116/1057 2544/624/2543
f 2544/624/2543 1057/116/1057 151/117/151 1053/927/1053
f 2543/111/2542 2544/624/2543 1053/927/1053 1052/117/1052
f 2542/111/2541 2543/111/2542 1052/117/1052 1051/117/1051
f 751/111/751 2542/111/2541 1051/117/1051 104/118/104
f 752/109/752 2539/109/2538 2542/111/2541 751/111/751
f 753/108/753 2536/921/2535 2539/109/2538 752/109/752
f 2545/1218/2544 2546/1219/2545 2549/1220/2548 2548/1221/2547
f 2546/1219/2545 2547/1222/2546 2550/1223/2549 2549/1220/2548
f 2548/1221/2547 2549/1220/2548 2552/1224/2551 2551/1225/2550
f 2549/1220/2548 2550/1223/2549 2553/1226/2552 2552/1224/2551
f 102/79/102 783/83/783 2545/1218/2544 768/1227/768
f 783/83/783 782/83/782 2546/1219/2545 2545/1218/2544
f 782/83/782 781/79/781 2547/1222/2546 2546/1219/2545
f 781/79/781 150/79/150 1062/80/1062 2547/1222/2546
f 2547/1222/2546 1062/80/1062 1061/76/1061 2550/1223/2549
f 2550/1223/2549 1061/76/1061 1060/77/1060 2553/1226/2552
f 2553/1226/2552 1060/77/1060 61/81/61 519/82/519
f 2552/1224/2551 2553/1226/2552 519/82/519 518/82/518
f 2551/1225/2550 2552/1224/2551 518/82/518 517/82/517
f 766/1228/766 2551/1225/2550 517/82/517 1/24/1
f 767/876/767 2548/1221/2547 2551/1225/2550 766/1228/766
f 768/1227/768 2545/1218/2544 2548/1221/2547 767/876/767
f 2554/1229/2553 2555/1230/2554 2558/1231/2557 2557/1232/2556
f 2555/1230/2554 2556/1233/2555 2559/1234/2558 2558/1231/2557
f 2557/1232/2556 2558/1231/2557 2561/1235/2560 2560/1236/2559
f 2558/1231/2557 2559/1234/2558 2562/1237/2561 2561/1235/2560
f 155/586/155 1113/1238/1113 2554/1229/2553 1084/644/1084
f 1113/1238/1113 1112/1239/1112 2555/1230/2554 2554/1229/2553
f 1112/1239/1112 1111/1240/1111 2556/1233/2555 2555/1230/2554
f 1111/1240/1111 158/547/158 1102/636/1102 2556/1233/2555
f 2556/1233/2555 1102/636/1102 1103/638/1103 2559/1234/2558
f 2559/1234/2558 1103/638/1103 1104/651/1104 2562/1237/2561
f 2562/1237/2561 1104/651/1104 78/650/78 576/649/576
f 2561/1235/2560 2562/1237/2561 576/649/576 575/648/575
f 2560/1236/2559 2561/1235/2560 575/648/575 574/647/574
f 1086/640/1086 2560/1236/2559 574/647/574 69/647/69
f 1085/646/1085 2557/1232/2556 2560/1236/2559 1086/640/1086
f 1084/644/1084 2554/1229/2553 2557/1232/2556 1085/646/1085
f 2563/1241/2562 2564/1242/2563 2567/1243/2566 2566/1244/2565
f 2564/1242/2563 2565/1245/2564 2568/1246/2567 2567/1243/2566
f 2566/1244/2565 2567/1243/2566 2570/1247/2569 2569/1248/2568
f 2567/1243/2566 2568/1246/2567 2571/1249/2570 2570/1247/2569
f 149/576/149 1110/574/1110 2563/1241/2562 1077/1191/1077
f 1110/574/1110 1109/574/1109 2564/1242/2563 2563/1241/2562
f 1109/574/1109 1108/645/1108 2565/1245/2564 2564/1242/2563
f 1108/645/1108 156/574/156 1101/645/1101 2565/1245/2564
f 2565/1245/2564 1101/645/1101 1100/645/1100 2568/1246/2567
f 2568/1246/2567 1100/645/1100 1099/708/1099 2571/1249/2570
f 2571/1249/2570 1099/708/1099 157/665/157 1071/1250/1071
f 2570/1247/2569 2571/1249/2570 1071/1250/1071 1070/1251/1070
f 2569/1248/2568 2570/1247/2569 1070/1251/1070 1069/1252/1069
f 1075/1253/1075 2569/1248/2568 1069/1252/1069 153/1254/153
f 1076/1192/1076 2566/1244/2565 2569/1248/2568 1075/1253/1075
f 1077/1191/1077 2563/1241/2562 2566/1244/2565 1076/1192/1076
f 2572/519/2571 2573/1158/2572 2576/518/2575 2575/518/2574
f 2573/1158/2572 2574/516/2573 2577/1255/2576 2576/518/2575
f 2575/518/2574 2576/518/2575 2579/1156/2578 2578/1156/2577
f 2576/518/2575 2577/1255/2576 2580/1256/2579 2579/1156/2578
f 148/525/148 1072/525/1072 2572/519/2571 1035/531/1035
f 1072/525/1072 1073/525/1073 2573/1158/2572 2572/519/2571
f 1073/525/1073 1074/525/1074 2574/516/2573 2573/1158/2572
f 1074/525/1074 152/525/152 1065/1257/1065 2574/516/2573
f 2574/516/2573 1065/1257/1065 1064/527/1064 2577/1255/2576
f 2577/1255/2576 1064/527/1064 1063/528/1063 2580/1256/2579
f 2580/1256/2579 1063/528/1063 66/40/66 558/97/558
f 2579/1156/2578 2580/1256/2579 558/97/558 557/97/557
f 2578/1156/2577 2579/1156/2578 557/97/557 556/97/556
f 1033/521/1033 2578/1156/2577 556/97/556 58/97/58
f 1034/522/1034 2575/518/2574 2578/1156/2577 1033/521/1033
f 1035/531/1035 2572/519/2571 2575/518/2574 1034/522/1034
f 2581/1258/2580 2582/674/2581 2585/1259/2584 2584/672/2583
f 2582/674/2581 2583/1260/2582 2586/1261/2585 2585/1259/2584
f 2584/672/2583 2585/1259/2584 2588/1262/2587 2587/1263/2586
f 2585/1259/2584 2586/1261/2585 2589/679/2588 2588/1262/2587
f 154/102/154 1081/571/1081 2581/1258/2580 1080/680/1080
f 1081/571/1081 1082/567/1082 2582/674/2581 2581/1258/2580
f 1082/567/1082 1083/570/1083 2583/1260/2582 2582/674/2581
f 1083/570/1083 155/643/155 1084/644/1084 2583/1260/2582
f 2583/1260/2582 1084/644/1084 1085/646/1085 2586/1261/2585
f 2586/1261/2585 1085/646/1085 1086/640/1086 2589/679/2588
f 2589/679/2588 1086/640/1086 69/647/69 559/686/559
f 2588/1262/2587 2589/679/2588 559/686/559 560/685/560
f 2587/1263/2586 2588/1262/2587 560/685/560 561/684/561
f 1078/682/1078 2587/1263/2586 561/684/561 70/683/70
f 1079/681/1079 2584/672/2583 2587/1263/2586 1078/682/1078
f 1080/680/1080 2581/1258/2580 2584/672/2583 1079/681/1079
f 2590/744/2589 2591/1264/2590 2594/1265/2593 2593/745/2592
f 2591/1264/2590 2592/694/2591 2595/688/2594 2594/1265/2593
f 2593/745/2592 2594/1265/2593 2597/1266/2596 2596/749/2595
f 2594/1265/2593 2595/688/2594 2598/691/2597 2597/1266/2596
f 152/525/152 1092/525/1092 2590/744/2589 1065/1257/1065
f 1092/525/1092 1091/102/1091 2591/1264/2590 2590/744/2589
f 1091/102/1091 1090/525/1090 2592/694/2591 2591/1264/2590
f 1090/525/1090 154/1267/154 1080/519/1080 2592/694/2591
f 2592/694/2591 1080/519/1080 1079/518/1079 2595/688/2594
f 2595/688/2594 1079/518/1079 1078/521/1078 2598/691/2597
f 2598/691/2597 1078/521/1078 70/40/70 579/697/579
f 2597/1266/2596 2598/691/2597 579/697/579 578/696/578
f 2596/749/2595 2597/1266/2596 578/696/578 577/1268/577
f 1063/528/1063 2596/749/2595 577/1268/577 66/40/66
f 1064/527/1064 2593/745/2592 2596/749/2595 1063/528/1063
f 1065/1257/1065 2590/744/2589 2593/745/2592 1064/527/1064
f 2599/1269/2598 2600/1270/2599 2603/1271/2602 2602/1272/2601
f 2600/1270/2599 2601/1273/2600 2604/1274/2603 2603/1271/2602
f 2602/1272/2601 2603/1271/2602 2606/1275/2605 2605/1190/2604
f 2603/1271/2602 2604/1274/2603 2607/1276/2606 2606/1275/2605
f 153/1194/153 1087/1277/1087 2599/1269/2598 1068/1195/1068
f 1087/1277/1087 1088/1278/1088 2600/1270/2599 2599/1269/2598
f 1088/1278/1088 1089/1279/1089 2601/1273/2600 2600/1270/2599
f 1089/1279/1089 155/586/155 1083/570/1083 2601/1273/2600
f 2601/1273/2600 1083/570/1083 1082/699/1082 2604/1274/2603
f 2604/1274/2603 1082/699/1082 1081/571/1081 2607/1276/2606
f 2607/1276/2606 1081/571/1081 154/1267/154 1090/525/1090
f 2606/1275/2605 2607/1276/2606 1090/525/1090 1091/102/1091
f 2605/1190/2604 2606/1275/2605 1091/102/1091 1092/525/1092
f 1066/1197/1066 2605/1190/2604 1092/525/1092 152/525/152
f 1067/1196/1067 2602/1272/2601 2605/1190/2604 1066/1197/1066
f 1068/1195/1068 2599/1269/2598 2602/1272/2601 1067/1196/1067
f 2608/1280/2607 2609/1281/2608 2612/1282/2611 2611/1283/2610
f 2609/1281/2608 2610/1284/2609 2613/1285/2612 2612/1282/2611
f 2611/1283/2610 2612/1282/2611 2615/1286/2614 2614/1287/2613
f 2612/1282/2611 2613/1285/2612 2616/1288/2615 2615/1286/2614
f 73/559/73 600/559/600 2608/1280/2607 1098/601/1098
f 600/559/600 599/559/599 2609/1281/2608 2608/1280/2607
f 599/559/599 598/709/598 2610/1284/2609 2609/1281/2608
f 598/709/598 78/564/78 1104/703/1104 2610/1284/2609
f 2610/1284/2609 1104/703/1104 1103/602/1103 2613/1285/2612
f 2613/1285/2612 1103/602/1103 1102/603/1102 2616/1288/2615
f 2616/1288/2615 1102/603/1102 158/547/158 1107/1289/1107
f 2615/1286/2614 2616/1288/2615 1107/1289/1107 1106/1290/1106
f 2614/1287/2613 2615/1286/2614 1106/1290/1106 1105/1291/1105
f 1096/706/1096 2614/1287/2613 1105/1291/1105 157/665/157
f 1097/705/1097 2611/1283/2610 2614/1287/2613 1096/706/1096
f 1098/601/1098 2608/1280/2607 2611/1283/2610 1097/705/1097
f 2617/700/2616 2618/1292/2617 2621/602/2620 2620/602/2619
f 2618/1292/2617 2619/1292/2618 2622/602/2621 2621/602/2620
f 2620/602/2619 2621/602/2620 2624/561/2623 2623/561/2622
f 2621/602/2620 2622/602/2621 2625/704/2624 2624/561/2623
f 74/211/74 540/559/540 2617/700/2616 1095/1292/1095
f 540/559/540 539/559/539 2618/1292/2617 2617/700/2616
f 539/559/539 538/559/538 2619/1292/2618 2618/1292/2617
f 538/559/538 73/559/73 1098/601/1098 2619/1292/2618
f 2619/1292/2618 1098/601/1098 1097/705/1097 2622/602/2621
f 2622/602/2621 1097/705/1097 1096/706/1096 2625/704/2624
f 2625/704/2624 1096/706/1096 157/707/157 1099/708/1099
f 2624/561/2623 2625/704/2624 1099/708/1099 1100/645/1100
f 2623/561/2622 2624/561/2623 1100/645/1100 1101/645/1101
f 1093/704/1093 2623/561/2622 1101/645/1101 156/547/156
f 1094/602/1094 2620/602/2619 2623/561/2622 1093/704/1093
f 1095/1292/1095 2617/700/2616 2620/602/2619 1094/602/1094
f 2626/1293/2625 2627/1294/2626 2630/1295/2629 2629/1296/2628
f 2627/1294/2626 2628/1297/2627 2631/1298/2630 2630/1295/2629
f 2629/1296/2628 2630/1295/2629 2633/1299/2632 2632/1300/2631
f 2630/1295/2629 2631/1298/2630 2634/1301/2633 2633/1299/2632
f 153/1254/153 1069/1252/1069 2626/1293/2625 1087/1302/1087
f 1069/1252/1069 1070/1251/1070 2627/1294/2626 2626/1293/2625
f 1070/1251/1070 1071/1250/1071 2628/1297/2627 2627/1294/2626
f 1071/1250/1071 157/665/157 1105/1291/1105 2628/1297/2627
f 2628/1297/2627 1105/1291/1105 1106/1290/1106 2631/1298/2630
f 2631/1298/2630 1106/1290/1106 1107/1303/1107 2634/1301/2633
f 2634/1301/2633 1107/1303/1107 158/547/158 1111/1240/1111
f 2633/1299/2632 2634/1301/2633 1111/1240/1111 1112/1239/1112
f 2632/1300/2631 2633/1299/2632 1112/1239/1112 1113/1238/1113
f 1089/1279/1089 2632/1300/2631 1113/1238/1113 155/586/155
f 1088/1304/1088 2629/1296/2628 2632/1300/2631 1089/1279/1089
f 1087/1302/1087 2626/1293/2625 2629/1296/2628 1088/1304/1088
f 2635/1305/2634 2636/1292/2635 2639/602/2638 2638/1306/2637
f 2636/1292/2635 2637/1292/2636 2640/602/2639 2639/602/2638
f 2638/1306/2637 2639/602/2638 2642/561/2641 2641/1307/2640
f 2639/602/2638 2640/602/2639 2643/704/2642 2642/561/2641
f 57/211/57 498/559/498 2635/1305/2634 1041/1215/1041
f 498/559/498 497/559/497 2636/1292/2635 2635/1305/2634
f 497/559/497 496/559/496 2637/1292/2636 2636/1292/2635
f 496/559/496 74/211/74 1095/1292/1095 2637/1292/2636
f 2637/1292/2636 1095/1292/1095 1094/602/1094 2640/602/2639
f 2640/602/2639 1094/602/1094 1093/704/1093 2643/704/2642
f 2643/704/2642 1093/704/1093 156/547/156 1108/645/1108
f 2642/561/2641 2643/704/2642 1108/645/1108 1109/574/1109
f 2641/1307/2640 2642/561/2641 1109/574/1109 1110/574/1110
f 1039/1217/1039 2641/1307/2640 1110/574/1110 149/576/149
f 1040/1216/1040 2638/1306/2637 2641/1307/2640 1039/1217/1039
f 1041/1215/1041 2635/1305/2634 2638/1306/2637 1040/1216/1040
f 2644/1207/2643 2645/1208/2644 2648/594/2647 2647/1308/2646
f 2645/1208/2644 2646/1207/2645 2649/1209/2648 2648/594/2647
f 2647/1308/2646 2648/594/2647 2651/1309/2650 2650/1213/2649
f 2648/594/2647 2649/1209/2648 2652/1310/2651 2651/1309/2650
f 53/565/53 477/559/477 2644/1207/2643 1026/563/1026
f 477/559/477 476/559/476 2645/1208/2644 2644/1207/2643
f 476/559/476 475/559/475 2646/1207/2645 2645/1208/2644
f 475/559/475 65/564/65 1122/601/1122 2646/1207/2645
f 2646/1207/2645 1122/601/1122 1121/602/1121 2649/1209/2648
f 2649/1209/2648 1121/602/1121 1120/603/1120 2652/1310/2651
f 2652/1310/2651 1120/603/1120 160/586/160 1045/1204/1045
f 2651/1309/2650 2652/1310/2651 1045/1204/1045 1046/1311/1046
f 2650/1213/2649 2651/1309/2650 1046/1311/1046 1047/1204/1047
f 1024/561/1024 2650/1213/2649 1047/1204/1047 147/547/147
f 1025/562/1025 2647/1308/2646 2650/1213/2649 1024/561/1024
f 1026/563/1026 2644/1207/2643 2647/1308/2646 1025/562/1025
f 2653/1200/2652 2654/1199/2653 2657/1312/2656 2656/583/2655
f 2654/1199/2653 2655/1200/2654 2658/583/2657 2657/1312/2656
f 2656/583/2655 2657/1312/2656 2660/582/2659 2659/1202/2658
f 2657/1312/2656 2658/583/2657 2661/1313/2660 2660/582/2659
f 147/547/147 1047/1204/1047 2653/1200/2652 1023/570/1023
f 1047/1204/1047 1046/1311/1046 2654/1199/2653 2653/1200/2652
f 1046/1311/1046 1045/1204/1045 2655/1200/2654 2654/1199/2653
f 1045/1204/1045 160/586/160 1125/570/1125 2655/1200/2654
f 2655/1200/2654 1125/570/1125 1124/699/1124 2658/583/2657
f 2658/583/2657 1124/699/1124 1123/1206/1123 2661/1313/2660
f 2661/1313/2660 1123/1206/1123 159/102/159 1042/525/1042
f 2660/582/2659 2661/1313/2660 1042/525/1042 1043/102/1043
f 2659/1202/2658 2660/582/2659 1043/102/1043 1044/102/1044
f 1021/571/1021 2659/1202/2658 1044/102/1044 146/243/146
f 1022/699/1022 2656/583/2655 2659/1202/2658 1021/571/1021
f 1023/570/1023 2653/1200/2652 2656/583/2655 1022/699/1022
f 2662/694/2661 2663/1264/2662 2666/1265/2665 2665/688/2664
f 2663/1264/2662 2664/694/2663 2667/688/2666 2666/1265/2665
f 2665/688/2664 2666/1265/2665 2669/1266/2668 2668/1314/2667
f 2666/1265/2665 2667/688/2666 2670/691/2669 2669/1266/2668
f 146/243/146 1044/102/1044 2662/694/2661 1020/519/1020
f 1044/102/1044 1043/102/1043 2663/1264/2662 2662/694/2661
f 1043/102/1043 1042/525/1042 2664/694/2663 2663/1264/2662
f 1042/525/1042 159/102/159 1128/1158/1128 2664/694/2663
f 2664/694/2663 1128/1158/1128 1127/518/1127 2667/688/2666
f 2667/688/2666 1127/518/1127 1126/521/1126 2670/691/2669
f 2670/691/2669 1126/521/1126 79/529/79 612/695/612
f 2669/1266/2668 2670/691/2669 612/695/612 611/696/611
f 2668/1314/2667 2669/1266/2668 611/696/611 610/1268/610
f 1018/521/1018 2668/1314/2667 610/1268/610 54/40/54
f 1019/518/1019 2665/688/2664 2668/1314/2667 1018/521/1018
f 1020/519/1020 2662/694/2661 2665/688/2664 1019/518/1019
f 2671/1315/2670 2672/751/2671 2675/406/2674 2674/333/2673
f 2672/751/2671 2673/1315/2672 2676/333/2675 2675/406/2674
f 2674/333/2673 2675/406/2674 2678/1316/2677 2677/752/2676
f 2675/406/2674 2676/333/2675 2679/754/2678 2678/1316/2677
f 162/755/162 1135/757/1135 2671/1315/2670 1131/756/1131
f 1135/757/1135 1136/762/1136 2672/751/2671 2671/1315/2670
f 1136/762/1136 1137/761/1137 2673/1315/2672 2672/751/2671
f 1137/761/1137 164/755/164 1134/1317/1134 2673/1315/2672
f 2673/1315/2672 1134/1317/1134 1133/333/1133 2676/333/2675
f 2676/333/2675 1133/333/1133 1132/1318/1132 2679/754/2678
f 2679/754/2678 1132/1318/1132 163/334/163 1138/1319/1138
f 2678/1316/2677 2679/754/2678 1138/1319/1138 1139/363/1139
f 2677/752/2676 2678/1316/2677 1139/363/1139 1140/1319/1140
f 1129/1318/1129 2677/752/2676 1140/1319/1140 161/364/161
f 1130/406/1130 2674/333/2673 2677/752/2676 1129/1318/1129
f 1131/756/1131 2671/1315/2670 2674/333/2673 1130/406/1130
f 2680/1320/2679 2681/766/2680 2684/839/2683 2683/1080/2682
f 2681/766/2680 2682/1321/2681 2685/765/2684 2684/839/2683
f 2683/1080/2682 2684/839/2683 2687/786/2686 2686/1322/2685
f 2684/839/2683 2685/765/2684 2688/787/2687 2687/786/2686
f 128/259/128 1141/1063/1141 2680/1320/2679 901/1051/901
f 1141/1063/1141 1142/365/1142 2681/766/2680 2680/1320/2679
f 1142/365/1142 1143/1062/1143 2682/1321/2681 2681/766/2680
f 1143/1062/1143 163/334/163 1132/760/1132 2682/1321/2681
f 2682/1321/2681 1132/760/1132 1133/765/1133 2685/765/2684
f 2685/765/2684 1133/765/1133 1134/1323/1134 2688/787/2687
f 2688/787/2687 1134/1323/1134 164/755/164 1149/773/1149
f 2687/786/2686 2688/787/2687 1149/773/1149 1148/772/1148
f 2686/1322/2685 2687/786/2686 1148/772/1148 1147/1324/1147
f 903/1053/903 2686/1322/2685 1147/1324/1147 129/296/129
f 902/765/902 2683/1080/2682 2686/1322/2685 903/1053/903
f 901/1051/901 2680/1320/2679 2683/1080/2682 902/765/902
f 2689/1325/2688 2690/1326/2689 2693/1327/2692 2692/1328/2691
f 2690/1326/2689 2691/782/2690 2694/1329/2693 2693/1327/2692
f 2692/1328/2691 2693/1327/2692 2696/1330/2695 2695/779/2694
f 2693/1327/2692 2694/1329/2693 2697/782/2696 2696/1330/2695
f 129/296/129 1147/1324/1147 2689/1325/2688 906/1026/906
f 1147/1324/1147 1148/772/1148 2690/1326/2689 2689/1325/2688
f 1148/772/1148 1149/773/1149 2691/782/2690 2690/1326/2689
f 1149/773/1149 164/755/164 1137/1331/1137 2691/782/2690
f 2691/782/2690 1137/1331/1137 1136/1332/1136 2694/1329/2693
f 2694/1329/2693 1136/1332/1136 1135/761/1135 2697/782/2696
f 2697/782/2696 1135/761/1135 162/755/162 1152/773/1152
f 2696/1330/2695 2697/782/2696 1152/773/1152 1151/1333/1151
f 2695/779/2694 2696/1330/2695 1151/1333/1151 1150/1324/1150
f 904/1028/904 2695/779/2694 1150/1324/1150 127/296/127
f 905/1027/905 2692/1328/2691 2695/779/2694 904/1028/904
f 906/1026/906 2689/1325/2688 2692/1328/2691 905/1027/905
f 2698/1334/2697 2699/768/2698 2702/765/2701 2701/839/2700
f 2699/768/2698 2700/1335/2699 2703/333/2702 2702/765/2701
f 2701/839/2700 2702/765/2701 2705/1336/2704 2704/1337/2703
f 2702/765/2701 2703/333/2702 2706/769/2705 2705/1336/2704
f 127/296/127 1150/1324/1150 2698/1334/2697 900/1053/900
f 1150/1324/1150 1151/1333/1151 2699/768/2698 2698/1334/2697
f 1151/1333/1151 1152/773/1152 2700/1335/2699 2699/768/2698
f 1152/773/1152 162/755/162 1131/756/1131 2700/1335/2699
f 2700/1335/2699 1131/756/1131 1130/406/1130 2703/333/2702
f 2703/333/2702 1130/406/1130 1129/1318/1129 2706/769/2705
f 2706/769/2705 1129/1318/1129 161/364/161 1144/361/1144
f 2705/1336/2704 2706/769/2705 1144/361/1144 1145/1060/1145
f 2704/1337/2703 2705/1336/2704 1145/1060/1145 1146/1058/1146
f 898/1070/898 2704/1337/2703 1146/1058/1146 126/377/126
f 899/333/899 2701/839/2700 2704/1337/2703 898/1070/898
f 900/1053/900 2698/1334/2697 2701/839/2700 899/333/899
f 2707/788/2706 2708/1338/2707 2711/1339/2710 2710/789/2709
f 2708/1338/2707 2709/795/2708 2712/789/2711 2711/1339/2710
f 2710/789/2709 2711/1339/2710 2714/1340/2713 2713/1341/2712
f 2711/1339/2710 2712/789/2711 2715/792/2714 2714/1340/2713
f 124/259/124 1162/1011/1162 2707/788/2706 877/1052/877
f 1162/1011/1162 1163/259/1163 2708/1338/2707 2707/788/2706
f 1163/259/1163 1164/1011/1164 2709/795/2708 2708/1338/2707
f 1164/1011/1164 168/259/168 1167/1052/1167 2709/795/2708
f 2709/795/2708 1167/1052/1167 1166/386/1166 2712/789/2711
f 2712/789/2711 1166/386/1166 1165/1077/1165 2715/792/2714
f 2715/792/2714 1165/1077/1165 166/288/166 913/834/913
f 2714/1340/2713 2715/792/2714 913/834/913 914/797/914
f 2713/1341/2712 2714/1340/2713 914/797/914 915/804/915
f 879/349/879 2713/1341/2712 915/804/915 125/321/125
f 878/386/878 2710/789/2709 2713/1341/2712 879/349/879
f 877/1052/877 2707/788/2706 2710/789/2709 878/386/878
f 2716/245/2715 2717/1342/2716 2720/247/2719 2719/1343/2718
f 2717/1342/2716 2718/252/2717 2721/1344/2720 2720/247/2719
f 2719/1343/2718 2720/247/2719 2723/1345/2722 2722/1346/2721
f 2720/247/2719 2721/1344/2720 2724/1347/2723 2723/1345/2722
f 122/254/122 1159/1348/1159 2716/245/2715 885/255/885
f 1159/1348/1159 1160/1349/1160 2717/1342/2716 2716/245/2715
f 1160/1349/1160 1161/1350/1161 2718/252/2717 2717/1342/2716
f 1161/1350/1161 167/377/167 1170/1059/1170 2718/252/2717
f 2718/252/2717 1170/1059/1170 1169/262/1169 2721/1344/2720
f 2721/1344/2720 1169/262/1169 1168/1059/1168 2724/1347/2723
f 2724/1347/2723 1168/1059/1168 168/259/168 1164/1011/1164
f 2723/1345/2722 2724/1347/2723 1164/1011/1164 1163/259/1163
f 2722/1346/2721 2723/1345/2722 1163/259/1163 1162/1011/1162
f 883/1010/883 2722/1346/2721 1162/1011/1162 124/259/124
f 884/257/884 2719/1343/2718 2722/1346/2721 883/1010/883
f 885/255/885 2716/245/2715 2719/1343/2718 884/257/884
f 2725/1351/2724 2726/326/2725 2729/340/2728 2728/1352/2727
f 2726/326/2725 2727/330/2726 2730/344/2729 2729/340/2728
f 2728/1352/2727 2729/340/2728 2732/1353/2731 2731/1354/2730
f 2729/340/2728 2730/344/2729 2733/331/2732 2732/1353/2731
f 123/414/123 1153/1355/1153 2725/1351/2724 876/755/876
f 1153/1355/1153 1154/1356/1154 2726/326/2725 2725/1351/2724
f 1154/1356/1154 1155/1357/1155 2727/330/2726 2726/326/2725
f 1155/1357/1155 165/288/165 1173/337/1173 2727/330/2726
f 2727/330/2726 1173/337/1173 1172/336/1172 2730/344/2729
f 2730/344/2729 1172/336/1172 1171/1072/1171 2733/331/2732
f 2733/331/2732 1171/1072/1171 167/377/167 1161/1350/1161
f 2732/1353/2731 2733/331/2732 1161/1350/1161 1160/1349/1160
f 2731/1354/2730 2732/1353/2731 1160/1349/1160 1159/1348/1159
f 874/334/874 2731/1354/2730 1159/1348/1159 122/254/122
f 875/839/875 2728/1352/2727 2731/1354/2730 874/334/874
f 876/755/876 2725/1351/2724 2728/1352/2727 875/839/875
f 2734/1358/2733 2735/1359/2734 2738/809/2737 2737/808/2736
f 2735/1359/2734 2736/1360/2735 2739/1361/2738 2738/809/2737
f 2737/808/2736 2738/809/2737 2741/1362/2740 2740/811/2739
f 2738/809/2737 2739/1361/2738 2742/1363/2741 2741/1362/2740
f 165/288/165 1194/825/1194 2734/1358/2733 1174/319/1174
f 1194/825/1194 1193/815/1193 2735/1359/2734 2734/1358/2733
f 1193/815/1193 1192/1364/1192 2736/1360/2735 2735/1359/2734
f 1192/1364/1192 172/817/172 1186/819/1186 2736/1360/2735
f 2736/1360/2735 1186/819/1186 1187/817/1187 2739/1361/2738
f 2739/1361/2738 1187/817/1187 1188/819/1188 2742/1363/2741
f 2742/1363/2741 1188/819/1188 171/817/171 1191/1365/1191
f 2741/1362/2740 2742/1363/2741 1191/1365/1191 1190/815/1190
f 2740/811/2739 2741/1362/2740 1190/815/1190 1189/814/1189
f 1176/289/1176 2740/811/2739 1189/814/1189 166/288/166
f 1175/291/1175 2737/808/2736 2740/811/2739 1176/289/1176
f 1174/319/1174 2734/1358/2733 2737/808/2736 1175/291/1175
f 2743/818/2742 2744/823/2743 2747/822/2746 2746/411/2745
f 2744/823/2743 2745/823/2744 2748/823/2747 2747/822/2746
f 2746/411/2745 2747/822/2746 2750/817/2749 2749/822/2748
f 2747/822/2746 2748/823/2747 2751/817/2750 2750/817/2749
f 169/817/169 1218/411/1218 2743/818/2742 1183/819/1183
f 1218/411/1218 1217/817/1217 2744/823/2743 2743/818/2742
f 1217/817/1217 1216/817/1216 2745/823/2744 2744/823/2743
f 1216/817/1216 173/822/173 1207/817/1207 2745/823/2744
f 2745/823/2744 1207/817/1207 1208/817/1208 2748/823/2747
f 2748/823/2747 1208/817/1208 1209/817/1209 2751/817/2750
f 2751/817/2750 1209/817/1209 176/822/176 1215/817/1215
f 2750/817/2749 2751/817/2750 1215/817/1215 1214/817/1214
f 2749/822/2748 2750/817/2749 1214/817/1214 1213/411/1213
f 1185/819/1185 2749/822/2748 1213/411/1213 172/817/172
f 1184/817/1184 2746/411/2745 2749/822/2748 1185/819/1185
f 1183/819/1183 2743/818/2742 2746/411/2745 1184/817/1184
f 2752/1366/2751 2753/1367/2752 2756/1368/2755 2755/1369/2754
f 2753/1367/2752 2754/1370/2753 2757/1371/2756 2756/1368/2755
f 2755/1369/2754 2756/1368/2755 2759/1372/2758 2758/1373/2757
f 2756/1368/2755 2757/1371/2756 2760/1374/2759 2759/1372/2758
f 125/321/125 1200/825/1200 2752/1366/2751 882/814/882
f 1200/825/1200 1199/815/1199 2753/1367/2752 2752/1366/2751
f 1199/815/1199 1198/1364/1198 2754/1370/2753 2753/1367/2752
f 1198/1364/1198 170/817/170 1179/819/1179 2754/1370/2753
f 2754/1370/2753 1179/819/1179 1178/817/1178 2757/1371/2756
f 2757/1371/2756 1178/817/1178 1177/819/1177 2760/1374/2759
f 2760/1374/2759 1177/819/1177 169/817/169 1197/1375/1197
f 2759/1372/2758 2760/1374/2759 1197/1375/1197 1196/1376/1196
f 2758/1373/2757 2759/1372/2758 1196/1376/1196 1195/1377/1195
f 880/1043/880 2758/1373/2757 1195/1377/1195 123/414/123
f 881/815/881 2755/1369/2754 2758/1373/2757 880/1043/880
f 882/814/882 2752/1366/2751 2755/1369/2754 881/815/881
f 2761/830/2760 2762/1378/2761 2765/828/2764 2764/827/2763
f 2762/1378/2761 2763/1379/2762 2766/1380/2765 2765/828/2764
f 2764/827/2763 2765/828/2764 2768/1381/2767 2767/830/2766
f 2765/828/2764 2766/1380/2765 2769/1382/2768 2768/1381/2767
f 166/288/166 1189/814/1189 2761/830/2760 913/796/913
f 1189/814/1189 1190/815/1190 2762/1378/2761 2761/830/2760
f 1190/815/1190 1191/1365/1191 2763/1379/2762 2762/1378/2761
f 1191/1365/1191 171/817/171 1180/819/1180 2763/1379/2762
f 2763/1379/2762 1180/819/1180 1181/817/1181 2766/1380/2765
f 2766/1380/2765 1181/817/1181 1182/837/1182 2769/1382/2768
f 2769/1382/2768 1182/837/1182 170/817/170 1198/1364/1198
f 2768/1381/2767 2769/1382/2768 1198/1364/1198 1199/815/1199
f 2767/830/2766 2768/1381/2767 1199/815/1199 1200/825/1200
f 915/834/915 2767/830/2766 1200/825/1200 125/321/125
f 914/1383/914 2764/827/2763 2767/830/2766 915/834/915
f 913/796/913 2761/830/2760 2764/827/2763 914/1383/914
f 2770/1384/2769 2771/1385/2770 2774/1386/2773 2773/1387/2772
f 2771/1385/2770 2772/1388/2771 2775/1389/2774 2774/1386/2773
f 2773/1387/2772 2774/1386/2773 2777/1390/2776 2776/1391/2775
f 2774/1386/2773 2775/1389/2774 2778/1392/2777 2777/1390/2776
f 123/414/123 1195/1377/1195 2770/1384/2769 1153/1355/1153
f 1195/1377/1195 1196/1376/1196 2771/1385/2770 2770/1384/2769
f 1196/1376/1196 1197/1375/1197 2772/1388/2771 2771/1385/2770
f 1197/1375/1197 169/817/169 1183/819/1183 2772/1388/2771
f 2772/1388/2771 1183/819/1183 1184/817/1184 2775/1389/2774
f 2775/1389/2774 1184/817/1184 1185/819/1185 2778/1392/2777
f 2778/1392/2777 1185/819/1185 172/817/172 1192/1364/1192
f 2777/1390/2776 2778/1392/2777 1192/1364/1192 1193/815/1193
f 2776/1391/2775 2777/1390/2776 1193/815/1193 1194/825/1194
f 1155/315/1155 2776/1391/2775 1194/825/1194 165/288/165
f 1154/1393/1154 2773/1387/2772 2776/1391/2775 1155/315/1155
f 1153/1355/1153 2770/1384/2769 2773/1387/2772 1154/1393/1154
f 2779/817/2778 2780/817/2779 2783/414/2782 2782/817/2781
f 2780/817/2779 2781/823/2780 2784/823/2783 2783/414/2782
f 2782/817/2781 2783/414/2782 2786/823/2785 2785/823/2784
f 2783/414/2782 2784/823/2783 2787/817/2786 2786/823/2785
f 174/822/174 1206/817/1206 2779/817/2778 1203/817/1203
f 1206/817/1206 1205/817/1205 2780/817/2779 2779/817/2778
f 1205/817/1205 1204/817/1204 2781/823/2780 2780/817/2779
f 1204/817/1204 175/822/175 1212/817/1212 2781/823/2780
f 2781/823/2780 1212/817/1212 1211/817/1211 2784/823/2783
f 2784/823/2783 1211/817/1211 1210/817/1210 2787/817/2786
f 2787/817/2786 1210/817/1210 176/822/176 1209/817/1209
f 2786/823/2785 2787/817/2786 1209/817/1209 1208/817/1208
f 2785/823/2784 2786/823/2785 1208/817/1208 1207/817/1207
f 1201/817/1201 2785/823/2784 1207/817/1207 173/822/173
f 1202/817/1202 2782/817/2781 2785/823/2784 1201/817/1201
f 1203/817/1203 2779/817/2778 2782/817/2781 1202/817/1202
f 2788/818/2787 2789/817/2788 2792/817/2791 2791/411/2790
f 2789/817/2788 2790/817/2789 2793/823/2792 2792/817/2791
f 2791/411/2790 2792/817/2791 2795/817/2794 2794/822/2793
f 2792/817/2791 2793/823/2792 2796/817/2795 2795/817/2794
f 170/817/170 1221/411/1221 2788/818/2787 1179/819/1179
f 1221/411/1221 1220/817/1220 2789/817/2788 2788/818/2787
f 1220/817/1220 1219/817/1219 2790/817/2789 2789/817/2788
f 1219/817/1219 174/822/174 1203/817/1203 2790/817/2789
f 2790/817/2789 1203/817/1203 1202/817/1202 2793/823/2792
f 2793/823/2792 1202/817/1202 1201/817/1201 2796/817/2795
f 2796/817/2795 1201/817/1201 173/822/173 1216/817/1216
f 2795/817/2794 2796/817/2795 1216/817/1216 1217/817/1217
f 2794/822/2793 2795/817/2794 1217/817/1217 1218/411/1218
f 1177/819/1177 2794/822/2793 1218/411/1218 169/817/169
f 1178/817/1178 2791/411/2790 2794/822/2793 1177/819/1177
f 1179/819/1179 2788/818/2787 2791/411/2790 1178/817/1178
f 2797/818/2796 2798/823/2797 2801/817/2800 2800/411/2799
f 2798/823/2797 2799/817/2798 2802/823/2801 2801/817/2800
f 2800/411/2799 2801/817/2800 2804/817/2803 2803/822/2802
f 2801/817/2800 2802/823/2801 2805/817/2804 2804/817/2803
f 172/817/172 1213/411/1213 2797/818/2796 1186/819/1186
f 1213/411/1213 1214/817/1214 2798/823/2797 2797/818/2796
f 1214/817/1214 1215/817/1215 2799/817/2798 2798/823/2797
f 1215/817/1215 176/822/176 1210/817/1210 2799/817/2798
f 2799/817/2798 1210/817/1210 1211/817/1211 2802/823/2801
f 2802/823/2801 1211/817/1211 1212/817/1212 2805/817/2804
f 2805/817/2804 1212/817/1212 175/822/175 1224/817/1224
f 2804/817/2803 2805/817/2804 1224/817/1224 1223/817/1223
f 2803/822/2802 2804/817/2803 1223/817/1223 1222/411/1222
f 1188/819/1188 2803/822/2802 1222/411/1222 171/817/171
f 1187/817/1187 2800/411/2799 2803/822/2802 1188/819/1188
f 1186/819/1186 2797/818/2796 2800/411/2799 1187/817/1187
f 2806/818/2805 2807/823/2806 2810/817/2809 2809/835/2808
f 2807/823/2806 2808/817/2807 2811/817/2810 2810/817/2809
f 2809/835/2808 2810/817/2809 2813/817/2812 2812/822/2811
f 2810/817/2809 2811/817/2810 2814/817/2813 2813/817/2812
f 171/817/171 1222/411/1222 2806/818/2805 1180/819/1180
f 1222/411/1222 1223/817/1223 2807/823/2806 2806/818/2805
f 1223/817/1223 1224/817/1224 2808/817/2807 2807/823/2806
f 1224/817/1224 175/822/175 1204/817/1204 2808/817/2807
f 2808/817/2807 1204/817/1204 1205/817/1205 2811/817/2810
f 2811/817/2810 1205/817/1205 1206/817/1206 2814/817/2813
f 2814/817/2813 1206/817/1206 174/822/174 1219/817/1219
f 2813/817/2812 2814/817/2813 1219/817/1219 1220/817/1220
f 2812/822/2811 2813/817/2812 1220/817/1220 1221/411/1221
f 1182/837/1182 2812/822/2811 1221/411/1221 170/817/170
f 1181/817/1181 2809/835/2808 2812/822/2811 1182/837/1182
f 1180/819/1180 2806/818/2805 2809/835/2808 1181/817/1181
f 2815/838/2814 2816/1394/2815 2819/839/2818 2818/843/2817
f 2816/1394/2815 2817/841/2816 2820/843/2819 2819/839/2818
f 2818/843/2817 2819/839/2818 2822/840/2821 2821/840/2820
f 2819/839/2818 2820/843/2819 2823/348/2822 2822/840/2821
f 130/259/130 1225/380/1225 2815/838/2814 936/1395/936
f 1225/380/1225 1226/1071/1226 2816/1394/2815 2815/838/2814
f 1226/1071/1226 1227/259/1227 2817/841/2816 2816/1394/2815
f 1227/259/1227 177/259/177 1239/1395/1239 2817/841/2816
f 2817/841/2816 1239/1395/1239 1238/1396/1238 2820/843/2819
f 2820/843/2819 1238/1396/1238 1237/848/1237 2823/348/2822
f 2823/348/2822 1237/848/1237 180/296/180 931/296/931
f 2822/840/2821 2823/348/2822 931/296/931 932/1397/932
f 2821/840/2820 2822/840/2821 932/1397/932 933/1398/933
f 934/844/934 2821/840/2820 933/1398/933 133/296/133
f 935/1399/935 2818/843/2817 2821/840/2820 934/844/934
f 936/1395/936 2815/838/2814 2818/843/2817 935/1399/935
f 2824/1400/2823 2825/1401/2824 2828/333/2827 2827/843/2826
f 2825/1401/2824 2826/1083/2825 2829/333/2828 2828/333/2827
f 2827/843/2826 2828/333/2827 2831/1402/2830 2830/1403/2829
f 2828/333/2827 2829/333/2828 2832/1404/2831 2831/1402/2830
f 132/296/132 1228/1095/1228 2824/1400/2823 939/1053/939
f 1228/1095/1228 1229/1405/1229 2825/1401/2824 2824/1400/2823
f 1229/1405/1229 1230/1406/1230 2826/1083/2825 2825/1401/2824
f 1230/1406/1230 178/312/178 1242/332/1242 2826/1083/2825
f 2826/1083/2825 1242/332/1242 1241/333/1241 2829/333/2828
f 2829/333/2828 1241/333/1241 1240/334/1240 2832/1404/2831
f 2832/1404/2831 1240/334/1240 179/254/179 925/1407/925
f 2831/1402/2830 2832/1404/2831 925/1407/925 926/1408/926
f 2830/1403/2829 2831/1402/2830 926/1408/926 927/1350/927
f 937/1070/937 2830/1403/2829 927/1350/927 131/377/131
f 938/333/938 2827/843/2826 2830/1403/2829 937/1070/937
f 939/1053/939 2824/1400/2823 2827/843/2826 938/333/938
f 2833/1409/2832 2834/1410/2833 2837/1411/2836 2836/1412/2835
f 2834/1410/2833 2835/1102/2834 2838/1413/2837 2837/1411/2836
f 2836/1412/2835 2837/1411/2836 2840/1414/2839 2839/1415/2838
f 2837/1411/2836 2838/1413/2837 2841/1416/2840 2840/1414/2839
f 133/296/133 933/1417/933 2833/1409/2832 942/1026/942
f 933/1417/933 932/296/932 2834/1410/2833 2833/1409/2832
f 932/296/932 931/1417/931 2835/1102/2834 2834/1410/2833
f 931/1417/931 180/296/180 1245/1041/1245 2835/1102/2834
f 2835/1102/2834 1245/1041/1245 1244/310/1244 2838/1413/2837
f 2838/1413/2837 1244/310/1244 1243/1044/1243 2841/1416/2840
f 2841/1416/2840 1243/1044/1243 178/312/178 1230/1406/1230
f 2840/1414/2839 2841/1416/2840 1230/1406/1230 1229/1405/1229
f 2839/1415/2838 2840/1414/2839 1229/1405/1229 1228/1095/1228
f 940/1028/940 2839/1415/2838 1228/1095/1228 132/296/132
f 941/1027/941 2836/1412/2835 2839/1415/2838 940/1028/940
f 942/1026/942 2833/1409/2832 2836/1412/2835 941/1027/941
f 2842/1418/2841 2843/1419/2842 2846/1420/2845 2845/1421/2844
f 2843/1419/2842 2844/245/2843 2847/1343/2846 2846/1420/2845
f 2845/1421/2844 2846/1420/2845 2849/1345/2848 2848/1422/2847
f 2846/1420/2845 2847/1343/2846 2850/1346/2849 2849/1345/2848
f 131/377/131 927/1350/927 2842/1418/2841 945/1059/945
f 927/1350/927 926/1408/926 2843/1419/2842 2842/1418/2841
f 926/1408/926 925/1407/925 2844/245/2843 2843/1419/2842
f 925/1407/925 179/254/179 1248/1009/1248 2844/245/2843
f 2844/245/2843 1248/1009/1248 1247/257/1247 2847/1343/2846
f 2847/1343/2846 1247/257/1247 1246/1010/1246 2850/1346/2849
f 2850/1346/2849 1246/1010/1246 177/259/177 1227/1011/1227
f 2849/1345/2848 2850/1346/2849 1227/1011/1227 1226/259/1226
f 2848/1422/2847 2849/1345/2848 1226/259/1226 1225/1011/1225
f 943/1059/943 2848/1422/2847 1225/1011/1225 130/259/130
f 944/262/944 2845/1421/2844 2848/1422/2847 943/1059/943
f 945/1059/945 2842/1418/2841 2845/1421/2844 944/262/944
